ISO-10303-21;
HEADER;
FILE_DESCRIPTION (( 'STEP AP214' ),
    '1' );
FILE_NAME ('CUI_DEVICES_TB005-762-12BE.step',
    '2019-10-21T17:50:56',
    ( '' ),
    ( '' ),
    'SwSTEP 2.0',
    'SolidWorks 2019',
    '' );
FILE_SCHEMA (( 'AUTOMOTIVE_DESIGN' ));
ENDSEC;

DATA;
#1 = LINE ( 'NONE', #4870, #4066 ) ;
#2 = DIRECTION ( 'NONE',  ( 0.0000000000000000000, 1.000000000000000000, 0.0000000000000000000 ) ) ;
#3 = CARTESIAN_POINT ( 'NONE',  ( 2.189999999999999947, 0.0000000000000000000, 11.42999999999999972 ) ) ;
#4 = CARTESIAN_POINT ( 'NONE',  ( 6.599999999999998757, 17.25000000000000000, 5.270000000000000462 ) ) ;
#5 = ORIENTED_EDGE ( 'NONE', *, *, #4533, .T. ) ;
#6 = CARTESIAN_POINT ( 'NONE',  ( 8.163359049252656874, 11.60147827721596414, -7.211799725105596970 ) ) ;
#7 = CARTESIAN_POINT ( 'NONE',  ( 6.199999999999999289, 18.75000000000000000, 7.620000000000000107 ) ) ;
#8 = CARTESIAN_POINT ( 'NONE',  ( 10.59999999999999964, 11.05000000000000071, 11.42999999999999972 ) ) ;
#9 = CARTESIAN_POINT ( 'NONE',  ( 8.250000000000000000, 0.0000000000000000000, -11.42999999999999972 ) ) ;
#10 = CARTESIAN_POINT ( 'NONE',  ( 6.191799725105602725, 16.26814494388263199, -1.563359049252663002 ) ) ;
#11 = CARTESIAN_POINT ( 'NONE',  ( 7.008200274894363702, 12.72647827721596592, 6.056640950747325114 ) ) ;
#12 = LINE ( 'NONE', #8893, #550 ) ;
#13 = SURFACE_STYLE_USAGE ( .BOTH. , #9913 ) ;
#14 = FACE_OUTER_BOUND ( 'NONE', #2854, .T. ) ;
#15 = FILL_AREA_STYLE ('',( #837 ) ) ;
#16 = CARTESIAN_POINT ( 'NONE',  ( 7.500000000000000888, -3.750000000000010214, -7.120000000000000107 ) ) ;
#18 = ORIENTED_EDGE ( 'NONE', *, *, #10179, .F. ) ;
#17 = CARTESIAN_POINT ( 'NONE',  ( 6.600000000000000533, 17.26396121657894867, 9.969756306058135564 ) ) ;
#19 = CARTESIAN_POINT ( 'NONE',  ( 4.099999999999999645, 21.69999999999999929, 0.0000000000000000000 ) ) ;
#20 = VERTEX_POINT ( 'NONE', #1440 ) ;
#21 = CARTESIAN_POINT ( 'NONE',  ( 3.250000000000000000, 17.19999999999999929, 11.42999999999999972 ) ) ;
#22 = DIRECTION ( 'NONE',  ( 0.0000000000000000000, -0.7071067811865480168, -0.7071067811865470176 ) ) ;
#23 = DIRECTION ( 'NONE',  ( 0.0000000000000000000, 0.0000000000000000000, -1.000000000000000000 ) ) ;
#24 = EDGE_CURVE ( 'NONE', #1201, #10234, #5373, .T. ) ;
#25 = DIRECTION ( 'NONE',  ( 0.4999999999999999445, 0.0000000000000000000, -0.8660254037844387076 ) ) ;
#26 = EDGE_CURVE ( 'NONE', #8008, #10564, #1292, .T. ) ;
#27 = CARTESIAN_POINT ( 'NONE',  ( 11.29999999999999716, 17.25698273513599901, -2.349999999999999645 ) ) ;
#28 = MECHANICAL_DESIGN_GEOMETRIC_PRESENTATION_REPRESENTATION (  '', ( #7226 ), #1410 ) ;
#29 = DIRECTION ( 'NONE',  ( 1.192092219436216154E-16, 0.2290393337206127755, -0.9734171683347371262 ) ) ;
#30 = PLANE ( 'NONE',  #8892 ) ;
#32 = ORIENTED_EDGE ( 'NONE', *, *, #3985, .F. ) ;
#31 = CARTESIAN_POINT ( 'NONE',  ( 5.206020063032071654, 14.39568809514516445, 0.8164005497887854013 ) ) ;
#33 = CARTESIAN_POINT ( 'NONE',  ( 5.783056366656098568, 16.93735476181180033, -6.226020063032071228 ) ) ;
#34 = CARTESIAN_POINT ( 'NONE',  ( 6.904877320405791608, 12.27138873565663246, -6.452355715851502360 ) ) ;
#35 = VERTEX_POINT ( 'NONE', #6310 ) ;
#36 = CARTESIAN_POINT ( 'NONE',  ( 5.036640950747335310, 16.35147827721596769, -8.028200274894395250 ) ) ;
#37 = VECTOR ( 'NONE', #4421, 1000.000000000000000 ) ;
#38 = DIRECTION ( 'NONE',  ( -0.0000000000000000000, 0.0000000000000000000, 1.000000000000000000 ) ) ;
#39 = ADVANCED_FACE ( 'NONE', ( #5526 ), #30, .F. ) ;
#40 = CARTESIAN_POINT ( 'NONE',  ( 6.599999999999999645, 17.27092694210341506, 0.0000000000000000000 ) ) ;
#41 = CARTESIAN_POINT ( 'NONE',  ( 8.163359049252658650, 14.58318809514516445, 8.028200274894402355 ) ) ;
#42 = EDGE_CURVE ( 'NONE', #1026, #1124, #7845, .T. ) ;
#43 = PLANE ( 'NONE',  #216 ) ;
#44 = CARTESIAN_POINT ( 'NONE',  ( 5.558861877317067268, 11.08388873565663069, 7.010245359188443715 ) ) ;
#45 = VECTOR ( 'NONE', #6512, 1000.000000000000000 ) ;
#46 = ORIENTED_EDGE ( 'NONE', *, *, #979, .F. ) ;
#47 = VECTOR ( 'NONE', #847, 1000.000000000000114 ) ;
#48 = CARTESIAN_POINT ( 'NONE',  ( 5.157438894810336905, 21.39999999999999858, 3.023494246363631177 ) ) ;
#49 = CARTESIAN_POINT ( 'NONE',  ( 5.783599450211198700, 13.43735476181183230, -6.226020063032070340 ) ) ;
#50 = FACE_OUTER_BOUND ( 'NONE', #1307, .T. ) ;
#51 = DIRECTION ( 'NONE',  ( -0.9578262852211514300, 0.0000000000000000000, 0.2873478855663448850 ) ) ;
#52 = DIRECTION ( 'NONE',  ( 1.000000000000000000, 0.0000000000000000000, 0.0000000000000000000 ) ) ;
#53 = CARTESIAN_POINT ( 'NONE',  ( 9.949999999999999289, 17.19999999999999929, 11.42999999999999972 ) ) ;
#54 =( LENGTH_UNIT ( ) NAMED_UNIT ( * ) SI_UNIT ( .MILLI., .METRE. ) );
#55 = CARTESIAN_POINT ( 'NONE',  ( 5.206020063032076983, 13.31235476181182698, -0.8164005497888077167 ) ) ;
#56 = CARTESIAN_POINT ( 'NONE',  ( 8.300000000000000711, -4.750000000000000000, 9.695000000000000284 ) ) ;
#57 = DIRECTION ( 'NONE',  ( 0.5000000000000048850, 0.0000000000000000000, 0.8660254037844358210 ) ) ;
#58 = CIRCLE ( 'NONE', #4359, 0.2999999999999999334 ) ;
#59 = DIRECTION ( 'NONE',  ( 0.0000000000000000000, 1.000000000000000000, 0.0000000000000000000 ) ) ;
#60 = CARTESIAN_POINT ( 'NONE',  ( 1.900000000000001910, 17.25698273513626901, 9.969999999999998863 ) ) ;
#61 = ORIENTED_EDGE ( 'NONE', *, *, #5847, .F. ) ;
#62 = CARTESIAN_POINT ( 'NONE',  ( 8.163359049252656874, 11.14314494388263022, -8.028200274894414790 ) ) ;
#63 = CARTESIAN_POINT ( 'NONE',  ( 10.69999999999999751, 16.94999999999999929, -5.570000000000000284 ) ) ;
#64 = AXIS2_PLACEMENT_3D ( 'NONE', #9039, #5702, #9685 ) ;
#65 = LINE ( 'NONE', #8887, #9265 ) ;
#66 = B_SPLINE_CURVE_WITH_KNOTS ( 'NONE', 3,
 ( #2188, #9696, #3164, #6400, #2391, #7842, #9653, #5468, #8692, #4671, #7896, #10056, #4079, #10549, #9747, #8206, #4180, #884, #9249, #7293 ),
 .UNSPECIFIED., .F., .F.,
 ( 4, 2, 2, 2, 2, 2, 2, 2, 2, 4 ),
 ( 0.0000000000000000000, 0.1250000000000000833, 0.2500000000000001665, 0.3750000000000002220, 0.5000000000000003331, 0.6250000000000004441, 0.7500000000000004441, 0.8125000000000004441, 0.8750000000000003331, 1.000000000000000000 ),
 .UNSPECIFIED. ) ;
#67 = AXIS2_PLACEMENT_3D ( 'NONE', #10495, #8688, #4664 ) ;
#68 = CARTESIAN_POINT ( 'NONE',  ( 7.416400549788779273, 15.53897827721596236, 1.393979936967931987 ) ) ;
#69 = CARTESIAN_POINT ( 'NONE',  ( 5.206020063032061884, 13.33064494388263022, 6.803599450211224031 ) ) ;
#70 = AXIS2_PLACEMENT_3D ( 'NONE', #7667, #9214, #4388 ) ;
#71 = VECTOR ( 'NONE', #8289, 1000.000000000000000 ) ;
#72 = STYLED_ITEM ( 'NONE', ( #5525 ), #7428 ) ;
#73 = FILL_AREA_STYLE_COLOUR ( '', #1572 ) ;
#74 = SURFACE_STYLE_FILL_AREA ( #1744 ) ;
#75 = AXIS2_PLACEMENT_3D ( 'NONE', #8811, #4788, #3979 ) ;
#77 = EDGE_LOOP ( 'NONE', ( #5541, #9677, #2227, #9890 ) ) ;
#76 = CARTESIAN_POINT ( 'NONE',  ( 7.418515449132929263, 10.81238888280939747, 0.8323165201173359229 ) ) ;
#78 =( GEOMETRIC_REPRESENTATION_CONTEXT ( 3 ) GLOBAL_UNCERTAINTY_ASSIGNED_CONTEXT ( ( #10351 ) ) GLOBAL_UNIT_ASSIGNED_CONTEXT ( ( #7190, #1650, #7404 ) ) REPRESENTATION_CONTEXT ( 'NONE', 'WORKASPACE' ) );
#79 = CARTESIAN_POINT ( 'NONE',  ( 6.599999999999999645, 16.94999999999999929, -6.056640950747326890 ) ) ;
#80 = ORIENTED_EDGE ( 'NONE', *, *, #10034, .F. ) ;
#81 = DIRECTION ( 'NONE',  ( 1.000000000000000000, 0.0000000000000000000, -0.0000000000000000000 ) ) ;
#82 = FACE_OUTER_BOUND ( 'NONE', #7547, .T. ) ;
#83 = STYLED_ITEM ( 'NONE', ( #9316 ), #9769 ) ;
#84 = LINE ( 'NONE', #3396, #2444 ) ;
#85 = MECHANICAL_DESIGN_GEOMETRIC_PRESENTATION_REPRESENTATION (  '', ( #9988 ), #10339 ) ;
#86 = FILL_AREA_STYLE ('',( #9876 ) ) ;
#88 = ORIENTED_EDGE ( 'NONE', *, *, #9255, .F. ) ;
#87 = CARTESIAN_POINT ( 'NONE',  ( 5.783599450211183601, 14.43735476181183230, 1.393979936967922217 ) ) ;
#89 = CARTESIAN_POINT ( 'NONE',  ( 6.190713557995390026, 16.95818809514510050, -6.056640950747330443 ) ) ;
#90 = VERTEX_POINT ( 'NONE', #672 ) ;
#91 = ADVANCED_FACE ( 'NONE', ( #4026 ), #2453, .F. ) ;
#92 = CARTESIAN_POINT ( 'NONE',  ( 5.783599450211206694, 16.77068809514516801, -9.013979936967928097 ) ) ;
#93 = VECTOR ( 'NONE', #3514, 1000.000000000000000 ) ;
#94 = CARTESIAN_POINT ( 'NONE',  ( 3.169680138593187646, 18.75000000000000000, -9.162016754626366222 ) ) ;
#95 = DIRECTION ( 'NONE',  ( -8.185976218434330542E-17, 1.000000000000000000, 0.0000000000000000000 ) ) ;
#96 = CARTESIAN_POINT ( 'NONE',  ( 7.641138122682926692, 13.83388873565663602, 8.229754640811561828 ) ) ;
#97 = CARTESIAN_POINT ( 'NONE',  ( 6.599999999999999645, 21.69999999999999929, 7.620000000000000107 ) ) ;
#98 = CARTESIAN_POINT ( 'NONE',  ( 5.036640950747339751, 11.87485476181183763, 8.028200274894423671 ) ) ;
#99 = CARTESIAN_POINT ( 'NONE',  ( 7.767644284148494727, 14.89638873565663069, -7.924877320405797398 ) ) ;
#100 = ORIENTED_EDGE ( 'NONE', *, *, #8203, .T. ) ;
#101 = ORIENTED_EDGE ( 'NONE', *, *, #5367, .T. ) ;
#102 = DIRECTION ( 'NONE',  ( 0.0000000000000000000, 0.0000000000000000000, 1.000000000000000000 ) ) ;
#103 = CARTESIAN_POINT ( 'NONE',  ( 7.993979936967933853, 13.14568809514516978, -8.436400549788784176 ) ) ;
#104 = EDGE_CURVE ( 'NONE', #5014, #8286, #2260, .T. ) ;
#105 =( LENGTH_UNIT ( ) NAMED_UNIT ( * ) SI_UNIT ( .MILLI., .METRE. ) );
#106 = CARTESIAN_POINT ( 'NONE',  ( 8.163359049252662203, 16.62485476181182875, -0.4082002748943984738 ) ) ;
#107 = CARTESIAN_POINT ( 'NONE',  ( 5.783599450211212911, 14.27068809514516445, -9.013979936967929874 ) ) ;
#108 = CARTESIAN_POINT ( 'NONE',  ( 10.70000000000000107, 16.94999999999999929, 5.569999999999999396 ) ) ;
#109 =( NAMED_UNIT ( * ) SI_UNIT ( $, .STERADIAN. ) SOLID_ANGLE_UNIT ( ) );
#110 = EDGE_CURVE ( 'NONE', #10410, #7806, #1946, .T. ) ;
#111 = B_SPLINE_CURVE_WITH_KNOTS ( 'NONE', 3,
 ( #3567, #10037, #5270, #4409, #9347, #7640, #3611, #6889, #7483, #140, #3447, #5522, #2196 ),
 .UNSPECIFIED., .F., .F.,
 ( 4, 2, 2, 1, 2, 2, 4 ),
 ( 0.0000000000000000000, 0.2500000000000839884, 0.3750000000001260103, 0.4375000000001469935, 0.4687500000001454392, 0.5000000000001438849, 1.000000000000000000 ),
 .UNSPECIFIED. ) ;
#112 = CARTESIAN_POINT ( 'NONE',  ( 7.008200274894363702, 13.20818809514516623, -1.563359049252674327 ) ) ;
#113 = SURFACE_STYLE_USAGE ( .BOTH. , #6610 ) ;
#114 = FACE_OUTER_BOUND ( 'NONE', #1337, .T. ) ;
#115 = LINE ( 'NONE', #8938, #9278 ) ;
#116 = DIRECTION ( 'NONE',  ( 0.0000000000000000000, -0.0000000000000000000, 1.000000000000000000 ) ) ;
#117 = DIRECTION ( 'NONE',  ( 8.185976218434330542E-17, -1.000000000000000000, -0.0000000000000000000 ) ) ;
#118 = CARTESIAN_POINT ( 'NONE',  ( 2.925018529002710199, 18.71222679458298188, 1.678273896201612159 ) ) ;
#119 = ORIENTED_EDGE ( 'NONE', *, *, #9435, .F. ) ;
#120 = CARTESIAN_POINT ( 'NONE',  ( 7.416400549788803254, 12.02068809514516801, -6.226020063032078333 ) ) ;
#121 = LINE ( 'NONE', #7337, #1584 ) ;
#122 = FACE_OUTER_BOUND ( 'NONE', #3823, .T. ) ;
#123 = CARTESIAN_POINT ( 'NONE',  ( 7.008200274894410775, 15.99985476181183408, -6.056640950747341989 ) ) ;
#124 = CARTESIAN_POINT ( 'NONE',  ( 8.163359049252660427, 15.60147827721596947, 0.4082002748944091319 ) ) ;
#125 = CARTESIAN_POINT ( 'NONE',  ( 5.783599450211198700, 11.95564494388263022, 9.013979936967926321 ) ) ;
#126 = CARTESIAN_POINT ( 'NONE',  ( 6.599999999999996980, 17.07426406871192981, 5.270000000000002238 ) ) ;
#127 =( NAMED_UNIT ( * ) SI_UNIT ( $, .STERADIAN. ) SOLID_ANGLE_UNIT ( ) );
#128 = CARTESIAN_POINT ( 'NONE',  ( 10.74358983848618543, 0.0000000000000000000, 10.83000000000000007 ) ) ;
#129 = ORIENTED_EDGE ( 'NONE', *, *, #5058, .F. ) ;
#130 = FACE_OUTER_BOUND ( 'NONE', #7193, .T. ) ;
#131 = ORIENTED_EDGE ( 'NONE', *, *, #2670, .F. ) ;
#132 = DIRECTION ( 'NONE',  ( 0.0000000000000000000, 1.000000000000000000, 0.0000000000000000000 ) ) ;
#133 = CARTESIAN_POINT ( 'NONE',  ( 7.949999999999998401, 21.39999999999999858, 7.620000000000000107 ) ) ;
#135 = ORIENTED_EDGE ( 'NONE', *, *, #3600, .F. ) ;
#134 = CARTESIAN_POINT ( 'NONE',  ( 7.209754640811566695, 13.45888873565663602, -1.041138122682931266 ) ) ;
#136 = CARTESIAN_POINT ( 'NONE',  ( 7.008200274894397452, 16.70818809514516445, -9.183359049252660000 ) ) ;
#137 = ORIENTED_EDGE ( 'NONE', *, *, #6132, .T. ) ;
#138 = CARTESIAN_POINT ( 'NONE',  ( 5.206020063032073431, 16.41397827721596414, -6.803599450211208044 ) ) ;
#139 = FACE_OUTER_BOUND ( 'NONE', #5647, .T. ) ;
#140 = CARTESIAN_POINT ( 'NONE',  ( 8.149539810950455987, 21.62408107213967767, -2.856310834459662829 ) ) ;
#141 = CARTESIAN_POINT ( 'NONE',  ( 5.558861877317066380, 14.66722206898996639, 8.229754640811558275 ) ) ;
#142 = DIRECTION ( 'NONE',  ( -8.185976218434330542E-17, 1.000000000000000000, 0.0000000000000000000 ) ) ;
#143 = DIRECTION ( 'NONE',  ( 1.000000000000000000, -9.637352644315610034E-17, -0.0000000000000000000 ) ) ;
#144 = EDGE_CURVE ( 'NONE', #9130, #10243, #5975, .T. ) ;
#145 = EDGE_LOOP ( 'NONE', ( #4296, #8675, #10075, #2145 ) ) ;
#146 = CARTESIAN_POINT ( 'NONE',  ( 6.191799725105594732, 12.95818809514516090, -6.056640950747337548 ) ) ;
#147 = CARTESIAN_POINT ( 'NONE',  ( 6.200000000000708056, 18.69941473230003837, 9.824227918229487599 ) ) ;
#148 = DIRECTION ( 'NONE',  ( 0.0000000000000000000, 0.0000000000000000000, 1.000000000000000000 ) ) ;
#149 = CARTESIAN_POINT ( 'NONE',  ( 5.783599450211189819, 13.77068809514516623, -9.013979936967915663 ) ) ;
#150 = SURFACE_SIDE_STYLE ('',( #201 ) ) ;
#151 = CARTESIAN_POINT ( 'NONE',  ( 8.163359049252667532, 11.64314494388263199, -0.4082002748943939219 ) ) ;
#152 = CARTESIAN_POINT ( 'NONE',  ( 7.500000000000000000, -4.750000000000000000, 0.3000000000000009881 ) ) ;
#153 = CARTESIAN_POINT ( 'NONE',  ( 7.500000000000000000, -3.750000000000013767, 8.119999999999999218 ) ) ;
#154 = CARTESIAN_POINT ( 'NONE',  ( 6.042671120528351203, 16.94999999999997797, 9.078800176420509516 ) ) ;
#155 = CARTESIAN_POINT ( 'NONE',  ( 6.199999999999999289, 18.65697564738271197, 2.216544185266154710 ) ) ;
#156 = EDGE_CURVE ( 'NONE', #5389, #1545, #699, .T. ) ;
#157 = CARTESIAN_POINT ( 'NONE',  ( 9.099999999999999645, 17.02352941176470580, 3.061616997868382648E-16 ) ) ;
#158 = ORIENTED_EDGE ( 'NONE', *, *, #4341, .T. ) ;
#159 = EDGE_CURVE ( 'NONE', #2478, #919, #1354, .T. ) ;
#160 = CARTESIAN_POINT ( 'NONE',  ( 5.036640950747324652, 14.39314494388263022, -7.211799725105628056 ) ) ;
#161 = LINE ( 'NONE', #4326, #912 ) ;
#162 = ORIENTED_EDGE ( 'NONE', *, *, #554, .T. ) ;
#163 = LINE ( 'NONE', #1030, #5935 ) ;
#164 = DIRECTION ( 'NONE',  ( 1.326525867060349907E-16, 1.000000000000000000, 0.0000000000000000000 ) ) ;
#165 = CARTESIAN_POINT ( 'NONE',  ( 7.416400549788779273, 15.20564494388263199, -1.393979936967932209 ) ) ;
#166 = CARTESIAN_POINT ( 'NONE',  ( 8.163359049252656874, 12.62485476181183408, 7.211799725105583647 ) ) ;
#167 = EDGE_CURVE ( 'NONE', #7192, #9526, #9006, .T. ) ;
#168 = CARTESIAN_POINT ( 'NONE',  ( 6.599999999999999645, 16.94999999999999929, 9.845735931288071896 ) ) ;
#169 = ORIENTED_EDGE ( 'NONE', *, *, #3708, .F. ) ;
#170 =( NAMED_UNIT ( * ) PLANE_ANGLE_UNIT ( ) SI_UNIT ( $, .RADIAN. ) );
#171 = CARTESIAN_POINT ( 'NONE',  ( 3.745223323373330082, 21.69999999999999574, 6.509523181064055031 ) ) ;
#172 = EDGE_LOOP ( 'NONE', ( #6543, #3116, #5274, #9019, #4360, #3879, #6576 ) ) ;
#173 =( LENGTH_UNIT ( ) NAMED_UNIT ( * ) SI_UNIT ( .MILLI., .METRE. ) );
#174 = VERTEX_POINT ( 'NONE', #9531 ) ;
#175 = CARTESIAN_POINT ( 'NONE',  ( 7.767644284148506273, 11.35472206898996639, -7.315122679594241006 ) ) ;
#176 = CARTESIAN_POINT ( 'NONE',  ( 0.0000000000000000000, 11.00000000000000000, 1.699999999999999956 ) ) ;
#177 = ADVANCED_FACE ( 'NONE', ( #10380 ), #3954, .T. ) ;
#178 = FILL_AREA_STYLE ('',( #5152 ) ) ;
#179 =( LENGTH_UNIT ( ) NAMED_UNIT ( * ) SI_UNIT ( .MILLI., .METRE. ) );
#181 = ORIENTED_EDGE ( 'NONE', *, *, #5889, .F. ) ;
#180 = CARTESIAN_POINT ( 'NONE',  ( 7.008200274894387682, 12.99985476181182875, 1.563359049252667443 ) ) ;
#182 = CARTESIAN_POINT ( 'NONE',  ( 7.008200274894393900, 10.72647827721596059, -9.183359049252665329 ) ) ;
#183 = VECTOR ( 'NONE', #10189, 1000.000000000000000 ) ;
#184 = ORIENTED_EDGE ( 'NONE', *, *, #7359, .T. ) ;
#185 = ORIENTED_EDGE ( 'NONE', *, *, #9753, .T. ) ;
#186 = CARTESIAN_POINT ( 'NONE',  ( 5.206020063032074319, 16.81235476181183586, -8.436400549788794834 ) ) ;
#187 = B_SPLINE_CURVE_WITH_KNOTS ( 'NONE', 3,
 ( #10201, #6206, #1287, #522 ),
 .UNSPECIFIED., .F., .F.,
 ( 4, 4 ),
 ( 8.673617379884035472E-19, 0.0005602187495296461622 ),
 .UNSPECIFIED. ) ;
#188 = CARTESIAN_POINT ( 'NONE',  ( 6.599999999999999645, 21.69999999999999929, 7.620000000000000107 ) ) ;
#189 = SURFACE_STYLE_USAGE ( .BOTH. , #9833 ) ;
#190 = CARTESIAN_POINT ( 'NONE',  ( 7.008200274894409887, 14.49985476181183586, 9.183359049252658224 ) ) ;
#191 = VECTOR ( 'NONE', #7152, 1000.000000000000000 ) ;
#192 = DIRECTION ( 'NONE',  ( 0.0000000000000000000, 0.0000000000000000000, -1.000000000000000000 ) ) ;
#193 =( LENGTH_UNIT ( ) NAMED_UNIT ( * ) SI_UNIT ( .MILLI., .METRE. ) );
#194 = VERTEX_POINT ( 'NONE', #6441 ) ;
#195 = FACE_OUTER_BOUND ( 'NONE', #5914, .T. ) ;
#196 = STYLED_ITEM ( 'NONE', ( #3921 ), #763 ) ;
#197 = CARTESIAN_POINT ( 'NONE',  ( 5.432355715851499234, 16.64638873565663246, 0.3048773204057866892 ) ) ;
#198 = CARTESIAN_POINT ( 'NONE',  ( 6.191799725105596508, 13.95818809514516801, -6.056640950747336660 ) ) ;
#199 = CARTESIAN_POINT ( 'NONE',  ( 2.099999999999999645, 13.97719298245609920, 5.919999999999980389 ) ) ;
#200 = ORIENTED_EDGE ( 'NONE', *, *, #6713, .T. ) ;
#201 = SURFACE_STYLE_FILL_AREA ( #2806 ) ;
#202 = CARTESIAN_POINT ( 'NONE',  ( 7.000000000000000000, 18.75000000000000000, -1.219999999999999973 ) ) ;
#203 =( GEOMETRIC_REPRESENTATION_CONTEXT ( 3 ) GLOBAL_UNCERTAINTY_ASSIGNED_CONTEXT ( ( #3324 ) ) GLOBAL_UNIT_ASSIGNED_CONTEXT ( ( #5720, #8207, #5882 ) ) REPRESENTATION_CONTEXT ( 'NONE', 'WORKASPACE' ) );
#204 = CARTESIAN_POINT ( 'NONE',  ( 6.191799725105594732, 11.47647827721596414, 1.563359049252657673 ) ) ;
#205 = LINE ( 'NONE', #56, #896 ) ;
#206 = DIRECTION ( 'NONE',  ( -0.0000000000000000000, -1.000000000000000000, -0.0000000000000000000 ) ) ;
#207 = PLANE ( 'NONE',  #4371 ) ;
#208 = CARTESIAN_POINT ( 'NONE',  ( 6.599999999999999645, 16.75055540232330031, 8.787644284148500518 ) ) ;
#209 = CIRCLE ( 'NONE', #9972, 3.349999999999999645 ) ;
#210 = VECTOR ( 'NONE', #5796, 1000.000000000000000 ) ;
#211 = CARTESIAN_POINT ( 'NONE',  ( 0.0000000000000000000, 0.0000000000000000000, -3.210000000000000853 ) ) ;
#212 =( BOUNDED_SURFACE ( )  B_SPLINE_SURFACE ( 3, 3, ( 
 ( #6386, #7833, #3466, #4277 ),
 ( #3308, #8093, #5820, #7388 ),
 ( #8993, #9739, #60, #1788 ),
 ( #4, #1560, #2597, #2496 ) ),
 .UNSPECIFIED., .F., .F., .F. ) 
 B_SPLINE_SURFACE_WITH_KNOTS ( ( 4, 4 ),
 ( 4, 4 ),
 ( 0.0000000000000000000, 1.000000000000000000 ),
 ( 0.0000000000000000000, 1.000000000000000000 ),
 .UNSPECIFIED. ) 
 GEOMETRIC_REPRESENTATION_ITEM ( )  RATIONAL_B_SPLINE_SURFACE ( (
 ( 1.000000000000000000, 0.3333333333333334259, 0.3333333333333334259, 1.000000000000000000),
 ( 0.9995938846793916976, 0.3331979615597973066, 0.3331979615597973066, 0.9995938846793916976),
 ( 0.9995938846793916976, 0.3331979615597973066, 0.3331979615597973066, 0.9995938846793916976),
 ( 1.000000000000000000, 0.3333333333333334259, 0.3333333333333334259, 1.000000000000000000) ) ) 
 REPRESENTATION_ITEM ( '' )  SURFACE ( )  );
#213 = B_SPLINE_CURVE_WITH_KNOTS ( 'NONE', 3,
 ( #8799, #3817, #4667, #10392 ),
 .UNSPECIFIED., .F., .F.,
 ( 4, 4 ),
 ( 5.669439455872141130E-15, 0.0007087569161306629239 ),
 .UNSPECIFIED. ) ;
#214 = CARTESIAN_POINT ( 'NONE',  ( 7.008200274894410775, 15.99985476181183408, 9.183359049252660000 ) ) ;
#215 = ORIENTED_EDGE ( 'NONE', *, *, #1281, .T. ) ;
#216 = AXIS2_PLACEMENT_3D ( 'NONE', #8340, #7433, #8440 ) ;
#217 = CARTESIAN_POINT ( 'NONE',  ( 7.416400549788805030, 14.70564494388263022, -9.013979936967919215 ) ) ;
#218 = CARTESIAN_POINT ( 'NONE',  ( 6.999999999998820499, 18.72026795797129139, 2.188380461045725145 ) ) ;
#219 = UNCERTAINTY_MEASURE_WITH_UNIT (LENGTH_MEASURE( 1.000000000000000082E-05 ), #5966, 'distance_accuracy_value', 'NONE');
#220 = CARTESIAN_POINT ( 'NONE',  ( 8.299999999999998934, -3.750000000000010214, -0.4999999999999990563 ) ) ;
#221 = DIRECTION ( 'NONE',  ( -0.0000000000000000000, -1.000000000000000000, -0.0000000000000000000 ) ) ;
#222 = VECTOR ( 'NONE', #8102, 1000.000000000000000 ) ;
#223 = ORIENTED_EDGE ( 'NONE', *, *, #6187, .F. ) ;
#224 = CARTESIAN_POINT ( 'NONE',  ( 5.206020063032084977, 14.91397827721597125, 0.8164005497888165985 ) ) ;
#225 = EDGE_CURVE ( 'NONE', #1240, #841, #5193, .T. ) ;
#226 = CARTESIAN_POINT ( 'NONE',  ( 5.206020063032072542, 12.39568809514516445, 8.436400549788784176 ) ) ;
#227 = STYLED_ITEM ( 'NONE', ( #8568 ), #2888 ) ;
#228 = DIRECTION ( 'NONE',  ( 8.185976218434330542E-17, -1.000000000000000000, -0.0000000000000000000 ) ) ;
#229 = VECTOR ( 'NONE', #5534, 1000.000000000000000 ) ;
#230 = FACE_OUTER_BOUND ( 'NONE', #3210, .T. ) ;
#231 = VECTOR ( 'NONE', #2279, 1000.000000000000114 ) ;
#232 = EDGE_CURVE ( 'NONE', #6509, #7775, #10443, .T. ) ;
#233 = LINE ( 'NONE', #1150, #7461 ) ;
#234 = ORIENTED_EDGE ( 'NONE', *, *, #3217, .F. ) ;
#235 = LINE ( 'NONE', #5513, #10246 ) ;
#236 = CIRCLE ( 'NONE', #3363, 2.500000000000000444 ) ;
#237 = EDGE_CURVE ( 'NONE', #4151, #1841, #4863, .T. ) ;
#238 = CARTESIAN_POINT ( 'NONE',  ( 7.767644284148507161, 10.89638873565665733, -7.924877320405755654 ) ) ;
#239 = CIRCLE ( 'NONE', #6398, 2.301783801063874701 ) ;
#240 = AXIS2_PLACEMENT_3D ( 'NONE', #4904, #733, #10562 ) ;
#241 = CARTESIAN_POINT ( 'NONE',  ( 10.74358983848622273, 0.8999999999999912514, 10.82999999999999652 ) ) ;
#242 = CARTESIAN_POINT ( 'NONE',  ( 5.074873148920580057, 21.64371258998213676, 2.841524231737785566 ) ) ;
#243 = PLANE ( 'NONE',  #2104 ) ;
#244 = VECTOR ( 'NONE', #9229, 1000.000000000000000 ) ;
#245 = LINE ( 'NONE', #6196, #5375 ) ;
#246 = MECHANICAL_DESIGN_GEOMETRIC_PRESENTATION_REPRESENTATION (  '', ( #8452 ), #78 ) ;
#247 = CARTESIAN_POINT ( 'NONE',  ( 7.000000000000000000, 18.66147085691063623, -5.403775227764163525 ) ) ;
#249 = EDGE_LOOP ( 'NONE', ( #6945, #2671, #5671, #4784 ) ) ;
#248 = CARTESIAN_POINT ( 'NONE',  ( 5.036640950747337975, 12.83318809514516268, -0.4082002748944088544 ) ) ;
#250 = CARTESIAN_POINT ( 'NONE',  ( 7.416400549788791707, 16.52068809514516445, -6.226020063032073004 ) ) ;
#251 = ORIENTED_EDGE ( 'NONE', *, *, #1827, .T. ) ;
#252 = CARTESIAN_POINT ( 'NONE',  ( 7.008200274894395676, 16.01814494388263554, -6.056640950747337548 ) ) ;
#253 =( NAMED_UNIT ( * ) SI_UNIT ( $, .STERADIAN. ) SOLID_ANGLE_UNIT ( ) );
#254 = CARTESIAN_POINT ( 'NONE',  ( 7.000000000000000000, 18.65697564738295711, 9.836544185261589135 ) ) ;
#255 = CARTESIAN_POINT ( 'NONE',  ( 7.416400549788820129, 14.52068809514516623, 9.013979936967915663 ) ) ;
#256 = AXIS2_PLACEMENT_3D ( 'NONE', #2195, #2298, #10305 ) ;
#257 = CARTESIAN_POINT ( 'NONE',  ( 8.299999999999998934, 0.5999999999999947597, 0.5000000000000013323 ) ) ;
#258 = CARTESIAN_POINT ( 'NONE',  ( 7.209754640811561366, 14.45888873565663069, 6.578861877317070395 ) ) ;
#259 =( NAMED_UNIT ( * ) SI_UNIT ( $, .STERADIAN. ) SOLID_ANGLE_UNIT ( ) );
#260 = CARTESIAN_POINT ( 'NONE',  ( 4.949999999999998401, 21.69999999999999929, -2.915475947422649039 ) ) ;
#261 = VERTEX_POINT ( 'NONE', #9244 ) ;
#262 = ORIENTED_EDGE ( 'NONE', *, *, #4002, .F. ) ;
#263 = CARTESIAN_POINT ( 'NONE',  ( 2.616948740878391799, 21.69999999999999574, -1.478985838650966667 ) ) ;
#264 = CARTESIAN_POINT ( 'NONE',  ( 10.69999999999999751, 16.94999999999999929, -9.669999999999998153 ) ) ;
#265 = ORIENTED_EDGE ( 'NONE', *, *, #4787, .F. ) ;
#266 = COLOUR_RGB ( '',0.2862745098039215508, 0.6431372549019607199, 0.8666666666666666963 ) ;
#267 = CARTESIAN_POINT ( 'NONE',  ( 5.036640950747340639, 15.87485476181182875, 0.4082002748944099646 ) ) ;
#268 = AXIS2_PLACEMENT_3D ( 'NONE', #1837, #2705, #6653 ) ;
#269 = CARTESIAN_POINT ( 'NONE',  ( 5.206020063032061884, 13.81235476181183230, -8.436400549788773517 ) ) ;
#270 = DIRECTION ( 'NONE',  ( 0.0000000000000000000, -0.0000000000000000000, 1.000000000000000000 ) ) ;
#271 = CARTESIAN_POINT ( 'NONE',  ( 8.250000000000000000, 17.19999999999999929, 10.53547594742267357 ) ) ;
#272 = DIRECTION ( 'NONE',  ( 0.0000000000000000000, 0.0000000000000000000, -1.000000000000000000 ) ) ;
#273 = CARTESIAN_POINT ( 'NONE',  ( 5.036640950747340639, 14.83318809514516268, -8.028200274894407684 ) ) ;
#274 = CARTESIAN_POINT ( 'NONE',  ( 5.036640950747325540, 11.85147827721596769, -0.4082002748943696080 ) ) ;
#275 = PRESENTATION_STYLE_ASSIGNMENT (( #7602 ) ) ;
#276 = DIRECTION ( 'NONE',  ( 0.0000000000000000000, 1.000000000000000000, 0.0000000000000000000 ) ) ;
#277 = CARTESIAN_POINT ( 'NONE',  ( 6.599999999999999645, 17.25000000000000000, 9.669999999999999929 ) ) ;
#278 = SURFACE_SIDE_STYLE ('',( #7386 ) ) ;
#279 =( GEOMETRIC_REPRESENTATION_CONTEXT ( 3 ) GLOBAL_UNCERTAINTY_ASSIGNED_CONTEXT ( ( #7558 ) ) GLOBAL_UNIT_ASSIGNED_CONTEXT ( ( #4836, #8848, #3326 ) ) REPRESENTATION_CONTEXT ( 'NONE', 'WORKASPACE' ) );
#280 = CARTESIAN_POINT ( 'NONE',  ( 6.600000000000000533, 17.25698273513599901, -2.349999999999999645 ) ) ;
#281 = CARTESIAN_POINT ( 'NONE',  ( 2.190000000000000391, 11.50000000000000178, 11.43000000000000149 ) ) ;
#282 = CARTESIAN_POINT ( 'NONE',  ( 5.206020063032065437, 16.31235476181182875, 6.803599450211220478 ) ) ;
#283 = ORIENTED_EDGE ( 'NONE', *, *, #4995, .F. ) ;
#284 = CARTESIAN_POINT ( 'NONE',  ( 7.416400549788780161, 15.02068809514516445, -6.226020063032067675 ) ) ;
#285 = DIRECTION ( 'NONE',  ( 0.0000000000000000000, 0.0000000000000000000, -1.000000000000000000 ) ) ;
#286 = CARTESIAN_POINT ( 'NONE',  ( 7.767644284148495615, 15.89638873565663779, -7.924877320405793846 ) ) ;
#287 = ORIENTED_EDGE ( 'NONE', *, *, #8154, .F. ) ;
#288 = CARTESIAN_POINT ( 'NONE',  ( 8.163359049252656874, 15.58318809514516268, 0.4082002748944054682 ) ) ;
#289 = CARTESIAN_POINT ( 'NONE',  ( 7.993979936967930300, 11.58064494388263022, 8.436400549788778847 ) ) ;
#290 =( BOUNDED_CURVE ( )  B_SPLINE_CURVE ( 3, ( #10424, #3141, #4648, #8083 ),
 .UNSPECIFIED., .F., .T. ) 
 B_SPLINE_CURVE_WITH_KNOTS ( ( 4, 4 ),
 ( 0.0000000000000000000, 1.000000000000000000 ),
 .UNSPECIFIED. ) 
 CURVE ( )  GEOMETRIC_REPRESENTATION_ITEM ( )  RATIONAL_B_SPLINE_CURVE ( ( 1.000000000000000000, 0.3333333333333333703, 0.3333333333333333703, 1.000000000000000000 ) ) 
 REPRESENTATION_ITEM ( '' )  );
#291 = DIRECTION ( 'NONE',  ( 0.0000000000000000000, -1.000000000000000000, 0.0000000000000000000 ) ) ;
#292 = CARTESIAN_POINT ( 'NONE',  ( 6.999999999999292122, 18.68925460028495777, -9.828634852016666201 ) ) ;
#293 = ADVANCED_FACE ( 'NONE', ( #8351 ), #1783, .T. ) ;
#294 = ORIENTED_EDGE ( 'NONE', *, *, #3672, .T. ) ;
#295 = CARTESIAN_POINT ( 'NONE',  ( 2.942790561913609881, 0.8999999999999928058, 10.81000000000000050 ) ) ;
#296 = EDGE_LOOP ( 'NONE', ( #3059, #9185 ) ) ;
#297 = CARTESIAN_POINT ( 'NONE',  ( 6.904877320405771179, 11.47972206898996639, -8.787644284148500518 ) ) ;
#298 = DIRECTION ( 'NONE',  ( 0.0000000000000000000, 0.0000000000000000000, 1.000000000000000000 ) ) ;
#299 = DIRECTION ( 'NONE',  ( -0.1842885350501859976, 0.9828721869343217676, 0.0000000000000000000 ) ) ;
#300 = EDGE_CURVE ( 'NONE', #9226, #4335, #205, .T. ) ;
#301 = CARTESIAN_POINT ( 'NONE',  ( 10.73204283310241891, 0.8999999999999910294, 10.80999999999999694 ) ) ;
#302 = ADVANCED_FACE ( 'NONE', ( #5863 ), #3517, .T. ) ;
#303 = UNCERTAINTY_MEASURE_WITH_UNIT (LENGTH_MEASURE( 1.000000000000000082E-05 ), #1236, 'distance_accuracy_value', 'NONE');
#304 = CARTESIAN_POINT ( 'NONE',  ( 6.599999999999999645, 16.94999999999999929, -6.056640950747326890 ) ) ;
#306 = ORIENTED_EDGE ( 'NONE', *, *, #10068, .F. ) ;
#305 = CARTESIAN_POINT ( 'NONE',  ( 7.209754640811560478, 12.95888873565663779, -1.041138122682930600 ) ) ;
#307 = CARTESIAN_POINT ( 'NONE',  ( 5.432355715851494793, 16.14638873565663246, -7.315122679594226796 ) ) ;
#308 = VERTEX_POINT ( 'NONE', #871 ) ;
#309 = CARTESIAN_POINT ( 'NONE',  ( 6.191799725105602725, 16.74985476181183230, -9.183359049252663553 ) ) ;
#310 =( LENGTH_UNIT ( ) NAMED_UNIT ( * ) SI_UNIT ( .MILLI., .METRE. ) );
#311 = CARTESIAN_POINT ( 'NONE',  ( 6.191799725105629371, 14.47647827721596769, 9.183359049252675987 ) ) ;
#312 = CARTESIAN_POINT ( 'NONE',  ( 1.499999999999994893, 4.185714285714262850, -10.21999999999996156 ) ) ;
#313 = CARTESIAN_POINT ( 'NONE',  ( 5.206020063032061884, 13.81235476181183230, 6.803599450211224031 ) ) ;
#314 = LINE ( 'NONE', #5369, #7717 ) ;
#315 = SURFACE_SIDE_STYLE ('',( #1058 ) ) ;
#316 = VERTEX_POINT ( 'NONE', #4368 ) ;
#317 = CARTESIAN_POINT ( 'NONE',  ( 5.783599450211176496, 12.28897827721596592, -9.013979936967910334 ) ) ;
#318 = SURFACE_SIDE_STYLE ('',( #5320 ) ) ;
#319 = CARTESIAN_POINT ( 'NONE',  ( 5.783599450211211135, 16.43735476181182875, 1.393979936967928879 ) ) ;
#320 = CARTESIAN_POINT ( 'NONE',  ( 5.558861877317066380, 13.58388873565663246, -8.229754640811554722 ) ) ;
#321 = DIRECTION ( 'NONE',  ( -0.0000000000000000000, 0.9805806756909201116, 0.1961161351381840168 ) ) ;
#322 = CARTESIAN_POINT ( 'NONE',  ( 7.416400549788777496, 11.70564494388263554, -1.393979936967932209 ) ) ;
#323 = CARTESIAN_POINT ( 'NONE',  ( 6.200000000001177014, 18.72026795797129139, 5.431619538954274518 ) ) ;
#324 = DIRECTION ( 'NONE',  ( 0.0000000000000000000, 0.0000000000000000000, 1.000000000000000000 ) ) ;
#325 = CARTESIAN_POINT ( 'NONE',  ( 7.416400549788779273, 16.02068809514516445, 9.013979936967931650 ) ) ;
#326 = EDGE_CURVE ( 'NONE', #4248, #8333, #5132, .T. ) ;
#327 =( NAMED_UNIT ( * ) SI_UNIT ( $, .STERADIAN. ) SOLID_ANGLE_UNIT ( ) );
#328 = CARTESIAN_POINT ( 'NONE',  ( 6.599999999999999645, 21.69999999999999929, -7.620000000000000107 ) ) ;
#329 = CARTESIAN_POINT ( 'NONE',  ( 5.783599450211211135, 16.43735476181182875, 9.013979936967926321 ) ) ;
#330 = ORIENTED_EDGE ( 'NONE', *, *, #9698, .T. ) ;
#331 = CARTESIAN_POINT ( 'NONE',  ( 8.163359049252658650, 14.58318809514516445, -7.211799725105596082 ) ) ;
#332 = FACE_OUTER_BOUND ( 'NONE', #7248, .T. ) ;
#333 = SURFACE_STYLE_FILL_AREA ( #3397 ) ;
#334 = LINE ( 'NONE', #10271, #434 ) ;
#335 = DIRECTION ( 'NONE',  ( -0.0000000000000000000, -0.0000000000000000000, -1.000000000000000000 ) ) ;
#336 = CARTESIAN_POINT ( 'NONE',  ( 7.989051101519045517, 21.69999999999999929, 10.53134150105610978 ) ) ;
#337 = VERTEX_POINT ( 'NONE', #7497 ) ;
#338 = CARTESIAN_POINT ( 'NONE',  ( 5.206020063032066325, 15.41397827721596236, 0.8164005497887798501 ) ) ;
#339 = CARTESIAN_POINT ( 'NONE',  ( 7.416400549788803254, 11.53897827721596592, 9.013979936967922768 ) ) ;
#340 = CARTESIAN_POINT ( 'NONE',  ( 11.29853843015588843, 17.27092694212328183, -9.969269215077941837 ) ) ;
#341 = CARTESIAN_POINT ( 'NONE',  ( 4.347763001962326790, 21.70000000000000639, 2.061647694447174217 ) ) ;
#342 =( GEOMETRIC_REPRESENTATION_CONTEXT ( 3 ) GLOBAL_UNCERTAINTY_ASSIGNED_CONTEXT ( ( #1062 ) ) GLOBAL_UNIT_ASSIGNED_CONTEXT ( ( #8842, #8691, #10442 ) ) REPRESENTATION_CONTEXT ( 'NONE', 'WORKASPACE' ) );
#343 = DIRECTION ( 'NONE',  ( -1.000000000000000000, 0.0000000000000000000, 0.0000000000000000000 ) ) ;
#344 = EDGE_LOOP ( 'NONE', ( #1854, #5223, #7798, #6902 ) ) ;
#345 = LINE ( 'NONE', #3647, #1535 ) ;
#346 = FACE_OUTER_BOUND ( 'NONE', #2038, .T. ) ;
#347 = CARTESIAN_POINT ( 'NONE',  ( 6.199999999999999289, 18.65697564738198011, -9.836544185262374285 ) ) ;
#348 = SURFACE_STYLE_FILL_AREA ( #793 ) ;
#350 = ORIENTED_EDGE ( 'NONE', *, *, #5117, .F. ) ;
#349 = CARTESIAN_POINT ( 'NONE',  ( 5.036640950747329981, 13.33318809514516445, -0.4082002748943862613 ) ) ;
#351 = CARTESIAN_POINT ( 'NONE',  ( 5.432355715851502787, 16.10472206898996106, -7.924877320405792069 ) ) ;
#352 = VERTEX_POINT ( 'NONE', #5083 ) ;
#353 = CARTESIAN_POINT ( 'NONE',  ( 6.191799725105604502, 16.45818809514516445, -6.056640950747335772 ) ) ;
#354 = FILL_AREA_STYLE ('',( #8538 ) ) ;
#355 = CARTESIAN_POINT ( 'NONE',  ( 6.191799725105584074, 14.24985476181183408, 6.056640950747341989 ) ) ;
#356 = EDGE_CURVE ( 'NONE', #337, #1662, #5965, .T. ) ;
#357 = CARTESIAN_POINT ( 'NONE',  ( 6.904877320405791608, 13.27138873565663424, 8.787644284148495188 ) ) ;
#358 = DIRECTION ( 'NONE',  ( 0.0000000000000000000, 0.7071067811865423547, 0.7071067811865526798 ) ) ;
#359 = ORIENTED_EDGE ( 'NONE', *, *, #3279, .T. ) ;
#360 = CARTESIAN_POINT ( 'NONE',  ( 8.250000000000000000, 21.39999999999999858, 2.915475947422649927 ) ) ;
#362 = ORIENTED_EDGE ( 'NONE', *, *, #8318, .T. ) ;
#361 = CARTESIAN_POINT ( 'NONE',  ( 8.163359049252672861, 15.62485476181182875, -0.4082002748943750481 ) ) ;
#363 = CARTESIAN_POINT ( 'NONE',  ( 7.008200274894411663, 12.70818809514516801, -9.183359049252661777 ) ) ;
#364 = EDGE_CURVE ( 'NONE', #5498, #7037, #1727, .T. ) ;
#365 = VERTEX_POINT ( 'NONE', #8305 ) ;
#366 = CARTESIAN_POINT ( 'NONE',  ( 10.69999999999999751, 16.94999999999999929, 2.049999999999999822 ) ) ;
#367 = CARTESIAN_POINT ( 'NONE',  ( 8.163359049252667532, 12.58318809514516623, 0.4082002748943769355 ) ) ;
#368 = SURFACE_STYLE_USAGE ( .BOTH. , #6217 ) ;
#369 = FACE_OUTER_BOUND ( 'NONE', #1763, .T. ) ;
#370 = ADVANCED_FACE ( 'NONE', ( #6696 ), #8248, .T. ) ;
#371 = CARTESIAN_POINT ( 'NONE',  ( 7.500000000000000000, 0.9000000000000012434, -0.8000000000000119238 ) ) ;
#372 = COLOUR_RGB ( '',0.2862745098039215508, 0.6431372549019607199, 0.8666666666666666963 ) ;
#373 = MECHANICAL_DESIGN_GEOMETRIC_PRESENTATION_REPRESENTATION (  '', ( #5190 ), #2082 ) ;
#374 = CARTESIAN_POINT ( 'NONE',  ( 8.163359049252662203, 16.58318809514516801, 8.028200274894395250 ) ) ;
#375 = CARTESIAN_POINT ( 'NONE',  ( 6.599999999999999645, 16.94999999999999929, -2.050000000000009148 ) ) ;
#376 = CARTESIAN_POINT ( 'NONE',  ( 5.051659549533186855, 21.62510850264548523, -4.764418433014549592 ) ) ;
#377 = CARTESIAN_POINT ( 'NONE',  ( 5.206020063032065437, 15.83064494388263022, 6.803599450211220478 ) ) ;
#378 = ORIENTED_EDGE ( 'NONE', *, *, #8436, .T. ) ;
#379 = COLOUR_RGB ( '',0.2862745098039215508, 0.6431372549019607199, 0.8666666666666666963 ) ;
#380 = CARTESIAN_POINT ( 'NONE',  ( 6.191799725105589403, 14.76814494388263377, -9.183359049252658224 ) ) ;
#381 = EDGE_LOOP ( 'NONE', ( #8827, #5379, #4268, #8898 ) ) ;
#382 = DIRECTION ( 'NONE',  ( -0.0000000000000000000, 0.0000000000000000000, 1.000000000000000000 ) ) ;
#383 = CIRCLE ( 'NONE', #5359, 2.301783801063874701 ) ;
#384 = DIRECTION ( 'NONE',  ( 1.000000000000000000, -9.637352644315610034E-17, -0.0000000000000000000 ) ) ;
#385 = CARTESIAN_POINT ( 'NONE',  ( 7.913376528605478910, 21.69999999999999929, 10.37273356758481313 ) ) ;
#386 = CARTESIAN_POINT ( 'NONE',  ( 5.036640950747340639, 15.87485476181182875, -7.211799725105589864 ) ) ;
#387 = ORIENTED_EDGE ( 'NONE', *, *, #6460, .T. ) ;
#388 = CARTESIAN_POINT ( 'NONE',  ( 8.163359049252672861, 15.62485476181182875, -0.4082002748943750481 ) ) ;
#389 =( GEOMETRIC_REPRESENTATION_CONTEXT ( 3 ) GLOBAL_UNCERTAINTY_ASSIGNED_CONTEXT ( ( #9699 ) ) GLOBAL_UNIT_ASSIGNED_CONTEXT ( ( #105, #8186, #1612 ) ) REPRESENTATION_CONTEXT ( 'NONE', 'WORKASPACE' ) );
#390 = VECTOR ( 'NONE', #9976, 1000.000000000000000 ) ;
#391 = CARTESIAN_POINT ( 'NONE',  ( 7.008200274894383242, 11.51814494388263022, 9.183359049252670658 ) ) ;
#392 =( NAMED_UNIT ( * ) PLANE_ANGLE_UNIT ( ) SI_UNIT ( $, .RADIAN. ) );
#393 = PRESENTATION_STYLE_ASSIGNMENT (( #7890 ) ) ;
#394 = VERTEX_POINT ( 'NONE', #10102 ) ;
#395 = VECTOR ( 'NONE', #1871, 1000.000000000000000 ) ;
#396 = PLANE ( 'NONE',  #7520 ) ;
#397 = SURFACE_SIDE_STYLE ('',( #7724 ) ) ;
#398 = AXIS2_PLACEMENT_3D ( 'NONE', #2978, #10273, #6975 ) ;
#399 = CARTESIAN_POINT ( 'NONE',  ( 4.950000000000000178, 21.39999999999999858, 2.915475947422649927 ) ) ;
#400 = DIRECTION ( 'NONE',  ( -0.0000000000000000000, 1.000000000000000000, 0.0000000000000000000 ) ) ;
#401 = CARTESIAN_POINT ( 'NONE',  ( 0.0000000000000000000, 11.00000000000000000, 9.320000000000000284 ) ) ;
#402 =( BOUNDED_SURFACE ( )  B_SPLINE_SURFACE ( 3, 3, ( 
 ( #385, #1031, #1845, #7552 ),
 ( #336, #5875, #10065, #8359 ),
 ( #5187, #2768, #7663, #8408 ),
 ( #1086, #6020, #9258, #1947 ) ),
 .UNSPECIFIED., .F., .F., .F. ) 
 B_SPLINE_SURFACE_WITH_KNOTS ( ( 4, 4 ),
 ( 4, 4 ),
 ( 0.0000000000000000000, 1.000000000000000000 ),
 ( 0.0000000000000000000, 1.000000000000000000 ),
 .UNSPECIFIED. ) 
 GEOMETRIC_REPRESENTATION_ITEM ( )  RATIONAL_B_SPLINE_SURFACE ( (
 ( 1.000000000000000000, 0.6204101701869935148, 0.6204101701869935148, 1.000000000000000000),
 ( 0.8047378541243637162, 0.4992675490332124655, 0.4992675490332124655, 0.8047378541243637162),
 ( 0.8047378541243637162, 0.4992675490332124655, 0.4992675490332124655, 0.8047378541243637162),
 ( 1.000000000000000000, 0.6204101701869935148, 0.6204101701869935148, 1.000000000000000000) ) ) 
 REPRESENTATION_ITEM ( '' )  SURFACE ( )  );
#403 =( GEOMETRIC_REPRESENTATION_CONTEXT ( 3 ) GLOBAL_UNCERTAINTY_ASSIGNED_CONTEXT ( ( #10580 ) ) GLOBAL_UNIT_ASSIGNED_CONTEXT ( ( #7815, #4591, #7013 ) ) REPRESENTATION_CONTEXT ( 'NONE', 'WORKASPACE' ) );
#405 = VERTEX_POINT ( 'NONE', #3791 ) ;
#404 = CARTESIAN_POINT ( 'NONE',  ( 7.767644284148491174, 12.85472206898996284, 0.3048773204057916297 ) ) ;
#406 = STYLED_ITEM ( 'NONE', ( #9714 ), #7507 ) ;
#407 = VERTEX_POINT ( 'NONE', #8555 ) ;
#408 = ORIENTED_EDGE ( 'NONE', *, *, #6070, .F. ) ;
#409 = CARTESIAN_POINT ( 'NONE',  ( 5.783599450211211135, 15.95564494388263022, -6.226020063032068563 ) ) ;
#410 = AXIS2_PLACEMENT_3D ( 'NONE', #4131, #947, #4244 ) ;
#411 =( LENGTH_UNIT ( ) NAMED_UNIT ( * ) SI_UNIT ( .MILLI., .METRE. ) );
#412 = DIRECTION ( 'NONE',  ( 0.0000000000000000000, 0.0000000000000000000, -1.000000000000000000 ) ) ;
#413 = CARTESIAN_POINT ( 'NONE',  ( 7.416400549788803254, 14.18735476181183408, 6.226020063032077445 ) ) ;
#414 = CARTESIAN_POINT ( 'NONE',  ( 8.163359049252660427, 13.62485476181183586, 7.211799725105585424 ) ) ;
#415 = VECTOR ( 'NONE', #10491, 1000.000000000000000 ) ;
#416 = CONICAL_SURFACE ( 'NONE', #10145, 2.349269215088156670, 0.06981317008273646429 ) ;
#417 = DIRECTION ( 'NONE',  ( 0.8660254037844387076, -0.0000000000000000000, 0.4999999999999999445 ) ) ;
#418 = DIRECTION ( 'NONE',  ( -1.376764663473659915E-16, 1.000000000000000000, 0.0000000000000000000 ) ) ;
#419 = ORIENTED_EDGE ( 'NONE', *, *, #6311, .F. ) ;
#420 = CARTESIAN_POINT ( 'NONE',  ( 2.100000000000002309, 9.399999999999989697, 5.920000000000031903 ) ) ;
#421 = EDGE_CURVE ( 'NONE', #8679, #3072, #5328, .T. ) ;
#423 = ORIENTED_EDGE ( 'NONE', *, *, #7095, .F. ) ;
#422 = CARTESIAN_POINT ( 'NONE',  ( 5.558861877317074374, 15.58388873565663069, -0.6097546408115784855 ) ) ;
#424 = CARTESIAN_POINT ( 'NONE',  ( 5.783599450211213799, 13.27068809514516090, -9.013979936967929874 ) ) ;
#425 = VERTEX_POINT ( 'NONE', #1231 ) ;
#426 = CARTESIAN_POINT ( 'NONE',  ( 2.099999999999999645, 13.97719298245609920, 9.320000000000023377 ) ) ;
#427 = STYLED_ITEM ( 'NONE', ( #6254 ), #9275 ) ;
#428 = VECTOR ( 'NONE', #5867, 1000.000000000000000 ) ;
#429 = CARTESIAN_POINT ( 'NONE',  ( 7.993979936967939182, 11.08064494388263554, 0.8164005497887717455 ) ) ;
#430 = CARTESIAN_POINT ( 'NONE',  ( 2.199999999999999734, 0.0000000000000000000, -11.42999999999999972 ) ) ;
#431 = CARTESIAN_POINT ( 'NONE',  ( 3.249999999999999556, 17.19999999999999929, 7.620000000000002771 ) ) ;
#432 = CARTESIAN_POINT ( 'NONE',  ( 5.558861877317067268, 16.16722206898996461, 8.229754640811567157 ) ) ;
#433 = EDGE_CURVE ( 'NONE', #4772, #174, #4531, .T. ) ;
#434 = VECTOR ( 'NONE', #6080, 1000.000000000000000 ) ;
#435 = CARTESIAN_POINT ( 'NONE',  ( 7.993979936967914313, 16.06235476181182875, 8.436400549788817926 ) ) ;
#436 = VERTEX_POINT ( 'NONE', #10259 ) ;
#437 =( GEOMETRIC_REPRESENTATION_CONTEXT ( 3 ) GLOBAL_UNCERTAINTY_ASSIGNED_CONTEXT ( ( #219 ) ) GLOBAL_UNIT_ASSIGNED_CONTEXT ( ( #5966, #4227, #7448 ) ) REPRESENTATION_CONTEXT ( 'NONE', 'WORKASPACE' ) );
#438 = CARTESIAN_POINT ( 'NONE',  ( 6.191799725105584074, 13.76814494388263022, -9.183359049252656447 ) ) ;
#439 =( NAMED_UNIT ( * ) SI_UNIT ( $, .STERADIAN. ) SOLID_ANGLE_UNIT ( ) );
#440 = EDGE_CURVE ( 'NONE', #9226, #2384, #5442, .T. ) ;
#441 = CARTESIAN_POINT ( 'NONE',  ( 7.000000000000000000, 18.65697564738288960, -9.836544185263250029 ) ) ;
#442 = DIRECTION ( 'NONE',  ( 0.2873478855663449405, -1.122048803180699377E-15, 0.9578262852211515410 ) ) ;
#443 = CARTESIAN_POINT ( 'NONE',  ( 6.599999999999999645, 16.94999999999999929, -9.845735931288071896 ) ) ;
#444 = ORIENTED_EDGE ( 'NONE', *, *, #9545, .F. ) ;
#445 = CARTESIAN_POINT ( 'NONE',  ( 5.036640950747329981, 14.33318809514516623, -0.4082002748943869275 ) ) ;
#446 = PRESENTATION_LAYER_ASSIGNMENT (  '', '', ( #9665 ) ) ;
#447 = CARTESIAN_POINT ( 'NONE',  ( 8.163359049252656874, 11.14314494388263022, 7.211799725105582759 ) ) ;
#448 = DIRECTION ( 'NONE',  ( 0.0000000000000000000, -1.000000000000000000, 0.0000000000000000000 ) ) ;
#449 = VERTEX_POINT ( 'NONE', #3740 ) ;
#450 = CARTESIAN_POINT ( 'NONE',  ( 6.999999999999795719, 18.74304181000389846, -9.774089216025240390 ) ) ;
#451 = PRESENTATION_LAYER_ASSIGNMENT (  '', '', ( #4774 ) ) ;
#452 =( LENGTH_UNIT ( ) NAMED_UNIT ( * ) SI_UNIT ( .MILLI., .METRE. ) );
#453 = LINE ( 'NONE', #6986, #3333 ) ;
#454 = SHAPE_DEFINITION_REPRESENTATION ( #608, #9025 ) ;
#455 = ORIENTED_EDGE ( 'NONE', *, *, #5141, .T. ) ;
#456 = CARTESIAN_POINT ( 'NONE',  ( 1.832042833102431434, 11.50000000000000178, 10.81000000000000050 ) ) ;
#457 = CARTESIAN_POINT ( 'NONE',  ( 12.59999999999999964, 11.05000000000000071, 11.42999999999999972 ) ) ;
#459 = ORIENTED_EDGE ( 'NONE', *, *, #440, .F. ) ;
#458 = CARTESIAN_POINT ( 'NONE',  ( 8.163359049252656874, 11.62485476181183053, -0.4082002748944147386 ) ) ;
#460 = CARTESIAN_POINT ( 'NONE',  ( 5.990245359188429042, 16.20888873565663246, -6.578861877317066842 ) ) ;
#461 = ORIENTED_EDGE ( 'NONE', *, *, #5573, .T. ) ;
#462 = CARTESIAN_POINT ( 'NONE',  ( 5.206020063032066325, 15.41397827721596236, -6.803599450211221367 ) ) ;
#463 = CARTESIAN_POINT ( 'NONE',  ( 6.599999999999999645, 16.94999999999999929, 208.7460000000000093 ) ) ;
#464 = PLANE ( 'NONE',  #5926 ) ;
#465 = CARTESIAN_POINT ( 'NONE',  ( 6.199999999999999289, 18.42131751191039513, -9.853289184032703929 ) ) ;
#466 = CARTESIAN_POINT ( 'NONE',  ( 6.904877320405760521, 12.97972206898996639, 6.452355715851494367 ) ) ;
#467 = LINE ( 'NONE', #4517, #5524 ) ;
#468 = CARTESIAN_POINT ( 'NONE',  ( 10.81254805334779157, 21.69999999999999574, 1.564202544787749893 ) ) ;
#469 = VERTEX_POINT ( 'NONE', #4589 ) ;
#470 =( NAMED_UNIT ( * ) SI_UNIT ( $, .STERADIAN. ) SOLID_ANGLE_UNIT ( ) );
#472 = ORIENTED_EDGE ( 'NONE', *, *, #9802, .T. ) ;
#471 = CARTESIAN_POINT ( 'NONE',  ( 5.206020063032084089, 15.31235476181183053, -0.8164005497888203733 ) ) ;
#473 = CARTESIAN_POINT ( 'NONE',  ( 7.767644284148491174, 12.85472206898996284, -7.315122679594207256 ) ) ;
#474 = CARTESIAN_POINT ( 'NONE',  ( 6.600000000000000533, 17.25698273513623349, -5.269999999999999574 ) ) ;
#475 = CARTESIAN_POINT ( 'NONE',  ( 5.206020063032072542, 11.39568809514516623, 0.8164005497888000562 ) ) ;
#476 = FACE_OUTER_BOUND ( 'NONE', #3722, .T. ) ;
#477 = CARTESIAN_POINT ( 'NONE',  ( 6.200000000001177014, 18.72743090741203531, 5.440530578280757368 ) ) ;
#478 = CARTESIAN_POINT ( 'NONE',  ( 5.206020063032074319, 16.81235476181183586, 6.803599450211208044 ) ) ;
#479 = EDGE_CURVE ( 'NONE', #20, #2834, #5704, .T. ) ;
#480 = CARTESIAN_POINT ( 'NONE',  ( 8.299999999999998934, 0.8999999999999955813, 6.819999999999999396 ) ) ;
#481 = CARTESIAN_POINT ( 'NONE',  ( 6.904877320405791608, 12.27138873565663246, 8.787644284148495188 ) ) ;
#482 = CARTESIAN_POINT ( 'NONE',  ( 6.191799725105589403, 15.24985476181183053, 6.056640950747341989 ) ) ;
#483 = EDGE_LOOP ( 'NONE', ( #950, #359, #10312, #2777, #3930 ) ) ;
#484 = CARTESIAN_POINT ( 'NONE',  ( 7.993979936967930300, 13.66397827721596769, -8.436400549788782399 ) ) ;
#485 = CARTESIAN_POINT ( 'NONE',  ( 4.025000000000000355, 1.040834085586084257E-14, -4.410000000000000142 ) ) ;
#486 = ORIENTED_EDGE ( 'NONE', *, *, #5755, .T. ) ;
#487 = DIRECTION ( 'NONE',  ( -1.000000000000000000, -0.0000000000000000000, 0.0000000000000000000 ) ) ;
#488 =( LENGTH_UNIT ( ) NAMED_UNIT ( * ) SI_UNIT ( .MILLI., .METRE. ) );
#489 = DIRECTION ( 'NONE',  ( 0.0000000000000000000, 0.0000000000000000000, 1.000000000000000000 ) ) ;
#490 = FILL_AREA_STYLE_COLOUR ( '', #1265 ) ;
#491 = ORIENTED_EDGE ( 'NONE', *, *, #2895, .T. ) ;
#492 = CARTESIAN_POINT ( 'NONE',  ( 6.191799725105584074, 13.76814494388263022, -1.563359049252657673 ) ) ;
#493 = EDGE_CURVE ( 'NONE', #261, #4991, #10210, .T. ) ;
#494 = CARTESIAN_POINT ( 'NONE',  ( 5.783599450211219128, 11.43735476181183230, 9.013979936967928097 ) ) ;
#495 = EDGE_CURVE ( 'NONE', #4991, #1355, #7011, .T. ) ;
#496 = ADVANCED_FACE ( 'NONE', ( #476 ), #6062, .T. ) ;
#497 = FILL_AREA_STYLE_COLOUR ( '', #7960 ) ;
#498 = PRESENTATION_STYLE_ASSIGNMENT (( #7835 ) ) ;
#499 = ORIENTED_EDGE ( 'NONE', *, *, #4996, .T. ) ;
#500 = EDGE_LOOP ( 'NONE', ( #9330, #768, #200, #594 ) ) ;
#501 = SURFACE_SIDE_STYLE ('',( #4665 ) ) ;
#502 = CARTESIAN_POINT ( 'NONE',  ( 7.500000000000000888, -3.750000000000010214, 0.4999999999999997780 ) ) ;
#503 = VERTEX_POINT ( 'NONE', #3682 ) ;
#504 = VECTOR ( 'NONE', #6577, 1000.000000000000114 ) ;
#505 = LINE ( 'NONE', #7038, #5666 ) ;
#506 = EDGE_CURVE ( 'NONE', #10243, #8809, #716, .T. ) ;
#507 = CARTESIAN_POINT ( 'NONE',  ( 6.199999999999999289, 18.75000000000000000, -7.620000000000000107 ) ) ;
#508 = AXIS2_PLACEMENT_3D ( 'NONE', #188, #2790, #1823 ) ;
#509 = UNCERTAINTY_MEASURE_WITH_UNIT (LENGTH_MEASURE( 1.000000000000000082E-05 ), #1310, 'distance_accuracy_value', 'NONE');
#510 =( GEOMETRIC_REPRESENTATION_CONTEXT ( 3 ) GLOBAL_UNCERTAINTY_ASSIGNED_CONTEXT ( ( #9812 ) ) GLOBAL_UNIT_ASSIGNED_CONTEXT ( ( #3450, #10041, #6845 ) ) REPRESENTATION_CONTEXT ( 'NONE', 'WORKASPACE' ) );
#511 =( NAMED_UNIT ( * ) SI_UNIT ( $, .STERADIAN. ) SOLID_ANGLE_UNIT ( ) );
#512 = SURFACE_SIDE_STYLE ('',( #5419 ) ) ;
#514 = ORIENTED_EDGE ( 'NONE', *, *, #956, .F. ) ;
#513 = CARTESIAN_POINT ( 'NONE',  ( 6.191799725105594732, 11.95818809514516445, 1.563359049252657673 ) ) ;
#515 = ORIENTED_EDGE ( 'NONE', *, *, #4917, .T. ) ;
#516 = EDGE_CURVE ( 'NONE', #9311, #6472, #10570, .T. ) ;
#517 = ORIENTED_EDGE ( 'NONE', *, *, #1541, .T. ) ;
#518 = AXIS2_PLACEMENT_3D ( 'NONE', #2413, #5640, #8821 ) ;
#519 = LINE ( 'NONE', #463, #2282 ) ;
#520 = CARTESIAN_POINT ( 'NONE',  ( 12.06795716689758358, 8.199999999999997513, 10.80999999999999162 ) ) ;
#521 = CARTESIAN_POINT ( 'NONE',  ( 7.008200274894363702, 13.20818809514516623, 6.056640950747325114 ) ) ;
#522 = CARTESIAN_POINT ( 'NONE',  ( 6.599999999999999645, 16.94999999999999929, 9.133092460619714359 ) ) ;
#523 = DIRECTION ( 'NONE',  ( -1.000000000000000000, 9.637352644315610034E-17, 0.0000000000000000000 ) ) ;
#524 = EDGE_LOOP ( 'NONE', ( #6371, #3709, #2688 ) ) ;
#525 =( NAMED_UNIT ( * ) PLANE_ANGLE_UNIT ( ) SI_UNIT ( $, .RADIAN. ) );
#527 = ORIENTED_EDGE ( 'NONE', *, *, #7130, .T. ) ;
#526 = CARTESIAN_POINT ( 'NONE',  ( 7.993979936967932076, 14.56235476181183408, 0.8164005497887768525 ) ) ;
#528 = CARTESIAN_POINT ( 'NONE',  ( 5.206020063032059220, 12.81235476181183053, -8.436400549788771741 ) ) ;
#529 = DIRECTION ( 'NONE',  ( 0.0000000000000000000, 0.0000000000000000000, -1.000000000000000000 ) ) ;
#530 = CARTESIAN_POINT ( 'NONE',  ( 7.008200274894383242, 11.22647827721596769, -1.563359049252668775 ) ) ;
#531 = FILL_AREA_STYLE_COLOUR ( '', #9148 ) ;
#532 =( GEOMETRIC_REPRESENTATION_CONTEXT ( 3 ) GLOBAL_UNCERTAINTY_ASSIGNED_CONTEXT ( ( #1401 ) ) GLOBAL_UNIT_ASSIGNED_CONTEXT ( ( #1273, #567, #625 ) ) REPRESENTATION_CONTEXT ( 'NONE', 'WORKASPACE' ) );
#533 = CARTESIAN_POINT ( 'NONE',  ( 6.191799725105604502, 16.45818809514516445, 9.183359049252665329 ) ) ;
#534 = DIRECTION ( 'NONE',  ( 1.000000000000000000, -0.0000000000000000000, 0.0000000000000000000 ) ) ;
#535 = CARTESIAN_POINT ( 'NONE',  ( 7.008200274894408111, 12.49985476181183230, 9.183359049252656447 ) ) ;
#536 = CARTESIAN_POINT ( 'NONE',  ( 5.036640950747342416, 15.33318809514516801, 7.211799725105591641 ) ) ;
#537 = ORIENTED_EDGE ( 'NONE', *, *, #6997, .T. ) ;
#538 = VERTEX_POINT ( 'NONE', #5485 ) ;
#539 = CARTESIAN_POINT ( 'NONE',  ( 7.993979936967932076, 14.56235476181183408, -6.803599450211222255 ) ) ;
#540 = DIRECTION ( 'NONE',  ( 0.0000000000000000000, 0.0000000000000000000, 1.000000000000000000 ) ) ;
#541 = VERTEX_POINT ( 'NONE', #2363 ) ;
#542 = CARTESIAN_POINT ( 'NONE',  ( 6.599999999999999645, 16.94999999999999929, -9.669999999999999929 ) ) ;
#543 = ORIENTED_EDGE ( 'NONE', *, *, #9448, .T. ) ;
#544 = CARTESIAN_POINT ( 'NONE',  ( 5.783599450211212911, 14.27068809514516445, -1.393979936967932209 ) ) ;
#545 = AXIS2_PLACEMENT_3D ( 'NONE', #6632, #5009, #7305 ) ;
#546 = CARTESIAN_POINT ( 'NONE',  ( 8.163359049252678190, 11.58318809514516801, 8.028200274894359723 ) ) ;
#547 = CARTESIAN_POINT ( 'NONE',  ( 6.200000000000328804, 18.72531777649774298, -5.437045231976362025 ) ) ;
#548 = SURFACE_SIDE_STYLE ('',( #7179 ) ) ;
#549 = ORIENTED_EDGE ( 'NONE', *, *, #4930, .T. ) ;
#550 = VECTOR ( 'NONE', #3582, 1000.000000000000000 ) ;
#551 = DIRECTION ( 'NONE',  ( 0.0000000000000000000, -1.000000000000000000, 0.0000000000000000000 ) ) ;
#552 = DIRECTION ( 'NONE',  ( -0.0000000000000000000, 1.000000000000000000, 0.0000000000000000000 ) ) ;
#553 =( NAMED_UNIT ( * ) SI_UNIT ( $, .STERADIAN. ) SOLID_ANGLE_UNIT ( ) );
#554 = EDGE_CURVE ( 'NONE', #7616, #3774, #4700, .T. ) ;
#555 = CARTESIAN_POINT ( 'NONE',  ( 0.0000000000000000000, 0.0000000000000000000, 0.0000000000000000000 ) ) ;
#556 =( GEOMETRIC_REPRESENTATION_CONTEXT ( 3 ) GLOBAL_UNCERTAINTY_ASSIGNED_CONTEXT ( ( #651 ) ) GLOBAL_UNIT_ASSIGNED_CONTEXT ( ( #1343, #7867, #2808 ) ) REPRESENTATION_CONTEXT ( 'NONE', 'WORKASPACE' ) );
#557 = DIRECTION ( 'NONE',  ( 0.0000000000000000000, 0.2290393337206127755, 0.9734171683347371262 ) ) ;
#558 = VECTOR ( 'NONE', #400, 1000.000000000000000 ) ;
#559 = MECHANICAL_DESIGN_GEOMETRIC_PRESENTATION_REPRESENTATION (  '', ( #6380 ), #9103 ) ;
#560 = LINE ( 'NONE', #3923, #7382 ) ;
#561 = AXIS2_PLACEMENT_3D ( 'NONE', #3764, #3919, #6339 ) ;
#562 = DIRECTION ( 'NONE',  ( 0.0000000000000000000, 0.0000000000000000000, -1.000000000000000000 ) ) ;
#563 = MECHANICAL_DESIGN_GEOMETRIC_PRESENTATION_REPRESENTATION (  '', ( #9266 ), #4523 ) ;
#564 = EDGE_CURVE ( 'NONE', #10030, #6185, #7944, .T. ) ;
#565 =( BOUNDED_SURFACE ( )  B_SPLINE_SURFACE ( 3, 3, ( 
 ( #3540, #661, #6387, #2276 ),
 ( #8837, #2987, #9491, #8685 ),
 ( #3098, #7135, #8041, #6240 ),
 ( #3963, #9688, #4714, #2179 ) ),
 .UNSPECIFIED., .F., .F., .T. ) 
 B_SPLINE_SURFACE_WITH_KNOTS ( ( 4, 4 ),
 ( 4, 4 ),
 ( 0.0000000000000000000, 1.000000000000000000 ),
 ( 0.0000000000000000000, 1.000000000000000000 ),
 .UNSPECIFIED. ) 
 GEOMETRIC_REPRESENTATION_ITEM ( )  RATIONAL_B_SPLINE_SURFACE ( (
 ( 1.000000000000000000, 0.3333333333333334259, 0.3333333333333334259, 1.000000000000000000),
 ( 0.8047378541243649375, 0.2682459513747884050, 0.2682459513747884050, 0.8047378541243649375),
 ( 0.8047378541243649375, 0.2682459513747884050, 0.2682459513747884050, 0.8047378541243649375),
 ( 1.000000000000000000, 0.3333333333333334259, 0.3333333333333334259, 1.000000000000000000) ) ) 
 REPRESENTATION_ITEM ( '' )  SURFACE ( )  );
#566 = CARTESIAN_POINT ( 'NONE',  ( 2.099999999999998757, 4.800000000000001599, -1.699999999999994627 ) ) ;
#567 =( NAMED_UNIT ( * ) PLANE_ANGLE_UNIT ( ) SI_UNIT ( $, .RADIAN. ) );
#568 = ADVANCED_FACE ( 'NONE', ( #6317 ), #6177, .T. ) ;
#569 = SURFACE_STYLE_USAGE ( .BOTH. , #6197 ) ;
#571 = ORIENTED_EDGE ( 'NONE', *, *, #421, .T. ) ;
#570 = CARTESIAN_POINT ( 'NONE',  ( 7.641138122682925804, 11.91722206898996639, -0.6097546408115841476 ) ) ;
#572 = ORIENTED_EDGE ( 'NONE', *, *, #9452, .T. ) ;
#573 = AXIS2_PLACEMENT_3D ( 'NONE', #2326, #6437, #811 ) ;
#574 =( GEOMETRIC_REPRESENTATION_CONTEXT ( 3 ) GLOBAL_UNCERTAINTY_ASSIGNED_CONTEXT ( ( #7824 ) ) GLOBAL_UNIT_ASSIGNED_CONTEXT ( ( #9220, #4293, #5150 ) ) REPRESENTATION_CONTEXT ( 'NONE', 'WORKASPACE' ) );
#575 = CARTESIAN_POINT ( 'NONE',  ( 5.286623471394523932, 21.69999999999999929, 10.37273356758481668 ) ) ;
#576 = PLANE ( 'NONE',  #10302 ) ;
#577 = DIRECTION ( 'NONE',  ( 0.0000000000000000000, 0.0000000000000000000, -1.000000000000000000 ) ) ;
#578 = ORIENTED_EDGE ( 'NONE', *, *, #4815, .F. ) ;
#579 = DIRECTION ( 'NONE',  ( 0.0000000000000000000, -1.000000000000000000, 0.0000000000000000000 ) ) ;
#580 = B_SPLINE_CURVE_WITH_KNOTS ( 'NONE', 3,
 ( #9221, #3718, #6941, #6991, #7843, #7729, #2070, #10190, #5260, #5352, #1905, #6038, #9337, #8427, #1156, #347 ),
 .UNSPECIFIED., .F., .F.,
 ( 4, 3, 3, 3, 3, 4 ),
 ( 0.0000000000000000000, 3.459422188649581147E-05, 6.920741127230012769E-05, 0.0001035169635104245923, 0.0001372649979643128645, 0.0001506191642556572823 ),
 .UNSPECIFIED. ) ;
#581 = VECTOR ( 'NONE', #2669, 1000.000000000000000 ) ;
#583 = EDGE_LOOP ( 'NONE', ( #9982, #7906, #2946, #8654, #3889, #6261, #5790, #5745 ) ) ;
#582 = CARTESIAN_POINT ( 'NONE',  ( 7.008200274894382353, 15.20818809514516268, -1.563359049252668553 ) ) ;
#584 = CARTESIAN_POINT ( 'NONE',  ( 6.295122679594205906, 12.72972206898996816, -6.452355715851503248 ) ) ;
#585 = CARTESIAN_POINT ( 'NONE',  ( 6.599999999999999645, 16.94999999999999929, 2.225735931288070901 ) ) ;
#586 = CARTESIAN_POINT ( 'NONE',  ( 5.206020063032087641, 11.33064494388263199, -0.8164005497888185969 ) ) ;
#587 = CARTESIAN_POINT ( 'NONE',  ( 2.925018529003319046, 18.71222679458301030, -5.941726103799103598 ) ) ;
#588 = FACE_OUTER_BOUND ( 'NONE', #6539, .T. ) ;
#589 = DIRECTION ( 'NONE',  ( 0.0000000000000000000, 0.0000000000000000000, -1.000000000000000000 ) ) ;
#590 = CARTESIAN_POINT ( 'NONE',  ( 6.191799725105589403, 15.24985476181183053, 6.056640950747341989 ) ) ;
#591 = SURFACE_SIDE_STYLE ('',( #7930 ) ) ;
#592 = EDGE_CURVE ( 'NONE', #1713, #8217, #7116, .T. ) ;
#593 = CARTESIAN_POINT ( 'NONE',  ( 7.641138122682925804, 11.91722206898996639, 7.010245359188411740 ) ) ;
#594 = ORIENTED_EDGE ( 'NONE', *, *, #7302, .T. ) ;
#595 = ORIENTED_EDGE ( 'NONE', *, *, #5117, .T. ) ;
#596 = CARTESIAN_POINT ( 'NONE',  ( 8.163359049252656874, 13.64314494388263377, -8.028200274894414790 ) ) ;
#597 = CIRCLE ( 'NONE', #1968, 2.252347247925001739 ) ;
#598 =( NAMED_UNIT ( * ) PLANE_ANGLE_UNIT ( ) SI_UNIT ( $, .RADIAN. ) );
#599 = AXIS2_PLACEMENT_3D ( 'NONE', #4835, #7296, #3271 ) ;
#600 = CARTESIAN_POINT ( 'NONE',  ( 5.250000000000003553, 21.69999999999999929, -2.734958866235472463 ) ) ;
#601 = DIRECTION ( 'NONE',  ( -0.0000000000000000000, -1.000000000000000000, 0.0000000000000000000 ) ) ;
#602 = CARTESIAN_POINT ( 'NONE',  ( 6.955764655264499829, 18.75000000000000000, 5.440873217244627469 ) ) ;
#603 = CARTESIAN_POINT ( 'NONE',  ( 7.767644284148501832, 14.85472206898996461, -7.315122679594225019 ) ) ;
#604 = VERTEX_POINT ( 'NONE', #6425 ) ;
#605 = CARTESIAN_POINT ( 'NONE',  ( 5.783599450211192483, 14.77068809514516801, -1.393979936967921773 ) ) ;
#606 = CARTESIAN_POINT ( 'NONE',  ( 5.114668954779618915, 21.66824298997549647, 4.801831014354341676 ) ) ;
#607 = CARTESIAN_POINT ( 'NONE',  ( 9.224999999999999645, 0.8999999999999920286, 8.419999999999999929 ) ) ;
#608 = PRODUCT_DEFINITION_SHAPE ( 'NONE', 'NONE',  #9335 ) ;
#609 = CARTESIAN_POINT ( 'NONE',  ( 7.416400549788761509, 10.70564494388262133, 6.226020063032052576 ) ) ;
#610 = CARTESIAN_POINT ( 'NONE',  ( 12.05641016151378331, -6.929999999999949978, 10.82999999999998941 ) ) ;
#611 = CARTESIAN_POINT ( 'NONE',  ( 2.100000000000002309, 9.400000000000005684, 1.700000000000010392 ) ) ;
#612 = VERTEX_POINT ( 'NONE', #9624 ) ;
#613 = DIRECTION ( 'NONE',  ( 1.000000000000000000, 0.0000000000000000000, 0.0000000000000000000 ) ) ;
#614 = CARTESIAN_POINT ( 'NONE',  ( 6.600000000000000533, 17.07426406871192981, 9.969999999999998863 ) ) ;
#615 = AXIS2_PLACEMENT_3D ( 'NONE', #6650, #6546, #5127 ) ;
#616 = PLANE ( 'NONE',  #4475 ) ;
#617 = CARTESIAN_POINT ( 'NONE',  ( 8.163359049252669308, 14.14314494388263199, 7.211799725105607628 ) ) ;
#618 = CARTESIAN_POINT ( 'NONE',  ( 5.161099253486329808, 21.68893845320442892, 10.40913825655566782 ) ) ;
#619 = EDGE_CURVE ( 'NONE', #9430, #8964, #1391, .T. ) ;
#620 = STYLED_ITEM ( 'NONE', ( #5669 ), #10487 ) ;
#621 = PLANE ( 'NONE',  #8753 ) ;
#622 = VERTEX_POINT ( 'NONE', #2310 ) ;
#623 = UNCERTAINTY_MEASURE_WITH_UNIT (LENGTH_MEASURE( 1.000000000000000082E-05 ), #8958, 'distance_accuracy_value', 'NONE');
#624 = DIRECTION ( 'NONE',  ( 1.000000000000000000, 0.0000000000000000000, -0.0000000000000000000 ) ) ;
#625 =( NAMED_UNIT ( * ) SI_UNIT ( $, .STERADIAN. ) SOLID_ANGLE_UNIT ( ) );
#626 =( NAMED_UNIT ( * ) PLANE_ANGLE_UNIT ( ) SI_UNIT ( $, .RADIAN. ) );
#628 = EDGE_LOOP ( 'NONE', ( #10429, #7695, #1141, #6578 ) ) ;
#627 = CARTESIAN_POINT ( 'NONE',  ( 7.416400549788777496, 12.18735476181183230, -1.393979936967932209 ) ) ;
#629 = ORIENTED_EDGE ( 'NONE', *, *, #3559, .F. ) ;
#630 = PRODUCT_DEFINITION_FORMATION_WITH_SPECIFIED_SOURCE ( 'ANY', '', #3893, .NOT_KNOWN. ) ;
#631 = PRESENTATION_STYLE_ASSIGNMENT (( #3276 ) ) ;
#632 = ADVANCED_FACE ( 'NONE', ( #2206 ), #10371, .F. ) ;
#633 = SURFACE_STYLE_FILL_AREA ( #4679 ) ;
#634 = DIRECTION ( 'NONE',  ( 1.000000000000000000, 0.0000000000000000000, -0.0000000000000000000 ) ) ;
#635 = EDGE_CURVE ( 'NONE', #9013, #20, #3289, .T. ) ;
#636 = FACE_OUTER_BOUND ( 'NONE', #1846, .T. ) ;
#637 = DIRECTION ( 'NONE',  ( 0.5547001962252289253, 0.0000000000000000000, 0.8320502943378437211 ) ) ;
#639 = EDGE_LOOP ( 'NONE', ( #4450, #5288, #3998, #1818 ) ) ;
#638 = CARTESIAN_POINT ( 'NONE',  ( 7.641138122682932909, 14.91722206898996284, -0.6097546408115617211 ) ) ;
#640 = CARTESIAN_POINT ( 'NONE',  ( 7.993979936967921418, 12.14568809514516623, -8.436400549788814374 ) ) ;
#641 = CARTESIAN_POINT ( 'NONE',  ( 6.999999999999832134, 18.74954171588529661, -2.126333261643283290 ) ) ;
#642 = CARTESIAN_POINT ( 'NONE',  ( 5.783599450211226234, 11.45564494388263022, 1.393979936967931765 ) ) ;
#643 = EDGE_CURVE ( 'NONE', #8984, #9689, #9328, .T. ) ;
#644 = SURFACE_STYLE_USAGE ( .BOTH. , #8022 ) ;
#645 = FILL_AREA_STYLE ('',( #7981 ) ) ;
#646 = CARTESIAN_POINT ( 'NONE',  ( 5.432355715851494793, 15.60472206898995928, 7.315122679594223243 ) ) ;
#647 = DIRECTION ( 'NONE',  ( 0.0000000000000000000, 0.9805806756909203337, -0.1961161351381830176 ) ) ;
#648 = CARTESIAN_POINT ( 'NONE',  ( 5.558861877317079703, 12.66722206898996461, 8.229754640811581368 ) ) ;
#649 = ORIENTED_EDGE ( 'NONE', *, *, #2670, .T. ) ;
#650 = CARTESIAN_POINT ( 'NONE',  ( 4.025000000000000355, 16.30000000000000071, -4.410000000000000142 ) ) ;
#651 = UNCERTAINTY_MEASURE_WITH_UNIT (LENGTH_MEASURE( 1.000000000000000082E-05 ), #1343, 'distance_accuracy_value', 'NONE');
#652 = CARTESIAN_POINT ( 'NONE',  ( 5.058239402572852761, 21.63072727432660969, -2.851688661799589575 ) ) ;
#653 = SURFACE_SIDE_STYLE ('',( #1459 ) ) ;
#654 = CARTESIAN_POINT ( 'NONE',  ( 5.036640950747342416, 15.33318809514516801, -8.028200274894411237 ) ) ;
#655 = ORIENTED_EDGE ( 'NONE', *, *, #4078, .T. ) ;
#656 = CARTESIAN_POINT ( 'NONE',  ( 7.993979936967921418, 14.16397827721596592, -0.8164005497888086049 ) ) ;
#657 = EDGE_CURVE ( 'NONE', #2599, #538, #3323, .T. ) ;
#658 = DIRECTION ( 'NONE',  ( -0.0000000000000000000, -0.0000000000000000000, -1.000000000000000000 ) ) ;
#659 = PRESENTATION_STYLE_ASSIGNMENT (( #2330 ) ) ;
#660 = LINE ( 'NONE', #8090, #4562 ) ;
#661 = CARTESIAN_POINT ( 'NONE',  ( 1.900000000000001688, 17.25000000000000355, -2.349999999999999645 ) ) ;
#662 = VERTEX_POINT ( 'NONE', #5066 ) ;
#663 = CARTESIAN_POINT ( 'NONE',  ( 7.500000000000000000, 0.9000000000000100142, -6.819999999999978080 ) ) ;
#664 = CARTESIAN_POINT ( 'NONE',  ( 6.200000000000000178, 18.75000000000000000, 5.504900159113811142 ) ) ;
#665 = CARTESIAN_POINT ( 'NONE',  ( 6.599999999999999645, 17.25000000000000000, 9.969999999999998863 ) ) ;
#666 = CONTEXT_DEPENDENT_SHAPE_REPRESENTATION ( #3350, #9380 ) ;
#667 = LINE ( 'NONE', #4617, #5840 ) ;
#668 = CARTESIAN_POINT ( 'NONE',  ( 6.191799725105618712, 12.97647827721596592, 9.183359049252670658 ) ) ;
#669 = CARTESIAN_POINT ( 'NONE',  ( 4.983826230374253541, 21.56258458090811558, 10.51596770816522053 ) ) ;
#670 = DIRECTION ( 'NONE',  ( 1.000000000000000000, -0.0000000000000000000, 0.0000000000000000000 ) ) ;
#671 = VERTEX_POINT ( 'NONE', #9022 ) ;
#672 = CARTESIAN_POINT ( 'NONE',  ( 1.853589838486221497, 0.8999999999999930278, -12.02999999999999936 ) ) ;
#673 = B_SPLINE_CURVE_WITH_KNOTS ( 'NONE', 3,
 ( #304, #1158, #5109, #5153 ),
 .UNSPECIFIED., .F., .F.,
 ( 4, 4 ),
 ( 8.673617379884035472E-19, 0.0005672295858968112508 ),
 .UNSPECIFIED. ) ;
#674 = FILL_AREA_STYLE ('',( #8160 ) ) ;
#676 = VERTEX_POINT ( 'NONE', #1004 ) ;
#675 = CARTESIAN_POINT ( 'NONE',  ( 5.558861877317067268, 12.08388873565663779, -0.6097546408115597227 ) ) ;
#677 = VERTEX_POINT ( 'NONE', #5802 ) ;
#678 = DIRECTION ( 'NONE',  ( -0.0000000000000000000, -0.0000000000000000000, -1.000000000000000000 ) ) ;
#679 = SURFACE_STYLE_USAGE ( .BOTH. , #1529 ) ;
#680 = CARTESIAN_POINT ( 'NONE',  ( 6.599999999999999645, 17.02352941176470580, -10.12000000007101974 ) ) ;
#681 =( NAMED_UNIT ( * ) PLANE_ANGLE_UNIT ( ) SI_UNIT ( $, .RADIAN. ) );
#682 = CARTESIAN_POINT ( 'NONE',  ( 11.29999999999999716, 17.25698273513599901, 2.349999999999999645 ) ) ;
#684 = ORIENTED_EDGE ( 'NONE', *, *, #9250, .T. ) ;
#683 = CARTESIAN_POINT ( 'NONE',  ( 7.993979936967930300, 15.14568809514516268, -0.8164005497887824037 ) ) ;
#685 = VECTOR ( 'NONE', #9023, 1000.000000000000000 ) ;
#686 = EDGE_CURVE ( 'NONE', #4204, #5308, #1767, .T. ) ;
#687 = CARTESIAN_POINT ( 'NONE',  ( 6.200000000000000178, 18.75000000000000000, -9.735099840886190847 ) ) ;
#688 = COLOUR_RGB ( '',0.2862745098039215508, 0.6431372549019607199, 0.8666666666666666963 ) ;
#689 = SURFACE_SIDE_STYLE ('',( #1771 ) ) ;
#690 = CARTESIAN_POINT ( 'NONE',  ( 7.993979936967930300, 15.14568809514516268, 6.803599450211216038 ) ) ;
#691 = CARTESIAN_POINT ( 'NONE',  ( 0.0000000000000000000, -36.96000000000000085, -4.570000000000040252 ) ) ;
#692 = CARTESIAN_POINT ( 'NONE',  ( 7.993979936967930300, 12.06235476181183408, 8.436400549788778847 ) ) ;
#693 = ORIENTED_EDGE ( 'NONE', *, *, #516, .T. ) ;
#694 = ORIENTED_EDGE ( 'NONE', *, *, #10575, .T. ) ;
#695 = CARTESIAN_POINT ( 'NONE',  ( 5.783599450211228898, 13.93735476181183230, -6.226020063032058793 ) ) ;
#696 = EDGE_CURVE ( 'NONE', #7593, #5005, #904, .T. ) ;
#697 =( NAMED_UNIT ( * ) PLANE_ANGLE_UNIT ( ) SI_UNIT ( $, .RADIAN. ) );
#698 =( NAMED_UNIT ( * ) PLANE_ANGLE_UNIT ( ) SI_UNIT ( $, .RADIAN. ) );
#699 = LINE ( 'NONE', #7880, #1914 ) ;
#700 = ADVANCED_FACE ( 'NONE', ( #968 ), #9562, .T. ) ;
#701 = CARTESIAN_POINT ( 'NONE',  ( 5.558861877317066380, 14.66722206898996639, -7.010245359188437497 ) ) ;
#702 = CARTESIAN_POINT ( 'NONE',  ( 7.416400549788780161, 13.20564494388262844, -1.393979936967931765 ) ) ;
#703 = CARTESIAN_POINT ( 'NONE',  ( 4.950000000000000178, 21.39999999999999858, 4.704524052577350623 ) ) ;
#704 = DIRECTION ( 'NONE',  ( 0.0000000000000000000, 1.000000000000000000, 0.0000000000000000000 ) ) ;
#705 = LINE ( 'NONE', #611, #5403 ) ;
#706 = EDGE_LOOP ( 'NONE', ( #5422, #9062, #2529, #6828, #6623, #746, #9175, #8055 ) ) ;
#707 =( GEOMETRIC_REPRESENTATION_CONTEXT ( 3 ) GLOBAL_UNCERTAINTY_ASSIGNED_CONTEXT ( ( #9180 ) ) GLOBAL_UNIT_ASSIGNED_CONTEXT ( ( #8167, #5794, #3395 ) ) REPRESENTATION_CONTEXT ( 'NONE', 'WORKASPACE' ) );
#708 = CARTESIAN_POINT ( 'NONE',  ( 6.600000000000000533, 16.94999999999999929, 9.845735931288073672 ) ) ;
#709 = CARTESIAN_POINT ( 'NONE',  ( 6.199999999999999289, 18.65697564738271197, 2.216544185266154710 ) ) ;
#710 = PLANE ( 'NONE',  #1198 ) ;
#711 = CARTESIAN_POINT ( 'NONE',  ( 7.993979936967914313, 13.16397827721596947, 6.803599450211176958 ) ) ;
#712 = AXIS2_PLACEMENT_3D ( 'NONE', #9974, #5946, #4144 ) ;
#713 = STYLED_ITEM ( 'NONE', ( #5197 ), #4207 ) ;
#714 = CARTESIAN_POINT ( 'NONE',  ( 4.949999999999998401, 21.47975838090553680, 10.53491325881406482 ) ) ;
#715 =( NAMED_UNIT ( * ) SI_UNIT ( $, .STERADIAN. ) SOLID_ANGLE_UNIT ( ) );
#716 = CIRCLE ( 'NONE', #2624, 0.2999999999999999334 ) ;
#717 = MECHANICAL_DESIGN_GEOMETRIC_PRESENTATION_REPRESENTATION (  '', ( #5881 ), #203 ) ;
#718 = DIRECTION ( 'NONE',  ( 0.0000000000000000000, -0.0000000000000000000, -1.000000000000000000 ) ) ;
#720 = ORIENTED_EDGE ( 'NONE', *, *, #6142, .T. ) ;
#719 = CARTESIAN_POINT ( 'NONE',  ( 5.558861877317069045, 11.16722206898996639, 0.6097546408115782635 ) ) ;
#721 = VERTEX_POINT ( 'NONE', #9020 ) ;
#722 = ORIENTED_EDGE ( 'NONE', *, *, #686, .F. ) ;
#723 = LINE ( 'NONE', #5731, #1950 ) ;
#724 = CONICAL_SURFACE ( 'NONE', #1073, 2.500000000046293192, 1.339705659604068844 ) ;
#725 = AXIS2_PLACEMENT_3D ( 'NONE', #9394, #7802, #7001 ) ;
#726 = SURFACE_STYLE_USAGE ( .BOTH. , #8059 ) ;
#727 = AXIS2_PLACEMENT_3D ( 'NONE', #202, #8392, #272 ) ;
#728 = FILL_AREA_STYLE_COLOUR ( '', #9920 ) ;
#729 = FACE_OUTER_BOUND ( 'NONE', #5448, .T. ) ;
#730 = CARTESIAN_POINT ( 'NONE',  ( 6.600000000000000533, 17.26396121657842642, 2.349756306058153221 ) ) ;
#731 = CARTESIAN_POINT ( 'NONE',  ( 5.783599450211219128, 15.27068809514516445, 6.226020063032068563 ) ) ;
#732 =( GEOMETRIC_REPRESENTATION_CONTEXT ( 3 ) GLOBAL_UNCERTAINTY_ASSIGNED_CONTEXT ( ( #8957 ) ) GLOBAL_UNIT_ASSIGNED_CONTEXT ( ( #10331, #697, #5543 ) ) REPRESENTATION_CONTEXT ( 'NONE', 'WORKASPACE' ) );
#733 = DIRECTION ( 'NONE',  ( -1.000000000000000000, 0.0000000000000000000, 0.0000000000000000000 ) ) ;
#734 = MECHANICAL_DESIGN_GEOMETRIC_PRESENTATION_REPRESENTATION (  '', ( #8259 ), #5554 ) ;
#735 = COLOUR_RGB ( '',0.2862745098039215508, 0.6431372549019607199, 0.8666666666666666963 ) ;
#737 = ORIENTED_EDGE ( 'NONE', *, *, #7916, .F. ) ;
#736 = CARTESIAN_POINT ( 'NONE',  ( 7.008200274894370807, 13.99985476181183230, 1.563359049252676991 ) ) ;
#738 = CARTESIAN_POINT ( 'NONE',  ( 7.416400549788777496, 12.18735476181183230, -9.013979936967933426 ) ) ;
#739 = CARTESIAN_POINT ( 'NONE',  ( 6.599999999999999645, 17.94999999998481144, -9.921783801065286568 ) ) ;
#740 = CARTESIAN_POINT ( 'NONE',  ( 6.199999999999999289, 18.65697564738198722, 5.403455814738342688 ) ) ;
#741 = CARTESIAN_POINT ( 'NONE',  ( 5.202773471737122790, 21.69999999999998863, -10.38424945131212773 ) ) ;
#742 = CARTESIAN_POINT ( 'NONE',  ( 7.416400549788780161, 15.02068809514516445, 9.013979936967933426 ) ) ;
#743 = COLOUR_RGB ( '',0.2862745098039215508, 0.6431372549019607199, 0.8666666666666666963 ) ;
#744 = CARTESIAN_POINT ( 'NONE',  ( 8.163359049252656874, 11.62485476181183053, 7.211799725105582759 ) ) ;
#745 = ADVANCED_FACE ( 'NONE', ( #8224 ), #4657, .T. ) ;
#746 = ORIENTED_EDGE ( 'NONE', *, *, #2368, .F. ) ;
#747 = CARTESIAN_POINT ( 'NONE',  ( 7.008200274894363702, 12.72647827721596592, -9.183359049252674211 ) ) ;
#748 = SURFACE_STYLE_FILL_AREA ( #918 ) ;
#749 = ORIENTED_EDGE ( 'NONE', *, *, #2707, .F. ) ;
#750 = UNCERTAINTY_MEASURE_WITH_UNIT (LENGTH_MEASURE( 1.000000000000000082E-05 ), #4316, 'distance_accuracy_value', 'NONE');
#751 = FILL_AREA_STYLE ('',( #9529 ) ) ;
#752 = CARTESIAN_POINT ( 'NONE',  ( 5.114668954781325105, 21.66824298997628517, -2.818168985644813329 ) ) ;
#753 = DIRECTION ( 'NONE',  ( -1.000000000000000000, -0.0000000000000000000, 0.0000000000000000000 ) ) ;
#754 = CARTESIAN_POINT ( 'NONE',  ( 9.454776676626549303, 21.70000000000000284, -6.509523181063026520 ) ) ;
#755 = AXIS2_PLACEMENT_3D ( 'NONE', #8835, #9793, #7178 ) ;
#756 = CARTESIAN_POINT ( 'NONE',  ( 7.008200274894371695, 15.70818809514516445, -9.183359049252672435 ) ) ;
#757 = VECTOR ( 'NONE', #7150, 1000.000000000000000 ) ;
#758 = AXIS2_PLACEMENT_3D ( 'NONE', #133, #8428, #7524 ) ;
#759 = CARTESIAN_POINT ( 'NONE',  ( 5.206020063032073431, 13.39568809514516801, 0.8164005497887854013 ) ) ;
#760 = FILL_AREA_STYLE_COLOUR ( '', #8643 ) ;
#761 = CARTESIAN_POINT ( 'NONE',  ( 8.299999999999998934, -3.750000000000008438, 7.120000000000000995 ) ) ;
#762 = DIRECTION ( 'NONE',  ( -0.0000000000000000000, 0.0000000000000000000, -1.000000000000000000 ) ) ;
#763 = ADVANCED_FACE ( 'NONE', ( #346 ), #10187, .F. ) ;
#764 = LINE ( 'NONE', #5087, #6764 ) ;
#765 = ADVANCED_FACE ( 'NONE', ( #2308 ), #6422, .T. ) ;
#766 = COLOUR_RGB ( '',0.2862745098039215508, 0.6431372549019607199, 0.8666666666666666963 ) ;
#767 = LINE ( 'NONE', #8094, #2487 ) ;
#768 = ORIENTED_EDGE ( 'NONE', *, *, #8805, .F. ) ;
#769 = CIRCLE ( 'NONE', #3717, 2.187500000039471981 ) ;
#770 = CARTESIAN_POINT ( 'NONE',  ( 8.163359049252678190, 11.58318809514516801, -7.211799725105638714 ) ) ;
#771 = DIRECTION ( 'NONE',  ( -0.0000000000000000000, -0.0000000000000000000, -1.000000000000000000 ) ) ;
#772 = CARTESIAN_POINT ( 'NONE',  ( 3.169680138593194307, 18.75000000000000000, 6.077983245373633103 ) ) ;
#773 = CARTESIAN_POINT ( 'NONE',  ( 26.05000000000000071, -4.750000000000000000, -7.120000000000000107 ) ) ;
#774 = CARTESIAN_POINT ( 'NONE',  ( 7.008200274894395676, 16.01814494388263554, 1.563359049252663446 ) ) ;
#775 = AXIS2_PLACEMENT_3D ( 'NONE', #10286, #5347, #343 ) ;
#776 = VECTOR ( 'NONE', #4661, 1000.000000000000000 ) ;
#777 = CARTESIAN_POINT ( 'NONE',  ( 5.783599450211198700, 13.43735476181183230, 9.013979936967928097 ) ) ;
#778 = CARTESIAN_POINT ( 'NONE',  ( 6.999999999999999112, 18.75000000000000000, -9.735099840886189071 ) ) ;
#779 =( LENGTH_UNIT ( ) NAMED_UNIT ( * ) SI_UNIT ( .MILLI., .METRE. ) );
#780 = COLOUR_RGB ( '',0.2862745098039215508, 0.6431372549019607199, 0.8666666666666666963 ) ;
#781 = CARTESIAN_POINT ( 'NONE',  ( 7.500000000000000000, 0.8999999999999916955, 6.819999999999999396 ) ) ;
#782 =( NAMED_UNIT ( * ) PLANE_ANGLE_UNIT ( ) SI_UNIT ( $, .RADIAN. ) );
#784 = ORIENTED_EDGE ( 'NONE', *, *, #3833, .F. ) ;
#783 = CARTESIAN_POINT ( 'NONE',  ( 7.702110499919415432, 11.04129925530718914, 1.108269986837310483 ) ) ;
#785 = ORIENTED_EDGE ( 'NONE', *, *, #2970, .F. ) ;
#786 = DIRECTION ( 'NONE',  ( -0.6838758462128041726, -0.7001586044559660049, 0.2051627538638413628 ) ) ;
#787 = EDGE_CURVE ( 'NONE', #2842, #622, #3184, .T. ) ;
#788 = SURFACE_STYLE_USAGE ( .BOTH. , #6413 ) ;
#789 = LINE ( 'NONE', #10459, #10276 ) ;
#790 = DIRECTION ( 'NONE',  ( -5.406707733767421070E-16, 1.000000000000000000, 3.604471822511612075E-16 ) ) ;
#791 = CARTESIAN_POINT ( 'NONE',  ( 11.29951261211630786, 17.26396121657842286, 2.349756306058153665 ) ) ;
#792 = CARTESIAN_POINT ( 'NONE',  ( 6.191799725105591179, 14.97647827721596414, 9.183359049252660000 ) ) ;
#793 = FILL_AREA_STYLE ('',( #4905 ) ) ;
#795 = ORIENTED_EDGE ( 'NONE', *, *, #2734, .T. ) ;
#794 = CARTESIAN_POINT ( 'NONE',  ( 7.767644284148502720, 13.85472206898996994, 0.3048773204057628194 ) ) ;
#796 = CARTESIAN_POINT ( 'NONE',  ( 5.783599450211219128, 10.95564494388263199, -6.226020063032069451 ) ) ;
#797 = CARTESIAN_POINT ( 'NONE',  ( 7.641138122682924916, 11.83388873565663779, -7.010245359188438385 ) ) ;
#798 = ORIENTED_EDGE ( 'NONE', *, *, #8416, .F. ) ;
#799 = FACE_OUTER_BOUND ( 'NONE', #2735, .T. ) ;
#800 = CARTESIAN_POINT ( 'NONE',  ( 6.253159534208855952, 18.75000000000000000, -9.744464409729324927 ) ) ;
#801 = DIRECTION ( 'NONE',  ( 0.0000000000000000000, -1.215927670077199944E-16, -1.000000000000000000 ) ) ;
#802 = CARTESIAN_POINT ( 'NONE',  ( 5.250000000000016875, 21.69999999999999929, -10.35495886623548323 ) ) ;
#803 = CARTESIAN_POINT ( 'NONE',  ( 5.036640950747340639, 15.87485476181182875, 8.028200274894409461 ) ) ;
#804 = CARTESIAN_POINT ( 'NONE',  ( 6.955764655264252916, 18.75000000000000000, -9.799126782755426035 ) ) ;
#805 = CARTESIAN_POINT ( 'NONE',  ( 5.783599450211225346, 11.77068809514516623, 6.226020063032060570 ) ) ;
#806 = ORIENTED_EDGE ( 'NONE', *, *, #3475, .F. ) ;
#807 = ORIENTED_EDGE ( 'NONE', *, *, #1541, .F. ) ;
#808 = CARTESIAN_POINT ( 'NONE',  ( 8.163359049252672861, 12.64314494388262844, -8.028200274894377486 ) ) ;
#809 = CARTESIAN_POINT ( 'NONE',  ( 7.913376528605485127, 21.69999999999999929, -10.37273356758481135 ) ) ;
#810 = DIRECTION ( 'NONE',  ( -0.0000000000000000000, 1.000000000000000000, -0.0000000000000000000 ) ) ;
#811 = DIRECTION ( 'NONE',  ( 0.9578262852211514300, 0.0000000000000000000, 0.2873478855663448850 ) ) ;
#812 = CARTESIAN_POINT ( 'NONE',  ( 5.783599450211217352, 15.77068809514516445, -9.013979936967933426 ) ) ;
#813 = CARTESIAN_POINT ( 'NONE',  ( 5.036640950747329981, 13.33318809514516445, -0.4082002748943862613 ) ) ;
#814 = LINE ( 'NONE', #1464, #9119 ) ;
#815 = PRESENTATION_STYLE_ASSIGNMENT (( #8143 ) ) ;
#816 = CARTESIAN_POINT ( 'NONE',  ( 7.699017176186970346, 11.04107708213589767, 8.731336150022809051 ) ) ;
#817 = CARTESIAN_POINT ( 'NONE',  ( 6.599999999999999645, 21.69999999999999929, -7.620000000000000107 ) ) ;
#818 = CARTESIAN_POINT ( 'NONE',  ( 5.036640950747337087, 16.39314494388262844, 8.028200274894398802 ) ) ;
#819 = VERTEX_POINT ( 'NONE', #2618 ) ;
#820 = CARTESIAN_POINT ( 'NONE',  ( 7.993979936967930300, 11.58064494388263022, -6.803599450211221367 ) ) ;
#821 = CARTESIAN_POINT ( 'NONE',  ( 10.28129613775518614, 18.65697564737693881, 1.681157649620119043 ) ) ;
#822 = SURFACE_SIDE_STYLE ('',( #10496 ) ) ;
#823 = EDGE_CURVE ( 'NONE', #5992, #541, #3650, .T. ) ;
#824 = CARTESIAN_POINT ( 'NONE',  ( 6.200000000000708056, 18.68925460028444618, 2.208634852016889027 ) ) ;
#825 = CONTEXT_DEPENDENT_SHAPE_REPRESENTATION ( #2928, #10069 ) ;
#826 = CARTESIAN_POINT ( 'NONE',  ( 6.191799725105604502, 16.45818809514516445, 1.563359049252664335 ) ) ;
#827 = EDGE_CURVE ( 'NONE', #9689, #9505, #9616, .T. ) ;
#828 = EDGE_CURVE ( 'NONE', #1989, #3468, #8859, .T. ) ;
#829 = CARTESIAN_POINT ( 'NONE',  ( 7.008200274894414328, 13.22647827721596059, 6.056640950747340213 ) ) ;
#830 = CARTESIAN_POINT ( 'NONE',  ( 1.900487387883693202, 17.26396121657842286, 2.349756306058153665 ) ) ;
#831 = FILL_AREA_STYLE_COLOUR ( '', #4703 ) ;
#832 = CARTESIAN_POINT ( 'NONE',  ( 10.69999999999999929, 16.94999999999999929, 5.569999999999996732 ) ) ;
#833 = ORIENTED_EDGE ( 'NONE', *, *, #6723, .F. ) ;
#834 = UNCERTAINTY_MEASURE_WITH_UNIT (LENGTH_MEASURE( 1.000000000000000082E-05 ), #9326, 'distance_accuracy_value', 'NONE');
#835 = FACE_BOUND ( 'NONE', #4486, .T. ) ;
#836 = EDGE_CURVE ( 'NONE', #2243, #6083, #8710, .T. ) ;
#837 = FILL_AREA_STYLE_COLOUR ( '', #1038 ) ;
#839 = ORIENTED_EDGE ( 'NONE', *, *, #1606, .T. ) ;
#838 = CARTESIAN_POINT ( 'NONE',  ( 7.993979936967914313, 11.14568809514516978, -0.8164005497888121576 ) ) ;
#840 = LINE ( 'NONE', #9871, #10568 ) ;
#841 = VERTEX_POINT ( 'NONE', #9667 ) ;
#842 = ADVANCED_FACE ( 'NONE', ( #7153 ), #1799, .T. ) ;
#843 = CARTESIAN_POINT ( 'NONE',  ( 6.599999999999999645, 21.39999999999999858, 0.0000000000000000000 ) ) ;
#844 = CARTESIAN_POINT ( 'NONE',  ( 3.250000000000000000, 17.19999999999999929, 11.42999999999999972 ) ) ;
#845 = PRESENTATION_STYLE_ASSIGNMENT (( #9874 ) ) ;
#846 = CARTESIAN_POINT ( 'NONE',  ( 6.599999999999999645, 17.94999999998481144, 9.921783801063874364 ) ) ;
#847 = DIRECTION ( 'NONE',  ( 0.1051056407233113416, -0.9944610622282513690, 0.0000000000000000000 ) ) ;
#848 = LINE ( 'NONE', #6586, #8621 ) ;
#850 = VERTEX_POINT ( 'NONE', #5634 ) ;
#849 = CARTESIAN_POINT ( 'NONE',  ( 6.904877320405803154, 13.47972206898996816, -1.167644284148494416 ) ) ;
#851 = CARTESIAN_POINT ( 'NONE',  ( 8.163359049252655097, 10.60147827721590552, -7.211799725105577430 ) ) ;
#852 = CARTESIAN_POINT ( 'NONE',  ( 6.904877320405772068, 11.77138873565663424, -6.452355715851497919 ) ) ;
#853 = EDGE_LOOP ( 'NONE', ( #2785, #7334, #7562, #8711 ) ) ;
#854 = VERTEX_POINT ( 'NONE', #4844 ) ;
#855 = DIRECTION ( 'NONE',  ( 0.0000000000000000000, 1.000000000000000000, -0.0000000000000000000 ) ) ;
#856 = DIRECTION ( 'NONE',  ( 0.0000000000000000000, 0.0000000000000000000, -1.000000000000000000 ) ) ;
#857 = AXIS2_PLACEMENT_3D ( 'NONE', #9154, #9248, #116 ) ;
#858 = CARTESIAN_POINT ( 'NONE',  ( 5.990245359188436147, 14.70888873565663779, 8.661138122682931595 ) ) ;
#859 = FACE_OUTER_BOUND ( 'NONE', #4052, .T. ) ;
#860 = CARTESIAN_POINT ( 'NONE',  ( 6.295122679594211235, 11.22972206898996461, 8.787644284148498741 ) ) ;
#861 = ORIENTED_EDGE ( 'NONE', *, *, #7851, .F. ) ;
#862 = VECTOR ( 'NONE', #9719, 1000.000000000000000 ) ;
#863 = CARTESIAN_POINT ( 'NONE',  ( 5.206020063032076983, 12.83064494388263199, -8.436400549788807268 ) ) ;
#864 = CARTESIAN_POINT ( 'NONE',  ( 10.97482679280570750, 21.39999999999999858, -9.244459855567475515 ) ) ;
#865 = EDGE_CURVE ( 'NONE', #892, #10015, #4962, .T. ) ;
#866 = SURFACE_STYLE_FILL_AREA ( #4980 ) ;
#867 = FILL_AREA_STYLE_COLOUR ( '', #9309 ) ;
#868 =( NAMED_UNIT ( * ) SI_UNIT ( $, .STERADIAN. ) SOLID_ANGLE_UNIT ( ) );
#869 = CARTESIAN_POINT ( 'NONE',  ( 6.904877320405795160, 14.47972206898996106, -8.787644284148495188 ) ) ;
#870 = CARTESIAN_POINT ( 'NONE',  ( 6.191799725105594732, 12.95818809514516090, 1.563359049252661892 ) ) ;
#871 = CARTESIAN_POINT ( 'NONE',  ( 1.500000000000000888, 11.00000000000000355, -2.599999999999983213 ) ) ;
#872 = DIRECTION ( 'NONE',  ( 0.0000000000000000000, 1.000000000000000000, 0.0000000000000000000 ) ) ;
#873 = DIRECTION ( 'NONE',  ( 0.0000000000000000000, 0.0000000000000000000, 1.000000000000000000 ) ) ;
#874 = CARTESIAN_POINT ( 'NONE',  ( 1.500000000000052847, 4.185714285714340122, -2.599999999999946798 ) ) ;
#875 = DIRECTION ( 'NONE',  ( 0.0000000000000000000, 1.000000000000000000, 0.0000000000000000000 ) ) ;
#876 =( NAMED_UNIT ( * ) PLANE_ANGLE_UNIT ( ) SI_UNIT ( $, .RADIAN. ) );
#877 = ORIENTED_EDGE ( 'NONE', *, *, #2008, .F. ) ;
#878 = CARTESIAN_POINT ( 'NONE',  ( 5.206020063032087641, 11.41397827721596769, -6.803599450211173405 ) ) ;
#879 = CARTESIAN_POINT ( 'NONE',  ( 2.100000000000000977, 9.400000000000016342, -5.919999999999992824 ) ) ;
#880 = CARTESIAN_POINT ( 'NONE',  ( 7.500000000000000000, 0.9000000000000010214, 0.8000000000000118128 ) ) ;
#881 = CARTESIAN_POINT ( 'NONE',  ( 3.859550547061931347, 21.69999999999999929, -8.988713362203007762 ) ) ;
#882 = CARTESIAN_POINT ( 'NONE',  ( 5.036640950747327317, 15.89314494388263022, 0.4082002748943784898 ) ) ;
#883 = CARTESIAN_POINT ( 'NONE',  ( 5.036640950747332646, 13.87485476181183230, 8.028200274894384592 ) ) ;
#884 = CARTESIAN_POINT ( 'NONE',  ( 8.439239829215093636, 21.69999999999999574, -2.449421999115421134 ) ) ;
#885 = LINE ( 'NONE', #2509, #5368 ) ;
#886 = PRESENTATION_STYLE_ASSIGNMENT (( #3322 ) ) ;
#887 = ADVANCED_FACE ( 'NONE', ( #636 ), #1936, .T. ) ;
#888 = PLANE ( 'NONE',  #4759 ) ;
#890 = ORIENTED_EDGE ( 'NONE', *, *, #9898, .F. ) ;
#889 = CARTESIAN_POINT ( 'NONE',  ( 6.191799725105599173, 11.45818809514516623, 1.563359049252661004 ) ) ;
#891 = CARTESIAN_POINT ( 'NONE',  ( 7.949999999999998401, 21.69999999999999929, 7.620000000000000107 ) ) ;
#892 = VERTEX_POINT ( 'NONE', #2408 ) ;
#893 = AXIS2_PLACEMENT_3D ( 'NONE', #9710, #5633, #577 ) ;
#894 = CARTESIAN_POINT ( 'NONE',  ( 4.025000000000000355, 16.30000000000000071, 10.83000000000000007 ) ) ;
#895 = EDGE_CURVE ( 'NONE', #9510, #10401, #2523, .T. ) ;
#896 = VECTOR ( 'NONE', #5032, 1000.000000000000000 ) ;
#897 = EDGE_CURVE ( 'NONE', #721, #5392, #7307, .T. ) ;
#898 = STYLED_ITEM ( 'NONE', ( #2045 ), #4595 ) ;
#899 =( NAMED_UNIT ( * ) PLANE_ANGLE_UNIT ( ) SI_UNIT ( $, .RADIAN. ) );
#901 = ORIENTED_EDGE ( 'NONE', *, *, #2012, .T. ) ;
#900 = CARTESIAN_POINT ( 'NONE',  ( 8.163359049252656874, 14.12485476181183408, -0.4082002748944175141 ) ) ;
#902 = CARTESIAN_POINT ( 'NONE',  ( 5.206020063032072542, 10.91397827721596414, -6.803599450211200050 ) ) ;
#903 = COLOUR_RGB ( '',0.2862745098039215508, 0.6431372549019607199, 0.8666666666666666963 ) ;
#904 = LINE ( 'NONE', #3445, #1576 ) ;
#905 = VECTOR ( 'NONE', #3173, 1000.000000000000000 ) ;
#906 = DIRECTION ( 'NONE',  ( 1.000000000000000000, 0.0000000000000000000, -0.0000000000000000000 ) ) ;
#907 =( LENGTH_UNIT ( ) NAMED_UNIT ( * ) SI_UNIT ( .MILLI., .METRE. ) );
#908 = CARTESIAN_POINT ( 'NONE',  ( 2.499999999999995115, 16.94999999999999929, -5.569999999999999396 ) ) ;
#909 = STYLED_ITEM ( 'NONE', ( #1671 ), #4730 ) ;
#910 = CARTESIAN_POINT ( 'NONE',  ( 7.209754640811593340, 14.29222206898996994, 8.661138122682920937 ) ) ;
#911 = DIRECTION ( 'NONE',  ( -1.000000000000000000, 0.0000000000000000000, 0.0000000000000000000 ) ) ;
#912 = VECTOR ( 'NONE', #2502, 1000.000000000000000 ) ;
#913 = CARTESIAN_POINT ( 'NONE',  ( 5.558861877317080591, 11.58388873565663246, 7.010245359188407299 ) ) ;
#914 = AXIS2_PLACEMENT_3D ( 'NONE', #10391, #3103, #5410 ) ;
#915 = ORIENTED_EDGE ( 'NONE', *, *, #5367, .F. ) ;
#916 = CARTESIAN_POINT ( 'NONE',  ( 6.599999999999999645, 17.25000000000000000, -7.620000000000000107 ) ) ;
#917 = CARTESIAN_POINT ( 'NONE',  ( 8.163359049252660427, 13.14314494388263732, -8.028200274894414790 ) ) ;
#918 = FILL_AREA_STYLE ('',( #9033 ) ) ;
#919 = VERTEX_POINT ( 'NONE', #1758 ) ;
#920 =( BOUNDED_SURFACE ( )  B_SPLINE_SURFACE ( 3, 3, ( 
 ( #7349, #2455, #6626, #5625 ),
 ( #17, #3327, #3390, #6575 ),
 ( #9869, #1525, #9816, #2514 ),
 ( #9009, #4012, #2382, #8636 ) ),
 .UNSPECIFIED., .F., .F., .F. ) 
 B_SPLINE_SURFACE_WITH_KNOTS ( ( 4, 4 ),
 ( 4, 4 ),
 ( 0.0000000000000000000, 1.000000000000000000 ),
 ( 0.0000000000000000000, 1.000000000000000000 ),
 .UNSPECIFIED. ) 
 GEOMETRIC_REPRESENTATION_ITEM ( )  RATIONAL_B_SPLINE_SURFACE ( (
 ( 1.000000000000000000, 0.3333333333333332038, 0.3333333333333332038, 1.000000000000000000),
 ( 0.9995938846793916976, 0.3331979615597970845, 0.3331979615597970845, 0.9995938846793916976),
 ( 0.9995938846793916976, 0.3331979615597970845, 0.3331979615597970845, 0.9995938846793916976),
 ( 1.000000000000000000, 0.3333333333333332038, 0.3333333333333332038, 1.000000000000000000) ) ) 
 REPRESENTATION_ITEM ( '' )  SURFACE ( )  );
#921 = PRESENTATION_LAYER_ASSIGNMENT (  '', '', ( #5248 ) ) ;
#922 = DIRECTION ( 'NONE',  ( -1.000000000000000000, 0.0000000000000000000, 0.0000000000000000000 ) ) ;
#923 = CARTESIAN_POINT ( 'NONE',  ( 5.432355715851496569, 14.10472206898996994, -7.924877320405776970 ) ) ;
#924 = CARTESIAN_POINT ( 'NONE',  ( 4.984816727171770268, 21.56353347719342040, -2.895293251469261975 ) ) ;
#925 = PLANE ( 'NONE',  #573 ) ;
#926 = CARTESIAN_POINT ( 'NONE',  ( 5.432355715851501010, 14.60472206898995928, -7.924877320405792069 ) ) ;
#927 = CARTESIAN_POINT ( 'NONE',  ( 7.993979936967930300, 12.58064494388263199, 0.8164005497887768525 ) ) ;
#928 = MECHANICAL_DESIGN_GEOMETRIC_PRESENTATION_REPRESENTATION (  '', ( #227 ), #6893 ) ;
#929 = VECTOR ( 'NONE', #1931, 1000.000000000000000 ) ;
#930 = CARTESIAN_POINT ( 'NONE',  ( 7.500000000000000000, 0.5999999999999919842, 0.5000000000000008882 ) ) ;
#931 = CARTESIAN_POINT ( 'NONE',  ( 12.05641016151378331, -4.625929269271485322E-15, 10.82999999999999297 ) ) ;
#932 = CARTESIAN_POINT ( 'NONE',  ( 8.299999999999998934, 0.5999999999999914291, 7.120000000000000995 ) ) ;
#933 = ORIENTED_EDGE ( 'NONE', *, *, #6566, .T. ) ;
#934 = CARTESIAN_POINT ( 'NONE',  ( 5.206020063032069878, 11.83064494388263732, -8.436400549788777070 ) ) ;
#935 = CARTESIAN_POINT ( 'NONE',  ( 6.962913914257939929, 18.65697564737693881, -2.222917365998083650 ) ) ;
#936 = VECTOR ( 'NONE', #5923, 1000.000000000000000 ) ;
#937 = PRESENTATION_LAYER_ASSIGNMENT (  '', '', ( #406 ) ) ;
#938 = CARTESIAN_POINT ( 'NONE',  ( 6.599999999999999645, 16.86478841540089846, 8.985501666700585588 ) ) ;
#939 = CARTESIAN_POINT ( 'NONE',  ( 5.250000000000000000, 21.69999999999999929, -4.885041133764532084 ) ) ;
#940 = CARTESIAN_POINT ( 'NONE',  ( 7.209754640811564919, 15.79222206898996106, -6.578861877317069506 ) ) ;
#941 = CARTESIAN_POINT ( 'NONE',  ( 7.416400549788780161, 16.18735476181183586, -1.393979936967931987 ) ) ;
#942 = CARTESIAN_POINT ( 'NONE',  ( 7.008200274894387682, 12.51814494388263554, 9.183359049252668882 ) ) ;
#943 = STYLED_ITEM ( 'NONE', ( #498 ), #5771 ) ;
#944 = VECTOR ( 'NONE', #7638, 1000.000000000000000 ) ;
#945 = AXIS2_PLACEMENT_3D ( 'NONE', #1852, #1803, #4289 ) ;
#946 = CARTESIAN_POINT ( 'NONE',  ( 5.157438894810383978, 21.39999999999999858, -10.64349424636365349 ) ) ;
#947 = DIRECTION ( 'NONE',  ( 0.0000000000000000000, 1.000000000000000000, 0.0000000000000000000 ) ) ;
#948 = FILL_AREA_STYLE ('',( #8269 ) ) ;
#949 = CIRCLE ( 'NONE', #2673, 3.349999999999999645 ) ;
#950 = ORIENTED_EDGE ( 'NONE', *, *, #2211, .F. ) ;
#951 = VECTOR ( 'NONE', #5705, 1000.000000000000000 ) ;
#952 = CARTESIAN_POINT ( 'NONE',  ( 6.999999999999670486, 18.70895134681807548, -2.198011558501614449 ) ) ;
#953 = CARTESIAN_POINT ( 'NONE',  ( 6.191799725105590291, 15.26814494388263199, -9.183359049252658224 ) ) ;
#954 =( NAMED_UNIT ( * ) SI_UNIT ( $, .STERADIAN. ) SOLID_ANGLE_UNIT ( ) );
#955 = SURFACE_STYLE_USAGE ( .BOTH. , #9272 ) ;
#956 = EDGE_CURVE ( 'NONE', #6472, #6374, #5011, .T. ) ;
#957 = CARTESIAN_POINT ( 'NONE',  ( 4.949999999999999289, 17.19999999999999929, 10.53547594742267357 ) ) ;
#958 = VECTOR ( 'NONE', #9163, 1000.000000000000227 ) ;
#959 = VECTOR ( 'NONE', #6491, 1000.000000000000000 ) ;
#960 = CARTESIAN_POINT ( 'NONE',  ( 6.599999999999999645, 17.02352941176470580, 7.620000000000000107 ) ) ;
#961 =( LENGTH_UNIT ( ) NAMED_UNIT ( * ) SI_UNIT ( .MILLI., .METRE. ) );
#962 = PRESENTATION_STYLE_ASSIGNMENT (( #6101 ) ) ;
#964 = ORIENTED_EDGE ( 'NONE', *, *, #3888, .F. ) ;
#963 = CARTESIAN_POINT ( 'NONE',  ( 5.206020063032076095, 14.31235476181183230, -0.8164005497888079388 ) ) ;
#965 = CARTESIAN_POINT ( 'NONE',  ( 6.191799725105602725, 16.74985476181183230, -9.183359049252663553 ) ) ;
#966 = EDGE_CURVE ( 'NONE', #1765, #261, #5897, .T. ) ;
#967 = ORIENTED_EDGE ( 'NONE', *, *, #7491, .T. ) ;
#968 = FACE_OUTER_BOUND ( 'NONE', #6112, .T. ) ;
#969 = AXIS2_PLACEMENT_3D ( 'NONE', #2485, #3457, #5765 ) ;
#970 = PRESENTATION_STYLE_ASSIGNMENT (( #9930 ) ) ;
#971 = ADVANCED_FACE ( 'NONE', ( #2684 ), #9501, .T. ) ;
#972 =( LENGTH_UNIT ( ) NAMED_UNIT ( * ) SI_UNIT ( .MILLI., .METRE. ) );
#973 = EDGE_CURVE ( 'NONE', #1240, #2395, #1768, .T. ) ;
#974 = CARTESIAN_POINT ( 'NONE',  ( 5.036640950747340639, 14.83318809514516268, 7.211799725105588088 ) ) ;
#975 = CARTESIAN_POINT ( 'NONE',  ( 5.036640950747341527, 11.33318809514516445, 7.211799725105593417 ) ) ;
#976 = ORIENTED_EDGE ( 'NONE', *, *, #7891, .T. ) ;
#977 = VERTEX_POINT ( 'NONE', #4040 ) ;
#978 = CARTESIAN_POINT ( 'NONE',  ( 5.990245359188446805, 13.70888873565663602, -6.578861877317064177 ) ) ;
#979 = EDGE_CURVE ( 'NONE', #7933, #7048, #7730, .T. ) ;
#980 = CARTESIAN_POINT ( 'NONE',  ( 5.783599450211217352, 12.27068809514516801, -1.393979936967925770 ) ) ;
#981 = CARTESIAN_POINT ( 'NONE',  ( 2.078756443470179960, 11.50000000000000000, -12.02999999999999758 ) ) ;
#982 = CARTESIAN_POINT ( 'NONE',  ( 0.0000000000000000000, 0.0000000000000000000, 11.43000000000000149 ) ) ;
#983 = DIRECTION ( 'NONE',  ( 0.0000000000000000000, 1.000000000000000000, 0.0000000000000000000 ) ) ;
#984 = CARTESIAN_POINT ( 'NONE',  ( 6.599999999999999645, 16.49731161054929984, 9.183359049252670658 ) ) ;
#985 = ORIENTED_EDGE ( 'NONE', *, *, #3343, .F. ) ;
#986 = CARTESIAN_POINT ( 'NONE',  ( 6.191799725105594732, 11.47647827721596414, -6.056640950747342877 ) ) ;
#987 = CARTESIAN_POINT ( 'NONE',  ( 6.600000000000000533, 17.07426406871192981, -9.969999999999998863 ) ) ;
#988 = CYLINDRICAL_SURFACE ( 'NONE', #9831, 0.2999999999999999334 ) ;
#989 = EDGE_CURVE ( 'NONE', #3468, #2102, #245, .T. ) ;
#990 = DIRECTION ( 'NONE',  ( 0.5547001962252300356, 0.0000000000000000000, 0.8320502943378430549 ) ) ;
#991 = CARTESIAN_POINT ( 'NONE',  ( 7.993979936967914313, 16.06235476181182875, -6.803599450211181399 ) ) ;
#992 = ORIENTED_EDGE ( 'NONE', *, *, #2285, .F. ) ;
#993 = CARTESIAN_POINT ( 'NONE',  ( 7.416400549788780161, 15.70564494388263377, -1.393979936967931987 ) ) ;
#994 = CARTESIAN_POINT ( 'NONE',  ( 6.191799725105587626, 12.74985476181183763, 6.056640950747348207 ) ) ;
#995 = CARTESIAN_POINT ( 'NONE',  ( 2.225173207194291347, 21.39999999999999858, -9.244459855567495055 ) ) ;
#996 = DIRECTION ( 'NONE',  ( -1.000000000000000000, 9.637352644315610034E-17, 0.0000000000000000000 ) ) ;
#997 = EDGE_LOOP ( 'NONE', ( #6471, #2292, #10110, #1864 ) ) ;
#998 = ORIENTED_EDGE ( 'NONE', *, *, #9962, .F. ) ;
#999 = CARTESIAN_POINT ( 'NONE',  ( 5.783599450211219128, 11.43735476181183230, -6.226020063032069451 ) ) ;
#1000 = SURFACE_STYLE_USAGE ( .BOTH. , #9066 ) ;
#1002 = ORIENTED_EDGE ( 'NONE', *, *, #9381, .T. ) ;
#1001 = CARTESIAN_POINT ( 'NONE',  ( 5.558861877317079703, 12.66722206898996461, 0.6097546408115827044 ) ) ;
#1003 = ORIENTED_EDGE ( 'NONE', *, *, #4654, .F. ) ;
#1004 = CARTESIAN_POINT ( 'NONE',  ( 12.06795716689757647, 0.8999999999999910294, 10.80999999999999162 ) ) ;
#1005 = FILL_AREA_STYLE_COLOUR ( '', #688 ) ;
#1006 = FACE_OUTER_BOUND ( 'NONE', #1193, .T. ) ;
#1007 = LINE ( 'NONE', #7687, #1275 ) ;
#1008 = CARTESIAN_POINT ( 'NONE',  ( 7.767644284148498279, 14.35472206898996639, 7.924877320405797398 ) ) ;
#1009 = CARTESIAN_POINT ( 'NONE',  ( 7.000000000000000000, 17.94999999999999929, 6.399999999999999467 ) ) ;
#1010 = SURFACE_STYLE_USAGE ( .BOTH. , #315 ) ;
#1011 = ORIENTED_EDGE ( 'NONE', *, *, #1349, .T. ) ;
#1012 = CARTESIAN_POINT ( 'NONE',  ( 5.206020063032059220, 12.33064494388263022, -8.436400549788771741 ) ) ;
#1013 = FACE_OUTER_BOUND ( 'NONE', #7904, .T. ) ;
#1014 = ADVANCED_FACE ( 'NONE', ( #7143 ), #5173, .F. ) ;
#1015 = CARTESIAN_POINT ( 'NONE',  ( 7.416400549788795260, 16.68735476181182875, -1.393979936967925548 ) ) ;
#1016 = CARTESIAN_POINT ( 'NONE',  ( 7.209754640811593340, 14.29222206898996994, -6.578861877317086382 ) ) ;
#1017 = CARTESIAN_POINT ( 'NONE',  ( 26.05000000000000071, 0.5999999999999889866, -0.4999999999999990563 ) ) ;
#1018 = CARTESIAN_POINT ( 'NONE',  ( 1.799999999999998268, 11.00000000000000178, -9.769999999999953388 ) ) ;
#1019 = CARTESIAN_POINT ( 'NONE',  ( 5.206020063032059220, 12.81235476181183053, -0.8164005497887748541 ) ) ;
#1020 =( GEOMETRIC_REPRESENTATION_CONTEXT ( 3 ) GLOBAL_UNCERTAINTY_ASSIGNED_CONTEXT ( ( #4834 ) ) GLOBAL_UNIT_ASSIGNED_CONTEXT ( ( #7995, #8039, #5655 ) ) REPRESENTATION_CONTEXT ( 'NONE', 'WORKASPACE' ) );
#1021 = FILL_AREA_STYLE_COLOUR ( '', #2794 ) ;
#1022 = SURFACE_STYLE_USAGE ( .BOTH. , #3094 ) ;
#1023 = VECTOR ( 'NONE', #7113, 1000.000000000000000 ) ;
#1024 = EDGE_CURVE ( 'NONE', #6954, #4459, #7244, .T. ) ;
#1025 = CARTESIAN_POINT ( 'NONE',  ( 5.036640950747339751, 16.33318809514516801, 7.211799725105594305 ) ) ;
#1026 = VERTEX_POINT ( 'NONE', #6622 ) ;
#1027 = CARTESIAN_POINT ( 'NONE',  ( 7.008200274894408111, 14.70818809514516090, -9.183359049252656447 ) ) ;
#1028 = CARTESIAN_POINT ( 'NONE',  ( 6.599999999999999645, 16.94999999999999929, -9.669999999999999929 ) ) ;
#1029 = ADVANCED_FACE ( 'NONE', ( #9959 ), #3742, .T. ) ;
#1030 = CARTESIAN_POINT ( 'NONE',  ( 7.000000000000000000, 18.75000000000000000, 7.620000000000000107 ) ) ;
#1031 = CARTESIAN_POINT ( 'NONE',  ( 10.58305125912161238, 21.70000000000000284, 9.098985838650992974 ) ) ;
#1032 = CARTESIAN_POINT ( 'NONE',  ( 8.163359049252672861, 15.14314494388263022, -0.4082002748943750481 ) ) ;
#1033 = CARTESIAN_POINT ( 'NONE',  ( 6.191799725105587626, 12.26814494388263910, 6.056640950747348207 ) ) ;
#1034 = CARTESIAN_POINT ( 'NONE',  ( 6.599999999999997868, 17.25000000000000000, 5.270000000000000462 ) ) ;
#1035 = ORIENTED_EDGE ( 'NONE', *, *, #8858, .T. ) ;
#1036 =( NAMED_UNIT ( * ) SI_UNIT ( $, .STERADIAN. ) SOLID_ANGLE_UNIT ( ) );
#1037 = CARTESIAN_POINT ( 'NONE',  ( 8.163359049252656874, 11.62485476181183053, -8.028200274894414790 ) ) ;
#1038 = COLOUR_RGB ( '',0.2862745098039215508, 0.6431372549019607199, 0.8666666666666666963 ) ;
#1039 = LINE ( 'NONE', #1857, #9792 ) ;
#1040 = SURFACE_STYLE_FILL_AREA ( #5841 ) ;
#1041 = EDGE_CURVE ( 'NONE', #1778, #8333, #519, .T. ) ;
#1042 = DIRECTION ( 'NONE',  ( 0.0000000000000000000, -0.9975640502599734116, -0.06975647374199234196 ) ) ;
#1043 = SURFACE_STYLE_FILL_AREA ( #2783 ) ;
#1045 = ORIENTED_EDGE ( 'NONE', *, *, #9764, .F. ) ;
#1044 = CARTESIAN_POINT ( 'NONE',  ( 7.993979936967921418, 12.56235476181183053, 0.8164005497888030538 ) ) ;
#1046 = CARTESIAN_POINT ( 'NONE',  ( 7.209754640811574689, 16.45888873565663246, -8.661138122682929819 ) ) ;
#1047 = ORIENTED_EDGE ( 'NONE', *, *, #1955, .T. ) ;
#1048 = CARTESIAN_POINT ( 'NONE',  ( 7.993979936967926747, 16.64568809514516090, -8.436400549788791281 ) ) ;
#1049 = CARTESIAN_POINT ( 'NONE',  ( 1.800000000000005151, 11.00000000000000000, 9.769999999999990692 ) ) ;
#1050 =( NAMED_UNIT ( * ) PLANE_ANGLE_UNIT ( ) SI_UNIT ( $, .RADIAN. ) );
#1051 = CARTESIAN_POINT ( 'NONE',  ( 5.206020063032071654, 14.39568809514516445, 8.436400549788785952 ) ) ;
#1052 = CARTESIAN_POINT ( 'NONE',  ( 4.099999999999999645, 21.69999999999999929, -7.620000000000000107 ) ) ;
#1053 = MECHANICAL_DESIGN_GEOMETRIC_PRESENTATION_REPRESENTATION (  '', ( #7548 ), #7898 ) ;
#1054 = CARTESIAN_POINT ( 'NONE',  ( 6.295122679594223669, 14.52138873565663246, 6.452355715851499696 ) ) ;
#1055 = PRESENTATION_LAYER_ASSIGNMENT (  '', '', ( #7226 ) ) ;
#1056 = LINE ( 'NONE', #10249, #8588 ) ;
#1057 = PRESENTATION_LAYER_ASSIGNMENT (  '', '', ( #8065 ) ) ;
#1058 = SURFACE_STYLE_FILL_AREA ( #2744 ) ;
#1059 = ORIENTED_EDGE ( 'NONE', *, *, #1938, .F. ) ;
#1060 =( NAMED_UNIT ( * ) PLANE_ANGLE_UNIT ( ) SI_UNIT ( $, .RADIAN. ) );
#1061 = LINE ( 'NONE', #6054, #1730 ) ;
#1062 = UNCERTAINTY_MEASURE_WITH_UNIT (LENGTH_MEASURE( 1.000000000000000082E-05 ), #8842, 'distance_accuracy_value', 'NONE');
#1063 = STYLED_ITEM ( 'NONE', ( #6271 ), #496 ) ;
#1064 = CARTESIAN_POINT ( 'NONE',  ( 8.163359049252660427, 16.12485476181182875, -0.4082002748944095760 ) ) ;
#1065 = CARTESIAN_POINT ( 'NONE',  ( 7.993979936967930300, 14.06235476181183053, -6.803599450211213373 ) ) ;
#1066 =( LENGTH_UNIT ( ) NAMED_UNIT ( * ) SI_UNIT ( .MILLI., .METRE. ) );
#1067 = VERTEX_POINT ( 'NONE', #10358 ) ;
#1068 = FACE_OUTER_BOUND ( 'NONE', #4478, .T. ) ;
#1069 =( GEOMETRIC_REPRESENTATION_CONTEXT ( 3 ) GLOBAL_UNCERTAINTY_ASSIGNED_CONTEXT ( ( #1083 ) ) GLOBAL_UNIT_ASSIGNED_CONTEXT ( ( #4672, #3108, #8846 ) ) REPRESENTATION_CONTEXT ( 'NONE', 'WORKASPACE' ) );
#1070 = CARTESIAN_POINT ( 'NONE',  ( 6.191799725105618712, 12.45818809514516801, 1.563359049252671440 ) ) ;
#1071 = CARTESIAN_POINT ( 'NONE',  ( 4.949999999999999289, 21.69999999999999929, -10.53547594742270022 ) ) ;
#1072 = CARTESIAN_POINT ( 'NONE',  ( 8.148345292726617117, 21.62510417467819224, 4.764410140136950744 ) ) ;
#1073 = AXIS2_PLACEMENT_3D ( 'NONE', #9365, #7612, #7707 ) ;
#1074 = CARTESIAN_POINT ( 'NONE',  ( 8.299999999999998934, 0.5999999999999889866, -0.4999999999999990563 ) ) ;
#1076 = ADVANCED_FACE ( 'NONE', ( #3778 ), #9506, .T. ) ;
#1075 = MECHANICAL_DESIGN_GEOMETRIC_PRESENTATION_REPRESENTATION (  '', ( #8274 ), #8419 ) ;
#1077 = SURFACE_STYLE_FILL_AREA ( #5177 ) ;
#1078 = PRESENTATION_LAYER_ASSIGNMENT (  '', '', ( #9266 ) ) ;
#1079 = FILL_AREA_STYLE ('',( #8353 ) ) ;
#1080 = CARTESIAN_POINT ( 'NONE',  ( 6.191799725105602725, 16.74985476181183230, 6.056640950747336660 ) ) ;
#1081 = ORIENTED_EDGE ( 'NONE', *, *, #7290, .F. ) ;
#1082 = CARTESIAN_POINT ( 'NONE',  ( 5.206020063032067213, 14.89568809514516445, -6.803599450211219590 ) ) ;
#1083 = UNCERTAINTY_MEASURE_WITH_UNIT (LENGTH_MEASURE( 1.000000000000000082E-05 ), #4672, 'distance_accuracy_value', 'NONE');
#1084 = AXIS2_PLACEMENT_3D ( 'NONE', #650, #7073, #7823 ) ;
#1085 = DIRECTION ( 'NONE',  ( -1.326525867060349907E-16, -1.000000000000000000, -0.0000000000000000000 ) ) ;
#1086 = CARTESIAN_POINT ( 'NONE',  ( 8.042561105189625081, 21.39999999999999858, 10.64349424636364816 ) ) ;
#1087 = EDGE_LOOP ( 'NONE', ( #5090, #1161, #251, #6021 ) ) ;
#1088 = MECHANICAL_DESIGN_GEOMETRIC_PRESENTATION_REPRESENTATION (  '', ( #5721 ), #9619 ) ;
#1089 = CARTESIAN_POINT ( 'NONE',  ( 5.783599450211192483, 15.45564494388262844, 1.393979936967921107 ) ) ;
#1090 = EDGE_CURVE ( 'NONE', #676, #5308, #6253, .T. ) ;
#1091 = CARTESIAN_POINT ( 'NONE',  ( 8.163359049252656874, 11.60147827721596414, 8.028200274894402355 ) ) ;
#1092 = EDGE_CURVE ( 'NONE', #6147, #2242, #9344, .T. ) ;
#1093 = FACE_OUTER_BOUND ( 'NONE', #5520, .T. ) ;
#1094 = AXIS2_PLACEMENT_3D ( 'NONE', #8735, #2176, #5458 ) ;
#1095 = CARTESIAN_POINT ( 'NONE',  ( 7.000000000000000000, 18.65697564738288960, -9.836544185263250029 ) ) ;
#1096 = CARTESIAN_POINT ( 'NONE',  ( 4.993974467539942452, 21.70000000000000284, 5.011919482990657926 ) ) ;
#1097 = ORIENTED_EDGE ( 'NONE', *, *, #10520, .F. ) ;
#1098 = DIRECTION ( 'NONE',  ( 0.0000000000000000000, -1.000000000000000000, -1.215927670077199944E-16 ) ) ;
#1099 = CIRCLE ( 'NONE', #7416, 2.252347247920742923 ) ;
#1100 =( BOUNDED_SURFACE ( )  B_SPLINE_SURFACE ( 3, 3, ( 
 ( #8108, #3265, #4373, #3320 ),
 ( #9003, #2446, #830, #4128 ),
 ( #280, #6502, #9054, #8399 ),
 ( #9809, #4887, #5831, #1935 ) ),
 .UNSPECIFIED., .F., .F., .F. ) 
 B_SPLINE_SURFACE_WITH_KNOTS ( ( 4, 4 ),
 ( 4, 4 ),
 ( 0.0000000000000000000, 1.000000000000000000 ),
 ( 0.0000000000000000000, 1.000000000000000000 ),
 .UNSPECIFIED. ) 
 GEOMETRIC_REPRESENTATION_ITEM ( )  RATIONAL_B_SPLINE_SURFACE ( (
 ( 1.000000000000000000, 0.3333333333333334259, 0.3333333333333334259, 1.000000000000000000),
 ( 0.9995938846794223398, 0.3331979615598075206, 0.3331979615598075206, 0.9995938846794223398),
 ( 0.9995938846794223398, 0.3331979615598075206, 0.3331979615598075206, 0.9995938846794223398),
 ( 1.000000000000000000, 0.3333333333333334259, 0.3333333333333334259, 1.000000000000000000) ) ) 
 REPRESENTATION_ITEM ( '' )  SURFACE ( )  );
#1101 = CARTESIAN_POINT ( 'NONE',  ( 7.008200274894393900, 11.20818809514516445, -9.183359049252665329 ) ) ;
#1102 = CONICAL_SURFACE ( 'NONE', #268, 2.500000000046293192, 1.339705659604068844 ) ;
#1103 = AXIS2_PLACEMENT_3D ( 'NONE', #8071, #95, #8131 ) ;
#1104 = PRESENTATION_LAYER_ASSIGNMENT (  '', '', ( #72 ) ) ;
#1105 = FILL_AREA_STYLE ('',( #5008 ) ) ;
#1106 = DIRECTION ( 'NONE',  ( 0.0000000000000000000, 1.000000000000000000, 0.0000000000000000000 ) ) ;
#1107 = CONICAL_SURFACE ( 'NONE', #8282, 2.500000000046293192, 1.339705659604068844 ) ;
#1108 = LINE ( 'NONE', #4402, #1450 ) ;
#1110 = ORIENTED_EDGE ( 'NONE', *, *, #3818, .T. ) ;
#1109 = CARTESIAN_POINT ( 'NONE',  ( 5.558861877317071709, 13.16722206898996461, 0.6097546408115654959 ) ) ;
#1111 = CARTESIAN_POINT ( 'NONE',  ( 5.558861877317067268, 16.16722206898996461, -7.010245359188428615 ) ) ;
#1112 = ORIENTED_EDGE ( 'NONE', *, *, #6292, .T. ) ;
#1113 = EDGE_CURVE ( 'NONE', #8606, #6748, #6878, .T. ) ;
#1114 = ORIENTED_EDGE ( 'NONE', *, *, #3343, .T. ) ;
#1115 = CARTESIAN_POINT ( 'NONE',  ( 5.783599450211217352, 15.28897827721596769, -9.013979936967933426 ) ) ;
#1116 = CARTESIAN_POINT ( 'NONE',  ( 6.599999999999999645, 21.69999999999999929, -7.620000000000000107 ) ) ;
#1117 = FILL_AREA_STYLE_COLOUR ( '', #2153 ) ;
#1118 = CARTESIAN_POINT ( 'NONE',  ( 6.191799725105615160, 14.26814494388263022, 6.056640950747330443 ) ) ;
#1119 = CONICAL_SURFACE ( 'NONE', #6595, 2.349269215088156670, 0.06981317008273646429 ) ;
#1120 = DIRECTION ( 'NONE',  ( -0.0000000000000000000, 0.0000000000000000000, -1.000000000000000000 ) ) ;
#1121 = AXIS2_PLACEMENT_3D ( 'NONE', #4762, #3087, #6282 ) ;
#1122 = CARTESIAN_POINT ( 'NONE',  ( 7.416400549788779273, 13.52068809514516445, 9.013979936967936979 ) ) ;
#1123 = FACE_OUTER_BOUND ( 'NONE', #3931, .T. ) ;
#1124 = VERTEX_POINT ( 'NONE', #9015 ) ;
#1125 = CARTESIAN_POINT ( 'NONE',  ( 5.157438894810336016, 21.57573593128806877, 3.023494246363628957 ) ) ;
#1126 =( NAMED_UNIT ( * ) PLANE_ANGLE_UNIT ( ) SI_UNIT ( $, .RADIAN. ) );
#1127 =( GEOMETRIC_REPRESENTATION_CONTEXT ( 3 ) GLOBAL_UNCERTAINTY_ASSIGNED_CONTEXT ( ( #3220 ) ) GLOBAL_UNIT_ASSIGNED_CONTEXT ( ( #9731, #698, #10425 ) ) REPRESENTATION_CONTEXT ( 'NONE', 'WORKASPACE' ) );
#1128 = CARTESIAN_POINT ( 'NONE',  ( 7.641138122682923139, 15.83388873565663424, 0.6097546408115893657 ) ) ;
#1129 = CARTESIAN_POINT ( 'NONE',  ( 5.432355715851509004, 14.14638873565663424, -7.315122679594202815 ) ) ;
#1130 = DIRECTION ( 'NONE',  ( -8.185976218434330542E-17, 1.000000000000000000, 0.0000000000000000000 ) ) ;
#1131 = CARTESIAN_POINT ( 'NONE',  ( 8.300000000000000711, -4.750000000000000000, -7.320000000000000284 ) ) ;
#1132 = CARTESIAN_POINT ( 'NONE',  ( 8.163359049252669308, 14.62485476181183053, -8.028200274894389921 ) ) ;
#1133 = APPLICATION_CONTEXT ( 'automotive_design' ) ;
#1134 = CARTESIAN_POINT ( 'NONE',  ( 6.191799725105587626, 12.74985476181183763, -1.563359049252654787 ) ) ;
#1135 = CARTESIAN_POINT ( 'NONE',  ( 9.250000000000000000, 16.94999999999999929, 208.7460000000000093 ) ) ;
#1136 = LINE ( 'NONE', #6759, #936 ) ;
#1137 = CARTESIAN_POINT ( 'NONE',  ( 6.904877320405787167, 16.47972206898996461, 6.452355715851499696 ) ) ;
#1138 = PRESENTATION_LAYER_ASSIGNMENT (  '', '', ( #10177 ) ) ;
#1139 = CYLINDRICAL_SURFACE ( 'NONE', #1815, 2.500000000000000444 ) ;
#1140 = CARTESIAN_POINT ( 'NONE',  ( 5.036640950747327317, 16.37485476181183230, 8.028200274894377486 ) ) ;
#1141 = ORIENTED_EDGE ( 'NONE', *, *, #966, .T. ) ;
#1142 = CARTESIAN_POINT ( 'NONE',  ( 5.206020063032084089, 15.31235476181183053, -8.436400549788821479 ) ) ;
#1143 = CARTESIAN_POINT ( 'NONE',  ( 6.999999999998062883, 18.70170425002353554, 2.202153541687485117 ) ) ;
#1144 = DIRECTION ( 'NONE',  ( -8.185976218434330542E-17, 1.000000000000000000, 0.0000000000000000000 ) ) ;
#1145 = ORIENTED_EDGE ( 'NONE', *, *, #6785, .T. ) ;
#1146 = CARTESIAN_POINT ( 'NONE',  ( 5.206020063032084089, 15.31235476181183053, -0.8164005497888203733 ) ) ;
#1147 = CARTESIAN_POINT ( 'NONE',  ( 8.163359049252656874, 12.14314494388263554, 7.211799725105583647 ) ) ;
#1148 = PLANE ( 'NONE',  #8609 ) ;
#1149 = EDGE_CURVE ( 'NONE', #6410, #503, #1528, .T. ) ;
#1150 = CARTESIAN_POINT ( 'NONE',  ( 2.799999999999999822, 11.50000000000000000, -11.42999999999999794 ) ) ;
#1151 = ORIENTED_EDGE ( 'NONE', *, *, #6785, .F. ) ;
#1152 = EDGE_CURVE ( 'NONE', #9952, #6954, #58, .T. ) ;
#1153 = DIRECTION ( 'NONE',  ( -0.0000000000000000000, -0.0000000000000000000, 1.000000000000000000 ) ) ;
#1154 = CARTESIAN_POINT ( 'NONE',  ( 5.558861877317067268, 11.08388873565663069, -8.229754640811556499 ) ) ;
#1155 =( LENGTH_UNIT ( ) NAMED_UNIT ( * ) SI_UNIT ( .MILLI., .METRE. ) );
#1156 = CARTESIAN_POINT ( 'NONE',  ( 6.199999999999999289, 18.66147085690936080, -9.836224772236015212 ) ) ;
#1157 = EDGE_CURVE ( 'NONE', #2550, #3043, #2458, .T. ) ;
#1158 = CARTESIAN_POINT ( 'NONE',  ( 6.408477470715484792, 16.94999999999999929, -6.056640950747330443 ) ) ;
#1159 = EDGE_CURVE ( 'NONE', #2723, #3111, #2118, .T. ) ;
#1161 = ORIENTED_EDGE ( 'NONE', *, *, #1865, .T. ) ;
#1160 = CARTESIAN_POINT ( 'NONE',  ( 8.163359049252656874, 12.62485476181183408, -0.4082002748944163484 ) ) ;
#1162 = B_SPLINE_CURVE_WITH_KNOTS ( 'NONE', 3,
 ( #4247, #10074, #7515, #9965 ),
 .UNSPECIFIED., .F., .F.,
 ( 4, 4 ),
 ( 5.711152568257663482E-15, 0.0007087569161306247600 ),
 .UNSPECIFIED. ) ;
#1163 = VERTEX_POINT ( 'NONE', #6411 ) ;
#1164 = ORIENTED_EDGE ( 'NONE', *, *, #5000, .T. ) ;
#1165 = CARTESIAN_POINT ( 'NONE',  ( 6.191799725105604502, 15.97647827721596769, -6.056640950747335772 ) ) ;
#1166 = SURFACE_STYLE_USAGE ( .BOTH. , #7637 ) ;
#1167 = CARTESIAN_POINT ( 'NONE',  ( 26.05000000000000071, -3.750000000000010214, -8.119999999999999218 ) ) ;
#1168 = CARTESIAN_POINT ( 'NONE',  ( 5.036640950747329981, 13.85147827721596769, 7.211799725105615622 ) ) ;
#1169 = LINE ( 'NONE', #2793, #7088 ) ;
#1170 = CARTESIAN_POINT ( 'NONE',  ( 5.206020063032084977, 13.89568809514516623, 8.436400549788812597 ) ) ;
#1171 = FILL_AREA_STYLE ('',( #8494 ) ) ;
#1172 = ORIENTED_EDGE ( 'NONE', *, *, #3708, .T. ) ;
#1173 = CARTESIAN_POINT ( 'NONE',  ( 6.191799725105594732, 12.47647827721596769, -6.056640950747337548 ) ) ;
#1174 = DIRECTION ( 'NONE',  ( 0.0000000000000000000, 0.0000000000000000000, 1.000000000000000000 ) ) ;
#1175 = VERTEX_POINT ( 'NONE', #2297 ) ;
#1177 = ORIENTED_EDGE ( 'NONE', *, *, #1812, .T. ) ;
#1176 = CARTESIAN_POINT ( 'NONE',  ( 6.191799725105590291, 15.74985476181182875, -1.563359049252657673 ) ) ;
#1178 = CARTESIAN_POINT ( 'NONE',  ( 6.904877320405772956, 12.77138873565663424, -6.452355715851497919 ) ) ;
#1179 = LINE ( 'NONE', #2649, #6569 ) ;
#1180 = CARTESIAN_POINT ( 'NONE',  ( 7.993979936967921418, 12.14568809514516623, -0.8164005497888113805 ) ) ;
#1181 = CARTESIAN_POINT ( 'NONE',  ( 7.949999999999998401, 21.39999999999999858, 7.620000000000000107 ) ) ;
#1182 = FACE_BOUND ( 'NONE', #9280, .T. ) ;
#1183 = SURFACE_STYLE_USAGE ( .BOTH. , #5228 ) ;
#1184 = CARTESIAN_POINT ( 'NONE',  ( 6.904877320405797825, 15.77138873565663069, 8.787644284148495188 ) ) ;
#1185 = DIRECTION ( 'NONE',  ( -1.000000000000000000, 0.0000000000000000000, 0.0000000000000000000 ) ) ;
#1186 = CARTESIAN_POINT ( 'NONE',  ( 0.0000000000000000000, 0.0000000000000000000, -11.42999999999999972 ) ) ;
#1187 = CARTESIAN_POINT ( 'NONE',  ( 7.416400549788795260, 16.68735476181182875, 6.226020063032073892 ) ) ;
#1188 = EDGE_LOOP ( 'NONE', ( #3634, #9351, #2172, #1609 ) ) ;
#1189 = CARTESIAN_POINT ( 'NONE',  ( 7.008200274894384130, 15.01814494388262666, -6.056640950747333108 ) ) ;
#1190 = DIRECTION ( 'NONE',  ( 0.0000000000000000000, 0.0000000000000000000, -1.000000000000000000 ) ) ;
#1191 = B_SPLINE_CURVE_WITH_KNOTS ( 'NONE', 3,
 ( #8909, #5678, #2359, #1711 ),
 .UNSPECIFIED., .F., .F.,
 ( 4, 4 ),
 ( 4.545970629501721408E-15, 0.0007087569161298943330 ),
 .UNSPECIFIED. ) ;
#1192 = FILL_AREA_STYLE ('',( #5294 ) ) ;
#1193 = EDGE_LOOP ( 'NONE', ( #8355, #7732, #9224, #9385, #3454 ) ) ;
#1194 = CARTESIAN_POINT ( 'NONE',  ( 6.191799725105589403, 14.76814494388263377, -1.563359049252658117 ) ) ;
#1195 = CARTESIAN_POINT ( 'NONE',  ( 5.206020063032087641, 11.89568809514516623, 8.436400549788825032 ) ) ;
#1196 = CARTESIAN_POINT ( 'NONE',  ( 8.249440378355634707, 21.48113606062115366, 2.915792662679387526 ) ) ;
#1197 = CARTESIAN_POINT ( 'NONE',  ( 4.159715232357941161, 21.70000000000000284, -1.851524701275018892 ) ) ;
#1198 = AXIS2_PLACEMENT_3D ( 'NONE', #9431, #8644, #7139 ) ;
#1199 = DIRECTION ( 'NONE',  ( 1.000000000000000000, 0.0000000000000000000, -0.0000000000000000000 ) ) ;
#1200 = SURFACE_SIDE_STYLE ('',( #3815 ) ) ;
#1201 = VERTEX_POINT ( 'NONE', #6351 ) ;
#1202 = LINE ( 'NONE', #5256, #4656 ) ;
#1203 = CARTESIAN_POINT ( 'NONE',  ( 6.904877320405785390, 10.97972206898996639, -8.787644284148498741 ) ) ;
#1204 = CARTESIAN_POINT ( 'NONE',  ( 1.832042833102431434, -6.929999999999949978, 10.80999999999999872 ) ) ;
#1205 = EDGE_CURVE ( 'NONE', #7976, #1989, #723, .T. ) ;
#1206 = LINE ( 'NONE', #8647, #5706 ) ;
#1207 = CARTESIAN_POINT ( 'NONE',  ( 6.999999999999597655, 18.74421396058624723, -5.470793239935518137 ) ) ;
#1208 = DIRECTION ( 'NONE',  ( 0.0000000000000000000, 1.000000000000000000, 0.0000000000000000000 ) ) ;
#1210 = ORIENTED_EDGE ( 'NONE', *, *, #9114, .F. ) ;
#1209 = CARTESIAN_POINT ( 'NONE',  ( 5.990245359188422825, 13.20888873565663069, 1.041138122682928824 ) ) ;
#1211 = VECTOR ( 'NONE', #4684, 1000.000000000000114 ) ;
#1212 = CARTESIAN_POINT ( 'NONE',  ( 5.206020063032069878, 16.39568809514516090, -6.803599450211208932 ) ) ;
#1213 = ORIENTED_EDGE ( 'NONE', *, *, #10095, .T. ) ;
#1214 = ORIENTED_EDGE ( 'NONE', *, *, #8387, .F. ) ;
#1215 = CARTESIAN_POINT ( 'NONE',  ( 5.206020063032069878, 16.39568809514516090, -6.803599450211208932 ) ) ;
#1216 = FILL_AREA_STYLE ('',( #8537 ) ) ;
#1217 = EDGE_CURVE ( 'NONE', #3008, #8714, #9663, .T. ) ;
#1218 = SURFACE_STYLE_USAGE ( .BOTH. , #10197 ) ;
#1219 = CARTESIAN_POINT ( 'NONE',  ( 5.206020063032066325, 14.33064494388263022, 6.803599450211217814 ) ) ;
#1220 =( LENGTH_UNIT ( ) NAMED_UNIT ( * ) SI_UNIT ( .MILLI., .METRE. ) );
#1221 = CARTESIAN_POINT ( 'NONE',  ( 7.767644284148502720, 13.39638873565663424, 7.315122679594201038 ) ) ;
#1222 = EDGE_CURVE ( 'NONE', #9580, #6897, #1279, .T. ) ;
#1223 = CARTESIAN_POINT ( 'NONE',  ( 7.989051101519081932, 21.69999999999999929, -2.911341501056095016 ) ) ;
#1224 = VERTEX_POINT ( 'NONE', #5628 ) ;
#1225 = DIRECTION ( 'NONE',  ( -0.1776267739252017364, 0.9473427942677394853, -0.2664401608878000927 ) ) ;
#1227 = ORIENTED_EDGE ( 'NONE', *, *, #2867, .F. ) ;
#1226 = CARTESIAN_POINT ( 'NONE',  ( 5.990245359188416607, 15.70888873565663779, 1.041138122682923051 ) ) ;
#1228 = CARTESIAN_POINT ( 'NONE',  ( 5.558861877317071709, 13.16722206898996461, -7.010245359188433056 ) ) ;
#1229 = CARTESIAN_POINT ( 'NONE',  ( 6.599999999999999645, 17.25000000000000000, -5.570000000000000284 ) ) ;
#1230 = CARTESIAN_POINT ( 'NONE',  ( 5.036640950747327317, 11.37485476181183053, 0.4082002748943820980 ) ) ;
#1231 = CARTESIAN_POINT ( 'NONE',  ( 3.156410161513773627, -3.469446951953614189E-15, 10.83000000000000007 ) ) ;
#1232 =( NAMED_UNIT ( * ) PLANE_ANGLE_UNIT ( ) SI_UNIT ( $, .RADIAN. ) );
#1233 = VECTOR ( 'NONE', #9556, 1000.000000000000000 ) ;
#1234 = STYLED_ITEM ( 'NONE', ( #1347 ), #4602 ) ;
#1235 = CARTESIAN_POINT ( 'NONE',  ( 5.206020063032069878, 16.39568809514516090, 8.436400549788785952 ) ) ;
#1236 =( LENGTH_UNIT ( ) NAMED_UNIT ( * ) SI_UNIT ( .MILLI., .METRE. ) );
#1237 = PRESENTATION_LAYER_ASSIGNMENT (  '', '', ( #5878 ) ) ;
#1238 = PRESENTATION_STYLE_ASSIGNMENT (( #7657 ) ) ;
#1239 = CARTESIAN_POINT ( 'NONE',  ( 7.008200274894397452, 16.22647827721596414, 6.056640950747336660 ) ) ;
#1240 = VERTEX_POINT ( 'NONE', #3332 ) ;
#1241 = MECHANICAL_DESIGN_GEOMETRIC_PRESENTATION_REPRESENTATION (  '', ( #1063 ), #556 ) ;
#1242 = CARTESIAN_POINT ( 'NONE',  ( 5.036640950747340639, 14.83318809514516268, -8.028200274894407684 ) ) ;
#1243 = FILL_AREA_STYLE ('',( #10219 ) ) ;
#1244 = AXIS2_PLACEMENT_3D ( 'NONE', #2129, #3652, #4500 ) ;
#1245 = DIRECTION ( 'NONE',  ( 0.0000000000000000000, 1.000000000000000000, 0.0000000000000000000 ) ) ;
#1246 = CARTESIAN_POINT ( 'NONE',  ( 6.599999999999999645, 21.69999999999999929, 7.620000000000000107 ) ) ;
#1247 = VERTEX_POINT ( 'NONE', #8010 ) ;
#1248 = CARTESIAN_POINT ( 'NONE',  ( 5.036640950747329981, 15.35147827721596769, -0.4082002748943828196 ) ) ;
#1249 = EDGE_CURVE ( 'NONE', #2988, #8562, #4957, .T. ) ;
#1250 = CARTESIAN_POINT ( 'NONE',  ( 7.993979936967930300, 15.16397827721596414, -8.436400549788782399 ) ) ;
#1251 = COLOUR_RGB ( '',0.2862745098039215508, 0.6431372549019607199, 0.8666666666666666963 ) ;
#1252 = CARTESIAN_POINT ( 'NONE',  ( 8.163359049252681743, 11.12485476181184474, 7.211799725105620951 ) ) ;
#1253 = CARTESIAN_POINT ( 'NONE',  ( 8.122428454934363273, 21.64556204169075571, 2.840248825122658971 ) ) ;
#1254 = ORIENTED_EDGE ( 'NONE', *, *, #619, .T. ) ;
#1255 = COLOUR_RGB ( '',0.2862745098039215508, 0.6431372549019607199, 0.8666666666666666963 ) ;
#1256 = CARTESIAN_POINT ( 'NONE',  ( 3.549953663677376525, 21.69999999999999574, 0.2841520378757902421 ) ) ;
#1257 = PRESENTATION_LAYER_ASSIGNMENT (  '', '', ( #5207 ) ) ;
#1258 = DIRECTION ( 'NONE',  ( -0.0000000000000000000, 1.000000000000000000, -0.0000000000000000000 ) ) ;
#1259 = LINE ( 'NONE', #7893, #3165 ) ;
#1260 = DIRECTION ( 'NONE',  ( 1.000000000000000000, 0.0000000000000000000, 0.0000000000000000000 ) ) ;
#1261 = ORIENTED_EDGE ( 'NONE', *, *, #3214, .T. ) ;
#1262 = AXIS2_PLACEMENT_3D ( 'NONE', #8707, #417, #7003 ) ;
#1263 = DIRECTION ( 'NONE',  ( 0.0000000000000000000, -0.1961161351381840445, -0.9805806756909202226 ) ) ;
#1264 = STYLED_ITEM ( 'NONE', ( #2372 ), #7106 ) ;
#1265 = COLOUR_RGB ( '',0.2862745098039215508, 0.6431372549019607199, 0.8666666666666666963 ) ;
#1266 = CIRCLE ( 'NONE', #5400, 2.187500000039471981 ) ;
#1267 = SURFACE_STYLE_FILL_AREA ( #8585 ) ;
#1268 = DIRECTION ( 'NONE',  ( 0.0000000000000000000, -0.0000000000000000000, 1.000000000000000000 ) ) ;
#1269 = APPLICATION_CONTEXT ( 'automotive_design' ) ;
#1270 = UNCERTAINTY_MEASURE_WITH_UNIT (LENGTH_MEASURE( 1.000000000000000082E-05 ), #8278, 'distance_accuracy_value', 'NONE');
#1271 = FACE_OUTER_BOUND ( 'NONE', #6684, .T. ) ;
#1272 = VECTOR ( 'NONE', #3149, 1000.000000000000000 ) ;
#1273 =( LENGTH_UNIT ( ) NAMED_UNIT ( * ) SI_UNIT ( .MILLI., .METRE. ) );
#1274 = VECTOR ( 'NONE', #6272, 1000.000000000000000 ) ;
#1275 = VECTOR ( 'NONE', #6108, 1000.000000000000000 ) ;
#1277 = VERTEX_POINT ( 'NONE', #4894 ) ;
#1276 = CARTESIAN_POINT ( 'NONE',  ( 7.993979936967932076, 11.64568809514516090, -0.8164005497887827367 ) ) ;
#1278 = CARTESIAN_POINT ( 'NONE',  ( 7.209754640811564919, 15.95888873565663424, -8.661138122682933371 ) ) ;
#1279 = B_SPLINE_CURVE_WITH_KNOTS ( 'NONE', 3,
 ( #1706, #1656, #8899, #10402 ),
 .UNSPECIFIED., .F., .F.,
 ( 4, 4 ),
 ( 6.678089748782642925E-15, 0.0007087569161286873991 ),
 .UNSPECIFIED. ) ;
#1280 = EDGE_LOOP ( 'NONE', ( #1862, #7888, #4324, #7350 ) ) ;
#1281 = EDGE_CURVE ( 'NONE', #4015, #1411, #7354, .T. ) ;
#1282 = CARTESIAN_POINT ( 'NONE',  ( 7.008200274894408111, 15.72647827721596769, -9.183359049252658224 ) ) ;
#1283 = CARTESIAN_POINT ( 'NONE',  ( 5.157438894810345786, 21.39999999999999858, 4.596505753636367153 ) ) ;
#1284 = DIRECTION ( 'NONE',  ( -0.0000000000000000000, -1.000000000000000000, -0.0000000000000000000 ) ) ;
#1285 = DIRECTION ( 'NONE',  ( 1.000000000000000000, -0.0000000000000000000, 0.0000000000000000000 ) ) ;
#1286 = CARTESIAN_POINT ( 'NONE',  ( 6.191799725105581409, 13.24985476181182875, 6.056640950747340213 ) ) ;
#1287 = CARTESIAN_POINT ( 'NONE',  ( 6.411723855481887391, 16.95000000000000284, 9.150243110942351876 ) ) ;
#1288 = PRESENTATION_STYLE_ASSIGNMENT (( #2954 ) ) ;
#1289 = ORIENTED_EDGE ( 'NONE', *, *, #686, .T. ) ;
#1290 = EDGE_CURVE ( 'NONE', #352, #8079, #4032, .T. ) ;
#1291 = DIRECTION ( 'NONE',  ( -0.0000000000000000000, -1.000000000000000000, 1.215927670077199944E-16 ) ) ;
#1292 = LINE ( 'NONE', #10253, #1211 ) ;
#1294 = ORIENTED_EDGE ( 'NONE', *, *, #2200, .T. ) ;
#1293 = CARTESIAN_POINT ( 'NONE',  ( 5.036640950747329981, 15.83318809514516445, -0.4082002748943828196 ) ) ;
#1295 = CARTESIAN_POINT ( 'NONE',  ( 6.295122679594225445, 13.22972206898996816, -6.452355715851496143 ) ) ;
#1296 = DIRECTION ( 'NONE',  ( 0.0000000000000000000, 0.0000000000000000000, -1.000000000000000000 ) ) ;
#1297 = ADVANCED_FACE ( 'NONE', ( #2519 ), #9706, .T. ) ;
#1298 = MECHANICAL_DESIGN_GEOMETRIC_PRESENTATION_REPRESENTATION (  '', ( #9651 ), #4241 ) ;
#1299 = CARTESIAN_POINT ( 'NONE',  ( 6.191799725105599173, 11.45818809514516623, 1.563359049252661004 ) ) ;
#1300 = DIRECTION ( 'NONE',  ( 0.0000000000000000000, -0.9805806756909200006, -0.1961161351381846829 ) ) ;
#1301 = CARTESIAN_POINT ( 'NONE',  ( 6.200000000000401634, 18.74040530735749499, 5.459905188331800829 ) ) ;
#1302 = CARTESIAN_POINT ( 'NONE',  ( 6.295122679594213011, 16.52138873565663246, 6.452355715851497919 ) ) ;
#1303 = FACE_OUTER_BOUND ( 'NONE', #6095, .T. ) ;
#1304 = CARTESIAN_POINT ( 'NONE',  ( 5.990245359188406837, 12.54222206898996461, 6.578861877317082829 ) ) ;
#1305 = PRESENTATION_LAYER_ASSIGNMENT (  '', '', ( #6771 ) ) ;
#1306 = CARTESIAN_POINT ( 'NONE',  ( 5.206020063032084089, 15.31235476181183053, 6.803599450211182287 ) ) ;
#1307 = EDGE_LOOP ( 'NONE', ( #964, #2449, #7670, #6496, #5626 ) ) ;
#1308 = MECHANICAL_DESIGN_GEOMETRIC_PRESENTATION_REPRESENTATION (  '', ( #4932 ), #4038 ) ;
#1309 = ADVANCED_FACE ( 'NONE', ( #1583 ), #3225, .F. ) ;
#1310 =( LENGTH_UNIT ( ) NAMED_UNIT ( * ) SI_UNIT ( .MILLI., .METRE. ) );
#1311 = UNCERTAINTY_MEASURE_WITH_UNIT (LENGTH_MEASURE( 1.000000000000000082E-05 ), #6465, 'distance_accuracy_value', 'NONE');
#1312 = CARTESIAN_POINT ( 'NONE',  ( 12.59999999999999964, 0.8999999999999998002, 11.42999999999999972 ) ) ;
#1313 = DIRECTION ( 'NONE',  ( -8.185976218434330542E-17, 1.000000000000000000, 0.0000000000000000000 ) ) ;
#1314 = CARTESIAN_POINT ( 'NONE',  ( 10.11825162102748443, 18.75000000000000711, 6.013300781939798334 ) ) ;
#1315 = VERTEX_POINT ( 'NONE', #5057 ) ;
#1316 = CARTESIAN_POINT ( 'NONE',  ( 8.163359049252658650, 14.58318809514516445, 0.4082002748944045245 ) ) ;
#1317 = STYLED_ITEM ( 'NONE', ( #10353 ), #10297 ) ;
#1318 = FILL_AREA_STYLE ('',( #5258 ) ) ;
#1319 = CARTESIAN_POINT ( 'NONE',  ( 5.036640950747327317, 10.89314494388263022, 8.028200274894379262 ) ) ;
#1320 = CARTESIAN_POINT ( 'NONE',  ( 7.500000000000000000, -4.750000000000000000, -7.320000000000000284 ) ) ;
#1321 = ORIENTED_EDGE ( 'NONE', *, *, #10423, .F. ) ;
#1322 = EDGE_CURVE ( 'NONE', #5003, #4298, #6630, .T. ) ;
#1323 = SURFACE_STYLE_FILL_AREA ( #10229 ) ;
#1324 = FILL_AREA_STYLE ('',( #6293 ) ) ;
#1325 = ORIENTED_EDGE ( 'NONE', *, *, #10546, .T. ) ;
#1326 = CARTESIAN_POINT ( 'NONE',  ( 5.250000000000015099, 21.69999999999999929, 10.35495886623548323 ) ) ;
#1327 =( BOUNDED_CURVE ( )  B_SPLINE_CURVE ( 3, ( #8445, #4414, #264, #10045 ),
 .UNSPECIFIED., .F., .T. ) 
 B_SPLINE_CURVE_WITH_KNOTS ( ( 4, 4 ),
 ( 0.0000000000000000000, 1.000000000000000000 ),
 .UNSPECIFIED. ) 
 CURVE ( )  GEOMETRIC_REPRESENTATION_ITEM ( )  RATIONAL_B_SPLINE_CURVE ( ( 1.000000000000000000, 0.3333333333333335369, 0.3333333333333335369, 1.000000000000000000 ) ) 
 REPRESENTATION_ITEM ( '' )  );
#1328 = SURFACE_SIDE_STYLE ('',( #2891 ) ) ;
#1329 = SURFACE_STYLE_USAGE ( .BOTH. , #512 ) ;
#1331 = ORIENTED_EDGE ( 'NONE', *, *, #10232, .F. ) ;
#1330 = CARTESIAN_POINT ( 'NONE',  ( 6.295122679594223669, 12.22972206898996461, 1.167644284148504852 ) ) ;
#1332 = VERTEX_POINT ( 'NONE', #5839 ) ;
#1333 = DIRECTION ( 'NONE',  ( 0.0000000000000000000, -1.000000000000000000, 0.0000000000000000000 ) ) ;
#1334 = CARTESIAN_POINT ( 'NONE',  ( 7.000000000000000000, 18.42131751191151778, -9.853289184032623993 ) ) ;
#1335 = CARTESIAN_POINT ( 'NONE',  ( 7.008200274894408111, 13.49985476181183053, 9.183359049252660000 ) ) ;
#1336 = FACE_OUTER_BOUND ( 'NONE', #2973, .T. ) ;
#1337 = EDGE_LOOP ( 'NONE', ( #9044, #6140, #9751, #4976, #8368 ) ) ;
#1339 = ORIENTED_EDGE ( 'NONE', *, *, #9928, .F. ) ;
#1338 = CARTESIAN_POINT ( 'NONE',  ( 7.767644284148498279, 14.35472206898996639, 0.3048773204057910191 ) ) ;
#1340 = CARTESIAN_POINT ( 'NONE',  ( 5.432355715851494793, 13.10472206898996639, -7.924877320405771641 ) ) ;
#1341 = LINE ( 'NONE', #7865, #4300 ) ;
#1342 = CARTESIAN_POINT ( 'NONE',  ( 5.036640950747341527, 11.33318809514516445, -0.4082002748944045800 ) ) ;
#1343 =( LENGTH_UNIT ( ) NAMED_UNIT ( * ) SI_UNIT ( .MILLI., .METRE. ) );
#1344 = PLANE ( 'NONE',  #10490 ) ;
#1345 = CARTESIAN_POINT ( 'NONE',  ( 8.439239829215193112, 21.69999999999999574, 5.170578000884625602 ) ) ;
#1346 = CARTESIAN_POINT ( 'NONE',  ( 7.416400549788791707, 16.52068809514516445, 9.013979936967926321 ) ) ;
#1347 = PRESENTATION_STYLE_ASSIGNMENT (( #3901 ) ) ;
#1348 = CARTESIAN_POINT ( 'NONE',  ( 7.416400549788777496, 12.18735476181183230, 6.226020063032068563 ) ) ;
#1349 = EDGE_CURVE ( 'NONE', #436, #7644, #1039, .T. ) ;
#1350 = CARTESIAN_POINT ( 'NONE',  ( 5.206020063032076095, 15.81235476181183230, 6.803599450211194721 ) ) ;
#1351 = ORIENTED_EDGE ( 'NONE', *, *, #1205, .T. ) ;
#1352 = ORIENTED_EDGE ( 'NONE', *, *, #3818, .F. ) ;
#1353 = CARTESIAN_POINT ( 'NONE',  ( 6.200000000000000178, 18.75000000000000000, -2.115099840886190297 ) ) ;
#1354 = LINE ( 'NONE', #9577, #2961 ) ;
#1355 = VERTEX_POINT ( 'NONE', #9973 ) ;
#1356 = CARTESIAN_POINT ( 'NONE',  ( 5.783599450211192483, 14.28897827721596236, -1.393979936967921773 ) ) ;
#1357 = CARTESIAN_POINT ( 'NONE',  ( 5.206020063032072542, 10.91397827721596414, 8.436400549788800163 ) ) ;
#1358 = ADVANCED_FACE ( 'NONE', ( #4399 ), #6675, .F. ) ;
#1359 = FACE_OUTER_BOUND ( 'NONE', #2503, .T. ) ;
#1360 = EDGE_CURVE ( 'NONE', #6374, #308, #8372, .T. ) ;
#1361 = FACE_BOUND ( 'NONE', #10203, .T. ) ;
#1362 = ORIENTED_EDGE ( 'NONE', *, *, #9964, .F. ) ;
#1363 = LINE ( 'NONE', #663, #2832 ) ;
#1364 = CARTESIAN_POINT ( 'NONE',  ( 10.59999999999999964, 11.05000000000000249, -11.43000000000000149 ) ) ;
#1365 = CARTESIAN_POINT ( 'NONE',  ( 8.250000000000000000, 21.69999999999999929, -2.915475947422649927 ) ) ;
#1366 = SURFACE_SIDE_STYLE ('',( #10504 ) ) ;
#1367 = CIRCLE ( 'NONE', #7340, 3.349999999999999645 ) ;
#1368 = B_SPLINE_SURFACE_WITH_KNOTS ( 'NONE', 3, 1, ( 
 ( #1723, #8139 ),
 ( #5858, #4269 ),
 ( #5762, #4219 ),
 ( #9940, #3455 ),
 ( #6692, #197 ),
 ( #5027, #8242 ),
 ( #8188, #5125 ),
 ( #8928, #7441 ),
 ( #9147, #3360 ),
 ( #9087, #3299 ),
 ( #1015, #2646 ),
 ( #1831, #8345 ),
 ( #106, #6605 ),
 ( #6483, #9844 ),
 ( #4310, #2539 ),
 ( #1923, #9352 ),
 ( #8550, #2749 ),
 ( #7648, #7595 ),
 ( #319, #2803 ),
 ( #4415, #5168 ),
 ( #6114, #6899 ),
 ( #10151, #3620 ),
 ( #10097, #10047 ),
 ( #9401, #6953 ),
 ( #7808, #8389 ),
 ( #2857, #6804 ),
 ( #6848, #3675 ),
 ( #6004, #2035 ),
 ( #1064, #8447 ),
 ( #9237, #5220 ),
 ( #2084, #1128 ),
 ( #8498, #10205 ),
 ( #6056, #9997 ),
 ( #6159, #1988 ),
 ( #5322, #1226 ),
 ( #9297, #4362 ),
 ( #267, #5277 ),
 ( #1293, #4524 ),
 ( #7747, #422 ),
 ( #2906, #3734 ),
 ( #1176, #5960 ),
 ( #5376, #8610 ),
 ( #4462, #4584 ),
 ( #3575, #7694 ),
 ( #361, #3512 ),
 ( #9192, #6751 ),
 ( #2699, #1877 ),
 ( #10409, #3125 ),
 ( #3986, #6357 ),
 ( #2957, #3835 ),
 ( #1533, #5480 ),
 ( #2360, #5638 ),
 ( #4745, #8713 ),
 ( #9513, #10315 ),
 ( #471, #2248 ),
 ( #3786, #2148 ),
 ( #4847, #7006 ),
 ( #582, #7975 ),
 ( #3069, #9620 ),
 ( #683, #638 ),
 ( #6265, #1441 ),
 ( #1385, #2303 ),
 ( #7860, #3023 ),
 ( #7200, #10254 ),
 ( #4633, #5588 ),
 ( #10365, #8765 ),
 ( #7058, #8817 ),
 ( #3938, #9670 ),
 ( #6312, #4685 ),
 ( #10464, #8861 ),
 ( #7919, #3891 ),
 ( #1492, #6418 ),
 ( #8018, #9559 ),
 ( #6212, #9460 ),
 ( #3181, #7110 ),
 ( #4796, #7155 ),
 ( #5435, #8663 ),
 ( #5527, #1338 ),
 ( #526, #2201 ),
 ( #9715, #5013 ),
 ( #8970, #2410 ),
 ( #10517, #4147 ),
 ( #87, #5844 ),
 ( #31, #5679 ),
 ( #8222, #6635 ),
 ( #4093, #2526 ),
 ( #963, #9877 ),
 ( #9070, #9129 ),
 ( #6470, #1596 ),
 ( #8126, #6681 ),
 ( #4042, #9018 ),
 ( #8068, #1817 ),
 ( #900, #1712 ),
 ( #5741, #794 ),
 ( #7477, #4254 ),
 ( #5798, #8910 ),
 ( #736, #4906 ),
 ( #8283, #9826 ),
 ( #6522, #3399 ),
 ( #2572, #7311 ),
 ( #1661, #10563 ),
 ( #7361, #3284 ),
 ( #9761, #2465 ),
 ( #1762, #4964 ),
 ( #4200, #8171 ),
 ( #3340, #849 ),
 ( #3442, #134 ),
 ( #7258, #6587 ),
 ( #7420, #5062 ),
 ( #9924, #2627 ),
 ( #5899, #3233 ),
 ( #3721, #2732 ),
 ( #7525, #5261 ),
 ( #6102, #8430 ),
 ( #10082, #1209 ),
 ( #5203, #1109 ),
 ( #7731, #3605 ),
 ( #349, #7677 ),
 ( #3560, #2687 ),
 ( #9182, #7576 ),
 ( #2892, #6880 ),
 ( #4295, #5989 ),
 ( #2020, #305 ),
 ( #9339, #4504 ),
 ( #8485, #4448 ),
 ( #4403, #404 ),
 ( #6735, #5948 ),
 ( #6833, #7633 ),
 ( #180, #3656 ),
 ( #3494, #2784 ),
 ( #10133, #2841 ),
 ( #9979, #1001 ),
 ( #9223, #6943 ),
 ( #248, #1970 ),
 ( #10191, #6146 ),
 ( #9279, #1907 ),
 ( #6787, #4346 ),
 ( #5110, #6041 ),
 ( #8330, #1861 ),
 ( #9384, #5154 ),
 ( #1160, #5307 ),
 ( #8530, #8376 ),
 ( #1044, #10029 ),
 ( #3058, #9503 ),
 ( #7046, #4733 ),
 ( #9441, #1330 ),
 ( #8807, #3168 ),
 ( #6198, #1427 ),
 ( #1371, #10354 ),
 ( #8651, #7963 ),
 ( #6301, #675 ),
 ( #8698, #4624 ),
 ( #3114, #3773 ),
 ( #6348, #7847 ),
 ( #627, #8007 ),
 ( #9605, #570 ),
 ( #8590, #10299 ),
 ( #2291, #2191 ),
 ( #10397, #9548 ),
 ( #6407, #4783 ),
 ( #3877, #8754 ),
 ( #513, #10452 ),
 ( #6994, #2241 ),
 ( #3822, #5576 ),
 ( #4569, #4675 ),
 ( #3929, #1479 ),
 ( #7903, #10242 ),
 ( #5517, #7145 ),
 ( #3005, #7100 ),
 ( #3976, #7191 ),
 ( #2073, #5356 ),
 ( #1276, #7797 ),
 ( #458, #2944 ),
 ( #2133, #5420 ),
 ( #6250, #5473 ),
 ( #8161, #4952 ),
 ( #4890, #6462 ),
 ( #889, #5002 ),
 ( #8961, #4027 ),
 ( #2563, #719 ),
 ( #1701, #5726 ),
 ( #4837, #7299 ),
 ( #8054, #6507 ),
 ( #7247, #8214 ),
 ( #3272, #10508 ),
 ( #3222, #9702 ),
 ( #5789, #2398 ),
 ( #838, #8114 ),
 ( #9749, #5670 ),
 ( #7406, #4186 ),
 ( #9660, #8896 ),
 ( #783, #4135 ),
 ( #2349, #1652 ),
 ( #1580, #76 ) ),
 .UNSPECIFIED., .F., .F., .F.,
 ( 4, 2, 2, 2, 2, 2, 2, 2, 2, 2, 2, 2, 2, 2, 2, 2, 2, 2, 2, 2, 2, 2, 2, 2, 2, 2, 2, 2, 2, 2, 2, 2, 2, 2, 2, 2, 2, 2, 2, 2, 2, 2, 2, 2, 2, 2, 2, 2, 2, 2, 2, 2, 2, 2, 2, 2, 2, 2, 2, 2, 2, 2, 2, 2, 2, 2, 2, 2, 2, 2, 2, 2, 2, 2, 2, 2, 2, 2, 2, 2, 2, 2, 2, 2, 2, 2, 2, 2, 2, 2, 2, 2, 2, 2, 2, 2, 4 ),
 ( 2, 2 ),
 ( 0.0000000000000000000, 0.01052513428086159983, 0.02105026856172309904, 0.03157540284258469887, 0.04210053712344630217, 0.05262567140430789853, 0.06315080568516939774, 0.07367593996603100104, 0.08420107424689260434, 0.09472620852775419376, 0.1052513428086160052, 0.1157764770894769979, 0.1263016113703389898, 0.1368267456512000102, 0.1473518799320620021, 0.1578770142129239940, 0.1684021484937849866, 0.1789272827746470063, 0.1894524170555079989, 0.1999775513363699908, 0.2105026856172310112, 0.2210278198980930031, 0.2315529541789549950, 0.2420780884598159877, 0.2526032227406779795, 0.2631283570215390277, 0.2736534913024010196, 0.2841786255832630115, 0.2947037598641240042, 0.3052288941449859960, 0.3157540284258469887, 0.3262791627067089806, 0.3368042969875699733, 0.3473294312684320206, 0.3578545655492940125, 0.3683796998301550052, 0.3789048341110169971, 0.3894299683918779897, 0.3999551026727399816, 0.4104802369536009743, 0.4210053712344630217, 0.4315305055153250136, 0.4420556397961860062, 0.4525807740770479981, 0.4631059083579089908, 0.4736310426387709827, 0.4841561769196319753, 0.4946813112004940227, 0.5052064454813559591, 0.5157315797622169518, 0.5262567140430790547, 0.5367818483239400473, 0.5473069826048020392, 0.5578321168856630319, 0.5683572511665250238, 0.5788823854473870156, 0.5894075197282480083, 0.5999326540091100002, 0.6104577882899709929, 0.6209829225708329847, 0.6315080568516939774, 0.6420331911325559693, 0.6525583254134179612, 0.6630834596942789538, 0.6736085939751409457, 0.6841337282560020494, 0.6946588625368640413, 0.7051839968177250340, 0.7157091310985870258, 0.7262342653794490177, 0.7367593996603100104, 0.7472845339411720023, 0.7578096682220329949, 0.7683348025028949868, 0.7788599367837559795, 0.7893850710646179714, 0.7999102053454799632, 0.8104353396263409559, 0.8209604739072029478, 0.8314856081880640515, 0.8420107424689260434, 0.8525358767497870360, 0.8630610110306490279, 0.8735861453115110198, 0.8841112795923720125, 0.8946364138732340043, 0.9051615481540949970, 0.9156866824349569889, 0.9262118167158189808, 0.9367369509966799734, 0.9472620852775419653, 0.9577872195584029580, 0.9683123538392649499, 0.9788374881201260536, 0.9893626224009880454, 0.9998877566818490381, 1.000000000000000000 ),
 ( -1.774923252789323437E-14, 0.1270273264120486134 ),
 .UNSPECIFIED. ) ;
#1369 = UNCERTAINTY_MEASURE_WITH_UNIT (LENGTH_MEASURE( 1.000000000000000082E-05 ), #2239, 'distance_accuracy_value', 'NONE');
#1370 = CYLINDRICAL_SURFACE ( 'NONE', #4387, 2.500000000000000444 ) ;
#1372 = ORIENTED_EDGE ( 'NONE', *, *, #156, .T. ) ;
#1371 = CARTESIAN_POINT ( 'NONE',  ( 5.036640950747343304, 12.37485476181183230, 0.4082002748944111858 ) ) ;
#1373 = ORIENTED_EDGE ( 'NONE', *, *, #8528, .T. ) ;
#1374 = ORIENTED_EDGE ( 'NONE', *, *, #8279, .F. ) ;
#1375 = SURFACE_STYLE_FILL_AREA ( #7415 ) ;
#1376 = ADVANCED_FACE ( 'NONE', ( #7567 ), #1903, .F. ) ;
#1377 = DIRECTION ( 'NONE',  ( 0.0000000000000000000, -0.1961161351381840445, -0.9805806756909202226 ) ) ;
#1378 = CARTESIAN_POINT ( 'NONE',  ( 6.599999999999999645, 21.69999999999999929, -7.620000000000000107 ) ) ;
#1379 = LINE ( 'NONE', #4842, #2606 ) ;
#1380 =( BOUNDED_SURFACE ( )  B_SPLINE_SURFACE ( 3, 3, ( 
 ( #1517, #1639, #9542, #4939 ),
 ( #9692, #8151, #5510, #614 ),
 ( #8000, #2387, #3159, #708 ),
 ( #3918, #4823, #6392, #7137 ) ),
 .UNSPECIFIED., .F., .F., .T. ) 
 B_SPLINE_SURFACE_WITH_KNOTS ( ( 4, 4 ),
 ( 4, 4 ),
 ( 0.0000000000000000000, 1.000000000000000000 ),
 ( 0.0000000000000000000, 1.000000000000000000 ),
 .UNSPECIFIED. ) 
 GEOMETRIC_REPRESENTATION_ITEM ( )  RATIONAL_B_SPLINE_SURFACE ( (
 ( 1.000000000000000000, 0.3333333333333335369, 0.3333333333333335369, 1.000000000000000000),
 ( 0.8047378541243649375, 0.2682459513747884605, 0.2682459513747884605, 0.8047378541243649375),
 ( 0.8047378541243649375, 0.2682459513747884605, 0.2682459513747884605, 0.8047378541243649375),
 ( 1.000000000000000000, 0.3333333333333335369, 0.3333333333333335369, 1.000000000000000000) ) ) 
 REPRESENTATION_ITEM ( '' )  SURFACE ( )  );
#1381 = DIRECTION ( 'NONE',  ( -1.000000000000000000, 9.637352644315610034E-17, 0.0000000000000000000 ) ) ;
#1382 = VERTEX_POINT ( 'NONE', #241 ) ;
#1383 = MECHANICAL_DESIGN_GEOMETRIC_PRESENTATION_REPRESENTATION (  '', ( #7030 ), #6355 ) ;
#1384 = FACE_OUTER_BOUND ( 'NONE', #6790, .T. ) ;
#1386 = ORIENTED_EDGE ( 'NONE', *, *, #5119, .T. ) ;
#1385 = CARTESIAN_POINT ( 'NONE',  ( 8.163359049252667532, 15.08318809514516445, 0.4082002748943792669 ) ) ;
#1387 = CARTESIAN_POINT ( 'NONE',  ( 5.036640950747344192, 13.37485476181183230, -7.211799725105586312 ) ) ;
#1388 = CARTESIAN_POINT ( 'NONE',  ( 1.901461569844111299, 17.27092694212328183, -5.270730784922053047 ) ) ;
#1389 = CARTESIAN_POINT ( 'NONE',  ( 8.188667220373918809, 21.58193673772358068, -10.49960146736868083 ) ) ;
#1390 = CARTESIAN_POINT ( 'NONE',  ( 7.695910417005329407, 10.55914509103539878, 1.114388672331679819 ) ) ;
#1391 = LINE ( 'NONE', #1539, #2101 ) ;
#1392 = FACE_OUTER_BOUND ( 'NONE', #6016, .T. ) ;
#1393 = CARTESIAN_POINT ( 'NONE',  ( 4.958061781037150340, 21.48047131868814574, -10.53031672570627286 ) ) ;
#1394 = CARTESIAN_POINT ( 'NONE',  ( 5.783599450211219128, 15.27068809514516445, 6.226020063032068563 ) ) ;
#1395 = CARTESIAN_POINT ( 'NONE',  ( 0.0000000000000000000, 0.0000000000000000000, -3.049999999999981615 ) ) ;
#1396 = CARTESIAN_POINT ( 'NONE',  ( 7.416400549788823682, 12.68735476181182875, 6.226020063032083662 ) ) ;
#1397 = CARTESIAN_POINT ( 'NONE',  ( 5.036640950747342416, 15.37485476181183586, 8.028200274894409461 ) ) ;
#1398 = ORIENTED_EDGE ( 'NONE', *, *, #7501, .F. ) ;
#1399 = CARTESIAN_POINT ( 'NONE',  ( 7.993979936967930300, 13.58064494388263199, -6.803599450211213373 ) ) ;
#1400 = SURFACE_SIDE_STYLE ('',( #2259 ) ) ;
#1401 = UNCERTAINTY_MEASURE_WITH_UNIT (LENGTH_MEASURE( 1.000000000000000082E-05 ), #1273, 'distance_accuracy_value', 'NONE');
#1402 = CARTESIAN_POINT ( 'NONE',  ( 2.499999999999999112, 16.94999999999999929, -9.669999999999999929 ) ) ;
#1403 = CARTESIAN_POINT ( 'NONE',  ( 5.036640950747329981, 15.83318809514516445, -8.028200274894382815 ) ) ;
#1404 = ORIENTED_EDGE ( 'NONE', *, *, #6814, .F. ) ;
#1405 = CARTESIAN_POINT ( 'NONE',  ( 5.206020063032066325, 14.33064494388263022, -0.8164005497887816265 ) ) ;
#1406 = EDGE_CURVE ( 'NONE', #3978, #8486, #4669, .T. ) ;
#1407 = CARTESIAN_POINT ( 'NONE',  ( 6.599999999999999645, 17.25000000000000000, 7.620000000000000107 ) ) ;
#1408 = CARTESIAN_POINT ( 'NONE',  ( 5.783599450211187154, 10.78897827721596769, 6.226020063032086327 ) ) ;
#1409 = LINE ( 'NONE', #5613, #7610 ) ;
#1410 =( GEOMETRIC_REPRESENTATION_CONTEXT ( 3 ) GLOBAL_UNCERTAINTY_ASSIGNED_CONTEXT ( ( #9277 ) ) GLOBAL_UNIT_ASSIGNED_CONTEXT ( ( #10146, #3016, #2030 ) ) REPRESENTATION_CONTEXT ( 'NONE', 'WORKASPACE' ) );
#1411 = VERTEX_POINT ( 'NONE', #2729 ) ;
#1412 = B_SPLINE_CURVE_WITH_KNOTS ( 'NONE', 3,
 ( #5825, #9047, #4281, #8999, #6562, #9801, #5779, #3472, #5093, #1844, #8314, #5931, #9417, #4382, #6129 ),
 .UNSPECIFIED., .F., .F.,
 ( 4, 2, 2, 1, 2, 2, 2, 4 ),
 ( 0.0000000000000000000, 0.2500000000000213718, 0.3750000000000300870, 0.4375000000000329736, 0.4687500000000373035, 0.5000000000000416334, 0.7500000000000207612, 1.000000000000000000 ),
 .UNSPECIFIED. ) ;
#1413 =( GEOMETRIC_REPRESENTATION_CONTEXT ( 3 ) GLOBAL_UNCERTAINTY_ASSIGNED_CONTEXT ( ( #1708 ) ) GLOBAL_UNIT_ASSIGNED_CONTEXT ( ( #8426, #2017, #6937 ) ) REPRESENTATION_CONTEXT ( 'NONE', 'WORKASPACE' ) );
#1414 = CARTESIAN_POINT ( 'NONE',  ( 12.59999999999999964, 0.0000000000000000000, 11.42999999999999972 ) ) ;
#1415 = CARTESIAN_POINT ( 'NONE',  ( 1.500000000000000000, -36.96000000000000085, -5.020000000000040430 ) ) ;
#1416 = ADVANCED_FACE ( 'NONE', ( #2620 ), #3551, .T. ) ;
#1417 = DIRECTION ( 'NONE',  ( 1.000000000000000000, 0.0000000000000000000, 0.0000000000000000000 ) ) ;
#1418 = COLOUR_RGB ( '',0.2862745098039215508, 0.6431372549019607199, 0.8666666666666666963 ) ;
#1419 = FILL_AREA_STYLE_COLOUR ( '', #1884 ) ;
#1420 = EDGE_CURVE ( 'NONE', #3072, #9226, #3599, .T. ) ;
#1421 = CARTESIAN_POINT ( 'NONE',  ( 7.008200274894408111, 14.70818809514516090, 6.056640950747341989 ) ) ;
#1422 = FILL_AREA_STYLE ('',( #3219 ) ) ;
#1423 = VECTOR ( 'NONE', #7034, 1000.000000000000114 ) ;
#1424 = FILL_AREA_STYLE_COLOUR ( '', #4013 ) ;
#1425 = CARTESIAN_POINT ( 'NONE',  ( 6.599999999999999645, 21.69999999999999929, 0.0000000000000000000 ) ) ;
#1426 = CARTESIAN_POINT ( 'NONE',  ( 11.84279056191359913, -6.929999999999949978, 10.81000000000000050 ) ) ;
#1428 = VERTEX_POINT ( 'NONE', #8276 ) ;
#1427 = CARTESIAN_POINT ( 'NONE',  ( 5.558861877317072597, 12.16722206898996639, 0.6097546408115654959 ) ) ;
#1429 = VECTOR ( 'NONE', #6227, 1000.000000000000000 ) ;
#1430 = ORIENTED_EDGE ( 'NONE', *, *, #564, .T. ) ;
#1431 = AXIS2_PLACEMENT_3D ( 'NONE', #2376, #4221, #7378 ) ;
#1432 = VECTOR ( 'NONE', #8166, 1000.000000000000000 ) ;
#1433 = CARTESIAN_POINT ( 'NONE',  ( 7.949999999999998401, 21.39999999999999858, 7.620000000000000107 ) ) ;
#1434 = CARTESIAN_POINT ( 'NONE',  ( 0.0000000000000000000, 0.0000000000000000000, 11.42999999999999972 ) ) ;
#1435 = VECTOR ( 'NONE', #3830, 1000.000000000000000 ) ;
#1436 = SURFACE_SIDE_STYLE ('',( #3936 ) ) ;
#1437 = VECTOR ( 'NONE', #8834, 1000.000000000000000 ) ;
#1438 = DIRECTION ( 'NONE',  ( 0.0000000000000000000, -0.0000000000000000000, -1.000000000000000000 ) ) ;
#1439 = EDGE_CURVE ( 'NONE', #5289, #1175, #7471, .T. ) ;
#1440 = CARTESIAN_POINT ( 'NONE',  ( 6.599999999999999645, 17.27092694212320012, -2.349269215086773333 ) ) ;
#1442 = ORIENTED_EDGE ( 'NONE', *, *, #3137, .F. ) ;
#1441 = CARTESIAN_POINT ( 'NONE',  ( 7.767644284148494727, 14.89638873565663069, -0.3048773204057976249 ) ) ;
#1443 = CARTESIAN_POINT ( 'NONE',  ( 5.558861877317067268, 12.08388873565663779, -8.229754640811558275 ) ) ;
#1444 = DIRECTION ( 'NONE',  ( -0.0000000000000000000, -0.0000000000000000000, -1.000000000000000000 ) ) ;
#1445 = DIRECTION ( 'NONE',  ( 0.0000000000000000000, -0.0000000000000000000, 1.000000000000000000 ) ) ;
#1446 = CARTESIAN_POINT ( 'NONE',  ( 5.783599450211187154, 11.27068809514516623, -1.393979936967914224 ) ) ;
#1447 = CARTESIAN_POINT ( 'NONE',  ( 6.237708605730146516, 18.71222679458301030, -9.839104311608767972 ) ) ;
#1448 = FACE_OUTER_BOUND ( 'NONE', #1087, .T. ) ;
#1449 =( GEOMETRIC_REPRESENTATION_CONTEXT ( 3 ) GLOBAL_UNCERTAINTY_ASSIGNED_CONTEXT ( ( #2238 ) ) GLOBAL_UNIT_ASSIGNED_CONTEXT ( ( #10247, #10088, #5312 ) ) REPRESENTATION_CONTEXT ( 'NONE', 'WORKASPACE' ) );
#1450 = VECTOR ( 'NONE', #624, 1000.000000000000000 ) ;
#1451 = CARTESIAN_POINT ( 'NONE',  ( 6.295122679594202353, 15.22972206898996461, 8.787644284148495188 ) ) ;
#1452 = CARTESIAN_POINT ( 'NONE',  ( 10.20877607586335678, 18.75000000000000000, -5.971960483841007417 ) ) ;
#1453 = CARTESIAN_POINT ( 'NONE',  ( 7.767644284148492062, 11.85472206898996816, 7.924877320405789405 ) ) ;
#1454 = ORIENTED_EDGE ( 'NONE', *, *, #26, .F. ) ;
#1455 = ORIENTED_EDGE ( 'NONE', *, *, #9584, .F. ) ;
#1456 = VECTOR ( 'NONE', #552, 1000.000000000000000 ) ;
#1457 = MECHANICAL_DESIGN_GEOMETRIC_PRESENTATION_REPRESENTATION (  '', ( #5415 ), #6409 ) ;
#1458 = CARTESIAN_POINT ( 'NONE',  ( 6.999999999999795719, 18.73765341253209371, 5.455932137986840402 ) ) ;
#1459 = SURFACE_STYLE_FILL_AREA ( #7937 ) ;
#1460 = CARTESIAN_POINT ( 'NONE',  ( 6.191799725105629371, 14.95818809514516801, -6.056640950747325114 ) ) ;
#1461 = ORIENTED_EDGE ( 'NONE', *, *, #5231, .F. ) ;
#1462 = CARTESIAN_POINT ( 'NONE',  ( 6.191799725105615160, 14.74985476181183230, -1.563359049252668775 ) ) ;
#1463 = DIRECTION ( 'NONE',  ( -0.0000000000000000000, 1.000000000000000000, -0.0000000000000000000 ) ) ;
#1464 = CARTESIAN_POINT ( 'NONE',  ( 9.224999999999999645, 0.9000000000000100142, -10.83000000000000007 ) ) ;
#1465 = DIRECTION ( 'NONE',  ( 1.000000000000000000, -0.0000000000000000000, 0.0000000000000000000 ) ) ;
#1466 = MECHANICAL_DESIGN_GEOMETRIC_PRESENTATION_REPRESENTATION (  '', ( #5763 ), #8635 ) ;
#1467 = CARTESIAN_POINT ( 'NONE',  ( 6.200000000000168932, 18.74954171588526819, -5.493666738356380641 ) ) ;
#1468 = DIRECTION ( 'NONE',  ( -0.1776267739252009037, 0.9473427942677389302, 0.2664401608878025907 ) ) ;
#1469 = ORIENTED_EDGE ( 'NONE', *, *, #787, .T. ) ;
#1470 = DIRECTION ( 'NONE',  ( 0.0000000000000000000, -0.0000000000000000000, 1.000000000000000000 ) ) ;
#1471 = CARTESIAN_POINT ( 'NONE',  ( 6.599999999999999645, 16.94999999999999929, 5.569999999999996732 ) ) ;
#1472 = LINE ( 'NONE', #1365, #5385 ) ;
#1473 = DIRECTION ( 'NONE',  ( 0.4823445772640534424, 0.4938289719608150441, -0.7235168658960798860 ) ) ;
#1474 = CARTESIAN_POINT ( 'NONE',  ( 7.993979936967933853, 12.66397827721596414, 6.803599450211216926 ) ) ;
#1475 =( NAMED_UNIT ( * ) SI_UNIT ( $, .STERADIAN. ) SOLID_ANGLE_UNIT ( ) );
#1476 = ADVANCED_FACE ( 'NONE', ( #6335 ), #3960, .F. ) ;
#1477 = UNCERTAINTY_MEASURE_WITH_UNIT (LENGTH_MEASURE( 1.000000000000000082E-05 ), #10414, 'distance_accuracy_value', 'NONE');
#1478 = SURFACE_STYLE_USAGE ( .BOTH. , #7044 ) ;
#1480 = ORIENTED_EDGE ( 'NONE', *, *, #433, .T. ) ;
#1479 = CARTESIAN_POINT ( 'NONE',  ( 5.432355715851502787, 11.60472206898996994, -0.3048773204057885766 ) ) ;
#1481 = ORIENTED_EDGE ( 'NONE', *, *, #9957, .T. ) ;
#1482 = DIRECTION ( 'NONE',  ( 0.0000000000000000000, 0.0000000000000000000, 1.000000000000000000 ) ) ;
#1483 = DIRECTION ( 'NONE',  ( 0.0000000000000000000, 1.000000000000000000, 0.0000000000000000000 ) ) ;
#1484 = DIRECTION ( 'NONE',  ( 0.0000000000000000000, -0.7071067811865470176, 0.7071067811865480168 ) ) ;
#1485 = CARTESIAN_POINT ( 'NONE',  ( 6.199999999999999289, 18.75000000000000000, 2.115099840886189408 ) ) ;
#1486 = ADVANCED_FACE ( 'NONE', ( #10277 ), #8682, .T. ) ;
#1487 = CARTESIAN_POINT ( 'NONE',  ( 12.04641016151378885, 0.8999999999999928058, -12.03000000000000291 ) ) ;
#1488 = CARTESIAN_POINT ( 'NONE',  ( 6.599999999999999645, 17.27092694212258550, 2.349269215077992357 ) ) ;
#1489 = EDGE_CURVE ( 'NONE', #4376, #8008, #7132, .T. ) ;
#1490 = CARTESIAN_POINT ( 'NONE',  ( 12.59999999999999964, 0.0000000000000000000, 11.43000000000000149 ) ) ;
#1491 = ORIENTED_EDGE ( 'NONE', *, *, #7291, .F. ) ;
#1493 = ORIENTED_EDGE ( 'NONE', *, *, #7959, .T. ) ;
#1492 = CARTESIAN_POINT ( 'NONE',  ( 5.783599450211192483, 14.77068809514516801, -1.393979936967921773 ) ) ;
#1494 = CARTESIAN_POINT ( 'NONE',  ( 7.641138122682917810, 12.33388873565663069, -7.010245359188419734 ) ) ;
#1495 = PLANE ( 'NONE',  #3631 ) ;
#1496 = DIRECTION ( 'NONE',  ( 1.000000000000000000, -0.0000000000000000000, 0.0000000000000000000 ) ) ;
#1497 = SURFACE_STYLE_USAGE ( .BOTH. , #8823 ) ;
#1498 = CARTESIAN_POINT ( 'NONE',  ( 8.852236998035772686, 21.70000000000000639, 5.558352305550656069 ) ) ;
#1499 = CARTESIAN_POINT ( 'NONE',  ( 7.416400549788805030, 15.18735476181182875, 6.226020063032079221 ) ) ;
#1500 = LINE ( 'NONE', #6321, #1929 ) ;
#1501 = CARTESIAN_POINT ( 'NONE',  ( 7.993979936967921418, 12.14568809514516623, 6.803599450211191169 ) ) ;
#1502 = EDGE_LOOP ( 'NONE', ( #7269, #10244 ) ) ;
#1503 = CARTESIAN_POINT ( 'NONE',  ( 7.993979936967914313, 13.64568809514516801, -8.436400549788821479 ) ) ;
#1504 = LINE ( 'NONE', #7021, #9626 ) ;
#1505 = EDGE_LOOP ( 'NONE', ( #8052, #7907, #8546, #5075 ) ) ;
#1506 =( NAMED_UNIT ( * ) SI_UNIT ( $, .STERADIAN. ) SOLID_ANGLE_UNIT ( ) );
#1507 = CARTESIAN_POINT ( 'NONE',  ( 7.008200274894410775, 14.99985476181183230, -6.056640950747341989 ) ) ;
#1508 = CARTESIAN_POINT ( 'NONE',  ( 5.206020063032067213, 14.41397827721596592, 0.8164005497887779628 ) ) ;
#1509 = DIRECTION ( 'NONE',  ( 0.0000000000000000000, -0.0000000000000000000, 1.000000000000000000 ) ) ;
#1510 = SURFACE_STYLE_FILL_AREA ( #1318 ) ;
#1511 = FILL_AREA_STYLE_COLOUR ( '', #10488 ) ;
#1512 = ADVANCED_FACE ( 'NONE', ( #8481 ), #4009, .T. ) ;
#1513 = SURFACE_STYLE_USAGE ( .BOTH. , #9490 ) ;
#1514 = FILL_AREA_STYLE ('',( #10437 ) ) ;
#1515 = ORIENTED_EDGE ( 'NONE', *, *, #9586, .T. ) ;
#1516 = CARTESIAN_POINT ( 'NONE',  ( 9.949999999999999289, 17.19999999999999929, 11.42999999999999972 ) ) ;
#1517 = CARTESIAN_POINT ( 'NONE',  ( 6.599999999999997868, 17.25000000000000000, 5.270000000000000462 ) ) ;
#1518 = DIRECTION ( 'NONE',  ( 0.0000000000000000000, -1.215927670077199944E-16, 1.000000000000000000 ) ) ;
#1519 = CONTEXT_DEPENDENT_SHAPE_REPRESENTATION ( #2231, #9487 ) ;
#1520 = FACE_OUTER_BOUND ( 'NONE', #853, .T. ) ;
#1521 = CARTESIAN_POINT ( 'NONE',  ( 6.191799725105596508, 13.95818809514516801, 9.183359049252660000 ) ) ;
#1522 = SURFACE_SIDE_STYLE ('',( #8695 ) ) ;
#1523 = DIRECTION ( 'NONE',  ( -1.000000000000000000, 0.0000000000000000000, 0.0000000000000000000 ) ) ;
#1524 = DIRECTION ( 'NONE',  ( -8.185976218434330542E-17, 1.000000000000000000, 0.0000000000000000000 ) ) ;
#1526 = ORIENTED_EDGE ( 'NONE', *, *, #3747, .T. ) ;
#1525 = CARTESIAN_POINT ( 'NONE',  ( 11.30000000000000071, 17.25698273513626901, 9.969999999999998863 ) ) ;
#1527 = ORIENTED_EDGE ( 'NONE', *, *, #6911, .F. ) ;
#1528 = LINE ( 'NONE', #3118, #2642 ) ;
#1529 = SURFACE_SIDE_STYLE ('',( #9664 ) ) ;
#1530 = EDGE_CURVE ( 'NONE', #9173, #8606, #3204, .T. ) ;
#1531 = CARTESIAN_POINT ( 'NONE',  ( 7.416400549788823682, 12.20564494388263199, -9.013979936967915663 ) ) ;
#1532 = PRESENTATION_STYLE_ASSIGNMENT (( #1761 ) ) ;
#1534 = ORIENTED_EDGE ( 'NONE', *, *, #1898, .F. ) ;
#1533 = CARTESIAN_POINT ( 'NONE',  ( 5.783599450211220017, 15.43735476181183408, 1.393979936967931765 ) ) ;
#1535 = VECTOR ( 'NONE', #4497, 1000.000000000000000 ) ;
#1536 = CARTESIAN_POINT ( 'NONE',  ( 5.990245359188433483, 12.04222206898997172, -8.661138122682929819 ) ) ;
#1537 = EDGE_CURVE ( 'NONE', #538, #2599, #6065, .T. ) ;
#1538 = DIRECTION ( 'NONE',  ( -0.0000000000000000000, -1.000000000000000000, -0.0000000000000000000 ) ) ;
#1539 = CARTESIAN_POINT ( 'NONE',  ( 0.0000000000000000000, 11.05000000000000071, -11.42999999999999972 ) ) ;
#1540 = CARTESIAN_POINT ( 'NONE',  ( 7.500000000000000000, -4.750000000000000000, 0.2999999999999999334 ) ) ;
#1541 = EDGE_CURVE ( 'NONE', #5308, #1382, #1965, .T. ) ;
#1542 = SURFACE_STYLE_FILL_AREA ( #9673 ) ;
#1543 = CARTESIAN_POINT ( 'NONE',  ( 7.416400549788779273, 15.68735476181183586, 6.226020063032068563 ) ) ;
#1544 = CARTESIAN_POINT ( 'NONE',  ( 5.036640950747327317, 11.37485476181183053, 8.028200274894379262 ) ) ;
#1545 = VERTEX_POINT ( 'NONE', #7499 ) ;
#1546 = CARTESIAN_POINT ( 'NONE',  ( 7.416400549788779273, 13.52068809514516445, -6.226020063032059682 ) ) ;
#1547 = CARTESIAN_POINT ( 'NONE',  ( 6.200000000000165379, 18.74863319779746007, 9.751866648634038626 ) ) ;
#1548 = ORIENTED_EDGE ( 'NONE', *, *, #4011, .T. ) ;
#1549 = CARTESIAN_POINT ( 'NONE',  ( 1.499999999999996003, 11.00000000000000355, 2.600000000000018296 ) ) ;
#1550 = CARTESIAN_POINT ( 'NONE',  ( 5.432355715851501010, 11.64638873565663602, -7.315122679594193045 ) ) ;
#1551 = CARTESIAN_POINT ( 'NONE',  ( 12.59999999999999964, 10.55000000000000071, -11.43000000000000149 ) ) ;
#1552 = CARTESIAN_POINT ( 'NONE',  ( 7.000000000000000000, 18.18565895348328709, 2.250028231230440046 ) ) ;
#1553 = CARTESIAN_POINT ( 'NONE',  ( 9.115422988913957525, 21.70000000000000639, -9.350761827355574596 ) ) ;
#1554 = CARTESIAN_POINT ( 'NONE',  ( 6.904877320405774732, 14.97972206898997172, -8.787644284148504070 ) ) ;
#1555 = CARTESIAN_POINT ( 'NONE',  ( 7.416400549788808583, 12.53897827721596769, 1.393979936967920663 ) ) ;
#1556 = DIRECTION ( 'NONE',  ( 0.0000000000000000000, 0.0000000000000000000, -1.000000000000000000 ) ) ;
#1557 = CARTESIAN_POINT ( 'NONE',  ( 6.200000000001854694, 18.66595455384021207, -2.215594409388132568 ) ) ;
#1558 = B_SPLINE_CURVE_WITH_KNOTS ( 'NONE', 3,
 ( #8617, #7814, #6906, #3840, #1301, #7654, #477, #323, #2157, #3029, #5283, #10158, #2864, #6474, #2364, #740 ),
 .UNSPECIFIED., .F., .F.,
 ( 4, 3, 3, 3, 3, 4 ),
 ( 1.734723475976807094E-18, 3.459422188649325004E-05, 6.920741127229718679E-05, 0.0001035169635104241993, 0.0001372649979643135421, 0.0001506191642555507865 ),
 .UNSPECIFIED. ) ;
#1559 = CARTESIAN_POINT ( 'NONE',  ( 26.05000000000000071, -3.750000000000010658, -0.4999999999999985012 ) ) ;
#1560 = CARTESIAN_POINT ( 'NONE',  ( 1.900000000000000799, 17.25000000000000355, 5.270000000000002238 ) ) ;
#1561 = SURFACE_SIDE_STYLE ('',( #8883 ) ) ;
#1562 = EDGE_LOOP ( 'NONE', ( #5928, #1011, #5462, #3497 ) ) ;
#1563 = CARTESIAN_POINT ( 'NONE',  ( 7.008200274894401893, 11.72647827721596414, -9.183359049252656447 ) ) ;
#1564 =( NAMED_UNIT ( * ) PLANE_ANGLE_UNIT ( ) SI_UNIT ( $, .RADIAN. ) );
#1565 = STYLED_ITEM ( 'NONE', ( #5151 ), #4133 ) ;
#1566 = DIRECTION ( 'NONE',  ( 0.5547001962252289253, 0.0000000000000000000, -0.8320502943378437211 ) ) ;
#1567 = EDGE_CURVE ( 'NONE', #8388, #2062, #115, .T. ) ;
#1568 = FACE_OUTER_BOUND ( 'NONE', #8334, .T. ) ;
#1569 = CARTESIAN_POINT ( 'NONE',  ( 5.036640950747335310, 16.35147827721596769, -0.4082002748943943660 ) ) ;
#1570 = CARTESIAN_POINT ( 'NONE',  ( 6.191799725105596508, 13.47647827721596769, 9.183359049252660000 ) ) ;
#1571 = VECTOR ( 'NONE', #6844, 1000.000000000000000 ) ;
#1572 = COLOUR_RGB ( '',0.2862745098039215508, 0.6431372549019607199, 0.8666666666666666963 ) ;
#1573 = DIRECTION ( 'NONE',  ( 0.0000000000000000000, 0.0000000000000000000, -1.000000000000000000 ) ) ;
#1574 = CARTESIAN_POINT ( 'NONE',  ( 5.250000000000003553, 21.69999999999999929, -2.734958866235472463 ) ) ;
#1575 = CARTESIAN_POINT ( 'NONE',  ( 7.000000000000000000, 18.75000000000000000, -7.620000000000000107 ) ) ;
#1576 = VECTOR ( 'NONE', #1666, 1000.000000000000000 ) ;
#1577 = UNCERTAINTY_MEASURE_WITH_UNIT (LENGTH_MEASURE( 1.000000000000000082E-05 ), #1724, 'distance_accuracy_value', 'NONE');
#1578 = MECHANICAL_DESIGN_GEOMETRIC_PRESENTATION_REPRESENTATION (  '', ( #4172 ), #3154 ) ;
#1579 = CARTESIAN_POINT ( 'NONE',  ( 5.250000000000000000, 21.69999999999999929, 7.620000000000000107 ) ) ;
#1581 = ORIENTED_EDGE ( 'NONE', *, *, #7171, .F. ) ;
#1580 = CARTESIAN_POINT ( 'NONE',  ( 7.695910417005329407, 11.04085490896459909, 1.114388672331679819 ) ) ;
#1582 = ORIENTED_EDGE ( 'NONE', *, *, #1157, .F. ) ;
#1583 = FACE_OUTER_BOUND ( 'NONE', #10066, .T. ) ;
#1584 = VECTOR ( 'NONE', #5776, 1000.000000000000000 ) ;
#1585 = AXIS2_PLACEMENT_3D ( 'NONE', #1378, #9508, #4514 ) ;
#1586 = PLANE ( 'NONE',  #7568 ) ;
#1587 = COLOUR_RGB ( '',0.2862745098039215508, 0.6431372549019607199, 0.8666666666666666963 ) ;
#1588 =( LENGTH_UNIT ( ) NAMED_UNIT ( * ) SI_UNIT ( .MILLI., .METRE. ) );
#1589 = DIRECTION ( 'NONE',  ( 0.0000000000000000000, 1.000000000000000000, 0.0000000000000000000 ) ) ;
#1590 = DIRECTION ( 'NONE',  ( 0.4999999999999996669, 0.0000000000000000000, -0.8660254037844388186 ) ) ;
#1591 = CARTESIAN_POINT ( 'NONE',  ( 7.993979936967921418, 14.58064494388262844, 8.436400549788803716 ) ) ;
#1592 = DIRECTION ( 'NONE',  ( 0.0000000000000000000, -0.0000000000000000000, 1.000000000000000000 ) ) ;
#1594 = EDGE_CURVE ( 'NONE', #8333, #6600, #6455, .T. ) ;
#1593 = COLOUR_RGB ( '',0.2862745098039215508, 0.6431372549019607199, 0.8666666666666666963 ) ;
#1595 = VECTOR ( 'NONE', #8965, 1000.000000000000000 ) ;
#1597 = ORIENTED_EDGE ( 'NONE', *, *, #1024, .T. ) ;
#1596 = CARTESIAN_POINT ( 'NONE',  ( 6.295122679594196136, 14.02138873565663424, -1.167644284148493750 ) ) ;
#1598 = CARTESIAN_POINT ( 'NONE',  ( 5.990245359188421936, 12.20888873565663246, -6.578861877317071283 ) ) ;
#1599 = CARTESIAN_POINT ( 'NONE',  ( 1.799999999999999822, 11.00000000000000000, -5.919999999999999929 ) ) ;
#1600 = SURFACE_STYLE_USAGE ( .BOTH. , #5533 ) ;
#1601 = DIRECTION ( 'NONE',  ( 0.0000000000000000000, 0.0000000000000000000, -1.000000000000000000 ) ) ;
#1602 = CARTESIAN_POINT ( 'NONE',  ( 7.993979936967930300, 15.64568809514516801, 6.803599450211216926 ) ) ;
#1603 = VECTOR ( 'NONE', #9483, 1000.000000000000000 ) ;
#1604 = CARTESIAN_POINT ( 'NONE',  ( 0.0000000000000000000, 11.50000000000000000, 11.42999999999999972 ) ) ;
#1605 = COLOUR_RGB ( '',0.2862745098039215508, 0.6431372549019607199, 0.8666666666666666963 ) ;
#1606 = EDGE_CURVE ( 'NONE', #7616, #10152, #4228, .T. ) ;
#1607 = CARTESIAN_POINT ( 'NONE',  ( 7.008200274894393900, 11.20818809514516445, 6.056640950747334884 ) ) ;
#1608 = CIRCLE ( 'NONE', #5570, 0.2999999999999999334 ) ;
#1609 = ORIENTED_EDGE ( 'NONE', *, *, #7885, .F. ) ;
#1610 = ORIENTED_EDGE ( 'NONE', *, *, #8343, .F. ) ;
#1611 = CARTESIAN_POINT ( 'NONE',  ( 7.008200274894414328, 13.70818809514516623, -9.183359049252660000 ) ) ;
#1612 =( NAMED_UNIT ( * ) SI_UNIT ( $, .STERADIAN. ) SOLID_ANGLE_UNIT ( ) );
#1613 = ORIENTED_EDGE ( 'NONE', *, *, #3547, .T. ) ;
#1614 = EDGE_CURVE ( 'NONE', #4699, #9010, #8089, .T. ) ;
#1615 = UNCERTAINTY_MEASURE_WITH_UNIT (LENGTH_MEASURE( 1.000000000000000082E-05 ), #1640, 'distance_accuracy_value', 'NONE');
#1616 = EDGE_CURVE ( 'NONE', #4393, #9741, #9896, .T. ) ;
#1617 = FACE_OUTER_BOUND ( 'NONE', #1655, .T. ) ;
#1618 = CARTESIAN_POINT ( 'NONE',  ( 7.008200274894383242, 11.70818809514516801, -9.183359049252668882 ) ) ;
#1619 = CARTESIAN_POINT ( 'NONE',  ( 6.599999999999999645, 21.39999999999999858, -7.620000000000000107 ) ) ;
#1620 =( NAMED_UNIT ( * ) PLANE_ANGLE_UNIT ( ) SI_UNIT ( $, .RADIAN. ) );
#1621 = STYLED_ITEM ( 'NONE', ( #10388 ), #5686 ) ;
#1622 = CARTESIAN_POINT ( 'NONE',  ( 5.558861877317079703, 15.16722206898997172, -7.010245359188409076 ) ) ;
#1623 = VECTOR ( 'NONE', #7545, 1000.000000000000000 ) ;
#1624 = AXIS2_PLACEMENT_3D ( 'NONE', #4048, #3405, #7264 ) ;
#1625 = VECTOR ( 'NONE', #6786, 1000.000000000000227 ) ;
#1626 = CARTESIAN_POINT ( 'NONE',  ( 5.036640950747329981, 12.85147827721596414, -0.4082002748943862613 ) ) ;
#1627 = CARTESIAN_POINT ( 'NONE',  ( 1.500000000000002220, 11.00000000000000000, -5.019999999999989804 ) ) ;
#1628 = CARTESIAN_POINT ( 'NONE',  ( 6.221398899178974595, 16.94999999999998508, 9.147277599539727078 ) ) ;
#1629 = SURFACE_SIDE_STYLE ('',( #10386 ) ) ;
#1630 = ADVANCED_FACE ( 'NONE', ( #4165 ), #9736, .T. ) ;
#1631 = DIRECTION ( 'NONE',  ( 0.0000000000000000000, 0.0000000000000000000, 1.000000000000000000 ) ) ;
#1632 = CARTESIAN_POINT ( 'NONE',  ( 5.206020063032073431, 16.89568809514516445, 8.436400549788793057 ) ) ;
#1633 = ORIENTED_EDGE ( 'NONE', *, *, #8932, .F. ) ;
#1634 = AXIS2_PLACEMENT_3D ( 'NONE', #9439, #5354, #5472 ) ;
#1635 = CARTESIAN_POINT ( 'NONE',  ( 6.191799725105592955, 11.26814494388263377, -9.183359049252658224 ) ) ;
#1636 = LINE ( 'NONE', #7, #9433 ) ;
#1637 = ORIENTED_EDGE ( 'NONE', *, *, #3660, .F. ) ;
#1638 = EDGE_CURVE ( 'NONE', #9402, #308, #5865, .T. ) ;
#1639 = CARTESIAN_POINT ( 'NONE',  ( 1.900000000000002354, 17.25000000000000355, 5.270000000000004015 ) ) ;
#1640 =( LENGTH_UNIT ( ) NAMED_UNIT ( * ) SI_UNIT ( .MILLI., .METRE. ) );
#1641 = CARTESIAN_POINT ( 'NONE',  ( 7.993979936967924971, 16.08064494388263199, 0.8164005497887917295 ) ) ;
#1642 = MECHANICAL_DESIGN_GEOMETRIC_PRESENTATION_REPRESENTATION (  '', ( #427 ), #8968 ) ;
#1643 = MECHANICAL_DESIGN_GEOMETRIC_PRESENTATION_REPRESENTATION (  '', ( #3548 ), #4056 ) ;
#1644 = CARTESIAN_POINT ( 'NONE',  ( 5.036640950747344192, 13.37485476181183230, 8.028200274894411237 ) ) ;
#1645 = DIRECTION ( 'NONE',  ( -0.0000000000000000000, -1.000000000000000000, -0.0000000000000000000 ) ) ;
#1646 = DIRECTION ( 'NONE',  ( -0.0000000000000000000, -1.000000000000000000, -0.0000000000000000000 ) ) ;
#1647 = ORIENTED_EDGE ( 'NONE', *, *, #326, .F. ) ;
#1648 = AXIS2_PLACEMENT_3D ( 'NONE', #1415, #2336, #1566 ) ;
#1649 = AXIS2_PLACEMENT_3D ( 'NONE', #6442, #8881, #7329 ) ;
#1650 =( NAMED_UNIT ( * ) PLANE_ANGLE_UNIT ( ) SI_UNIT ( $, .RADIAN. ) );
#1651 = DIRECTION ( 'NONE',  ( 0.0000000000000000000, -1.000000000000000000, 0.0000000000000000000 ) ) ;
#1653 = EDGE_LOOP ( 'NONE', ( #4626, #2675, #2931, #3060 ) ) ;
#1652 = CARTESIAN_POINT ( 'NONE',  ( 7.420835830751209450, 10.81261105598069960, 0.8300366470274689323 ) ) ;
#1654 = CARTESIAN_POINT ( 'NONE',  ( 2.099999999999999645, 13.97719298245609920, 208.7460000000000093 ) ) ;
#1655 = EDGE_LOOP ( 'NONE', ( #2436, #5639, #6052 ) ) ;
#1656 = CARTESIAN_POINT ( 'NONE',  ( 6.199999999999999289, 18.42131751191030986, 5.386710815968724475 ) ) ;
#1657 = COLOUR_RGB ( '',0.2862745098039215508, 0.6431372549019607199, 0.8666666666666666963 ) ;
#1658 = DIRECTION ( 'NONE',  ( -8.185976218434330542E-17, 1.000000000000000000, 0.0000000000000000000 ) ) ;
#1659 = SURFACE_SIDE_STYLE ('',( #5986 ) ) ;
#1660 = CARTESIAN_POINT ( 'NONE',  ( 6.600000000000000533, 17.26396121657842642, -2.349756306058153221 ) ) ;
#1662 = VERTEX_POINT ( 'NONE', #982 ) ;
#1661 = CARTESIAN_POINT ( 'NONE',  ( 5.036640950747332646, 13.87485476181183230, 0.4082002748943825421 ) ) ;
#1663 = CARTESIAN_POINT ( 'NONE',  ( 7.699017176186970346, 11.04107708213589767, -6.508663849977189386 ) ) ;
#1664 = CARTESIAN_POINT ( 'NONE',  ( 7.008200274894383242, 11.99985476181183230, -6.056640950747333108 ) ) ;
#1665 = EDGE_LOOP ( 'NONE', ( #6588, #88, #7829, #10009 ) ) ;
#1666 = DIRECTION ( 'NONE',  ( 0.5000000000000009992, 0.0000000000000000000, 0.8660254037844380415 ) ) ;
#1667 = CARTESIAN_POINT ( 'NONE',  ( 8.085408007819411935, 21.66820522890293788, -4.801787212370011382 ) ) ;
#1668 = FACE_OUTER_BOUND ( 'NONE', #583, .T. ) ;
#1669 = CARTESIAN_POINT ( 'NONE',  ( 6.599999999999999645, 16.94999999999999929, -9.669999999999992824 ) ) ;
#1670 = CARTESIAN_POINT ( 'NONE',  ( 7.993979936967930300, 14.14568809514516623, 6.803599450211215149 ) ) ;
#1671 = PRESENTATION_STYLE_ASSIGNMENT (( #6535 ) ) ;
#1672 = CARTESIAN_POINT ( 'NONE',  ( 7.008200274894383242, 11.70818809514516801, 6.056640950747330443 ) ) ;
#1673 = ORIENTED_EDGE ( 'NONE', *, *, #2568, .F. ) ;
#1674 = CARTESIAN_POINT ( 'NONE',  ( 5.206020063032073431, 13.39568809514516801, -6.803599450211211597 ) ) ;
#1675 = SURFACE_STYLE_USAGE ( .BOTH. , #4218 ) ;
#1676 =( BOUNDED_SURFACE ( )  B_SPLINE_SURFACE ( 3, 3, ( 
 ( #1792, #5824, #5930, #6495 ),
 ( #9046, #8256, #9903, #5870 ),
 ( #9160, #5092, #7456, #8945 ),
 ( #9743, #821, #4990, #935 ) ),
 .UNSPECIFIED., .F., .F., .F. ) 
 B_SPLINE_SURFACE_WITH_KNOTS ( ( 4, 4 ),
 ( 4, 4 ),
 ( 0.0000000000000000000, 1.000000000000000000 ),
 ( 0.0000000000000000000, 1.000000000000000000 ),
 .UNSPECIFIED. ) 
 GEOMETRIC_REPRESENTATION_ITEM ( )  RATIONAL_B_SPLINE_SURFACE ( (
 ( 1.000000000000000000, 0.4407513212695809979, 0.4407513212695809979, 1.000000000000000000),
 ( 0.8209024677518713675, 0.3618138472950969131, 0.3618138472950969131, 0.8209024677518713675),
 ( 0.8209024677518713675, 0.3618138472950969131, 0.3618138472950969131, 0.8209024677518713675),
 ( 1.000000000000000000, 0.4407513212695809979, 0.4407513212695809979, 1.000000000000000000) ) ) 
 REPRESENTATION_ITEM ( '' )  SURFACE ( )  );
#1677 =( NAMED_UNIT ( * ) SI_UNIT ( $, .STERADIAN. ) SOLID_ANGLE_UNIT ( ) );
#1678 = DIRECTION ( 'NONE',  ( 0.0000000000000000000, 0.0000000000000000000, 1.000000000000000000 ) ) ;
#1679 = CARTESIAN_POINT ( 'NONE',  ( 8.852236998037220417, 21.69999999999999929, -9.681647694447715224 ) ) ;
#1680 = CARTESIAN_POINT ( 'NONE',  ( 7.008200274894387682, 12.99985476181182875, 1.563359049252667443 ) ) ;
#1681 = SURFACE_STYLE_FILL_AREA ( #7278 ) ;
#1682 = DIRECTION ( 'NONE',  ( 0.0000000000000000000, 1.000000000000000000, 0.0000000000000000000 ) ) ;
#1683 = EDGE_CURVE ( 'NONE', #538, #8573, #4722, .T. ) ;
#1684 = CARTESIAN_POINT ( 'NONE',  ( 6.599999999999999645, 17.25000000000000000, 2.049999999999999822 ) ) ;
#1685 = DIRECTION ( 'NONE',  ( 0.6838758462128030624, 0.7001586044559676703, -0.2051627538638396975 ) ) ;
#1686 = ORIENTED_EDGE ( 'NONE', *, *, #9957, .F. ) ;
#1687 = CARTESIAN_POINT ( 'NONE',  ( 6.191799725105621377, 11.76814494388263199, -9.183359049252670658 ) ) ;
#1688 = FACE_OUTER_BOUND ( 'NONE', #3171, .T. ) ;
#1689 = SURFACE_SIDE_STYLE ('',( #9859 ) ) ;
#1690 = CARTESIAN_POINT ( 'NONE',  ( 5.036640950747339751, 16.33318809514516801, -0.4082002748944045800 ) ) ;
#1691 = ADVANCED_FACE ( 'NONE', ( #7449 ), #9791, .T. ) ;
#1692 = CARTESIAN_POINT ( 'NONE',  ( 5.783599450211213799, 13.27068809514516090, 6.226020063032067675 ) ) ;
#1693 = ADVANCED_FACE ( 'NONE', ( #10537 ), #9850, .T. ) ;
#1694 = CARTESIAN_POINT ( 'NONE',  ( 4.950000000000000178, 21.39999999999999858, 4.704524052577350623 ) ) ;
#1695 = FILL_AREA_STYLE_COLOUR ( '', #2975 ) ;
#1696 = CARTESIAN_POINT ( 'NONE',  ( 11.29999999999999716, 17.07426406871192626, 9.969999999999998863 ) ) ;
#1697 = CARTESIAN_POINT ( 'NONE',  ( 6.599999999999999645, 16.94999999999999929, -2.050000000000009148 ) ) ;
#1698 = UNCERTAINTY_MEASURE_WITH_UNIT (LENGTH_MEASURE( 1.000000000000000082E-05 ), #8730, 'distance_accuracy_value', 'NONE');
#1699 = SURFACE_STYLE_FILL_AREA ( #15 ) ;
#1700 = SURFACE_SIDE_STYLE ('',( #2397 ) ) ;
#1702 = ORIENTED_EDGE ( 'NONE', *, *, #828, .T. ) ;
#1701 = CARTESIAN_POINT ( 'NONE',  ( 5.036640950747327317, 11.37485476181183053, 0.4082002748943820980 ) ) ;
#1703 = DIRECTION ( 'NONE',  ( 1.000000000000000000, -1.326525867060349907E-16, 0.0000000000000000000 ) ) ;
#1704 = COLOUR_RGB ( '',0.2862745098039215508, 0.6431372549019607199, 0.8666666666666666963 ) ;
#1705 = EDGE_LOOP ( 'NONE', ( #2321, #1003, #10509, #2258, #1210, #4467 ) ) ;
#1706 = CARTESIAN_POINT ( 'NONE',  ( 6.199999999999999289, 18.65697564738198722, 5.403455814738342688 ) ) ;
#1707 = PLANE ( 'NONE',  #545 ) ;
#1708 = UNCERTAINTY_MEASURE_WITH_UNIT (LENGTH_MEASURE( 1.000000000000000082E-05 ), #8426, 'distance_accuracy_value', 'NONE');
#1709 = VECTOR ( 'NONE', #3096, 1000.000000000000114 ) ;
#1710 = CARTESIAN_POINT ( 'NONE',  ( 7.416400549788823682, 12.68735476181182875, -9.013979936967915663 ) ) ;
#1711 = CARTESIAN_POINT ( 'NONE',  ( 6.199999999999999289, 18.65697564738263381, -5.403455814736732421 ) ) ;
#1713 = VERTEX_POINT ( 'NONE', #761 ) ;
#1712 = CARTESIAN_POINT ( 'NONE',  ( 7.767644284148495615, 13.89638873565664134, -0.3048773204058008446 ) ) ;
#1714 = ORIENTED_EDGE ( 'NONE', *, *, #5819, .F. ) ;
#1715 = CARTESIAN_POINT ( 'NONE',  ( 3.169680138593184093, 18.75000000000000000, -6.077983245373638432 ) ) ;
#1716 =( NAMED_UNIT ( * ) SI_UNIT ( $, .STERADIAN. ) SOLID_ANGLE_UNIT ( ) );
#1717 = CARTESIAN_POINT ( 'NONE',  ( 6.191799725105629371, 14.95818809514516801, 9.183359049252675987 ) ) ;
#1718 =( LENGTH_UNIT ( ) NAMED_UNIT ( * ) SI_UNIT ( .MILLI., .METRE. ) );
#1719 = CARTESIAN_POINT ( 'NONE',  ( 7.008200274894387682, 11.49985476181183230, 9.183359049252677764 ) ) ;
#1720 = ORIENTED_EDGE ( 'NONE', *, *, #6397, .T. ) ;
#1721 = EDGE_LOOP ( 'NONE', ( #6077, #4413, #2770, #3285 ) ) ;
#1722 = CARTESIAN_POINT ( 'NONE',  ( 7.008200274894408111, 13.49985476181183053, -6.056640950747337548 ) ) ;
#1723 = CARTESIAN_POINT ( 'NONE',  ( 6.599999999999999645, 16.97902142847850016, 1.563359049252670108 ) ) ;
#1724 =( LENGTH_UNIT ( ) NAMED_UNIT ( * ) SI_UNIT ( .MILLI., .METRE. ) );
#1725 = CARTESIAN_POINT ( 'NONE',  ( 8.206025532460055061, 21.70000000000000284, -5.011919482990656149 ) ) ;
#1726 = CARTESIAN_POINT ( 'NONE',  ( 5.206020063032061884, 13.81235476181183230, -0.8164005497887765195 ) ) ;
#1727 = LINE ( 'NONE', #1881, #6360 ) ;
#1728 = DIRECTION ( 'NONE',  ( 0.0000000000000000000, -1.000000000000000000, 0.0000000000000000000 ) ) ;
#1729 = CARTESIAN_POINT ( 'NONE',  ( 6.599999999999999645, 16.94999999999999929, 9.183359049252665329 ) ) ;
#1730 = VECTOR ( 'NONE', #4361, 1000.000000000000000 ) ;
#1731 = FILL_AREA_STYLE ('',( #9201 ) ) ;
#1732 = CARTESIAN_POINT ( 'NONE',  ( 6.224332664435229034, 16.94999999999997797, -6.109336964303505368 ) ) ;
#1733 =( BOUNDED_SURFACE ( )  B_SPLINE_SURFACE ( 3, 3, ( 
 ( #6615, #2438, #2601, #8312 ),
 ( #5711, #7392, #8998, #987 ),
 ( #6561, #9799, #5040, #4280 ),
 ( #9102, #63, #7506, #1028 ) ),
 .UNSPECIFIED., .F., .F., .F. ) 
 B_SPLINE_SURFACE_WITH_KNOTS ( ( 4, 4 ),
 ( 4, 4 ),
 ( 0.0000000000000000000, 1.000000000000000000 ),
 ( 0.0000000000000000000, 1.000000000000000000 ),
 .UNSPECIFIED. ) 
 GEOMETRIC_REPRESENTATION_ITEM ( )  RATIONAL_B_SPLINE_SURFACE ( (
 ( 1.000000000000000000, 0.3333333333333335369, 0.3333333333333335369, 1.000000000000000000),
 ( 0.8047378541243649375, 0.2682459513747884605, 0.2682459513747884605, 0.8047378541243649375),
 ( 0.8047378541243649375, 0.2682459513747884605, 0.2682459513747884605, 0.8047378541243649375),
 ( 1.000000000000000000, 0.3333333333333335369, 0.3333333333333335369, 1.000000000000000000) ) ) 
 REPRESENTATION_ITEM ( '' )  SURFACE ( )  );
#1734 = CARTESIAN_POINT ( 'NONE',  ( 6.599999999999998757, 16.97902142847850016, 9.183359049252670658 ) ) ;
#1735 = CARTESIAN_POINT ( 'NONE',  ( 7.008200274894387682, 11.49985476181183230, -6.056640950747323338 ) ) ;
#1736 = FACE_OUTER_BOUND ( 'NONE', #500, .T. ) ;
#1737 = DIRECTION ( 'NONE',  ( 0.0000000000000000000, -0.0000000000000000000, 1.000000000000000000 ) ) ;
#1738 = CARTESIAN_POINT ( 'NONE',  ( 6.200000000000203570, 18.74304181000368530, 2.154089216025778075 ) ) ;
#1739 = ADVANCED_FACE ( 'NONE', ( #6554 ), #4062, .F. ) ;
#1740 = CARTESIAN_POINT ( 'NONE',  ( 7.641138122682923139, 15.83388873565663424, -7.010245359188412628 ) ) ;
#1741 = CARTESIAN_POINT ( 'NONE',  ( 7.993979936967914313, 15.58064494388263022, 0.8164005497888189300 ) ) ;
#1742 = CARTESIAN_POINT ( 'NONE',  ( 7.008200274894408111, 12.01814494388263377, 9.183359049252656447 ) ) ;
#1743 = PLANE ( 'NONE',  #10283 ) ;
#1744 = FILL_AREA_STYLE ('',( #831 ) ) ;
#1745 = ADVANCED_FACE ( 'NONE', ( #3629 ), #207, .F. ) ;
#1746 = CARTESIAN_POINT ( 'NONE',  ( 6.599999999999999645, 17.07426406871192981, 9.969999999999998863 ) ) ;
#1747 = SURFACE_STYLE_USAGE ( .BOTH. , #2875 ) ;
#1748 = EDGE_CURVE ( 'NONE', #394, #9777, #3520, .T. ) ;
#1749 = CARTESIAN_POINT ( 'NONE',  ( -3.742855410793867687E-16, 11.00000000000000000, 3.050000000000015810 ) ) ;
#1750 = VERTEX_POINT ( 'NONE', #371 ) ;
#1751 = EDGE_CURVE ( 'NONE', #10438, #2242, #1136, .T. ) ;
#1752 = PLANE ( 'NONE',  #8366 ) ;
#1753 = ORIENTED_EDGE ( 'NONE', *, *, #1489, .F. ) ;
#1754 =( GEOMETRIC_REPRESENTATION_CONTEXT ( 3 ) GLOBAL_UNCERTAINTY_ASSIGNED_CONTEXT ( ( #1270 ) ) GLOBAL_UNIT_ASSIGNED_CONTEXT ( ( #8278, #9755, #1811 ) ) REPRESENTATION_CONTEXT ( 'NONE', 'WORKASPACE' ) );
#1755 = FACE_OUTER_BOUND ( 'NONE', #9762, .T. ) ;
#1756 = PRESENTATION_LAYER_ASSIGNMENT (  '', '', ( #1063 ) ) ;
#1757 = EDGE_CURVE ( 'NONE', #5014, #2599, #8267, .T. ) ;
#1758 = CARTESIAN_POINT ( 'NONE',  ( 3.249999999999999556, 17.19999999999999929, -11.43000000000000149 ) ) ;
#1759 = AXIS2_PLACEMENT_3D ( 'NONE', #9498, #562, #8005 ) ;
#1760 =( GEOMETRIC_REPRESENTATION_CONTEXT ( 3 ) GLOBAL_UNCERTAINTY_ASSIGNED_CONTEXT ( ( #303 ) ) GLOBAL_UNIT_ASSIGNED_CONTEXT ( ( #1236, #7763, #10214 ) ) REPRESENTATION_CONTEXT ( 'NONE', 'WORKASPACE' ) );
#1761 = SURFACE_STYLE_USAGE ( .BOTH. , #9069 ) ;
#1763 = EDGE_LOOP ( 'NONE', ( #4449, #6279 ) ) ;
#1762 = CARTESIAN_POINT ( 'NONE',  ( 5.783599450211189819, 13.77068809514516623, -1.393979936967914446 ) ) ;
#1764 = CARTESIAN_POINT ( 'NONE',  ( 7.702110499919415432, 10.55958943737799061, -6.511730013162687847 ) ) ;
#1765 = VERTEX_POINT ( 'NONE', #5134 ) ;
#1766 = EDGE_LOOP ( 'NONE', ( #8310, #9827, #2135, #4120 ) ) ;
#1767 = LINE ( 'NONE', #7315, #4873 ) ;
#1768 = CIRCLE ( 'NONE', #9613, 2.349999999999999645 ) ;
#1769 = LINE ( 'NONE', #5996, #6677 ) ;
#1770 = CARTESIAN_POINT ( 'NONE',  ( 6.999999999999595879, 18.74421396058624723, 9.769206760064482964 ) ) ;
#1771 = SURFACE_STYLE_FILL_AREA ( #9076 ) ;
#1772 = CARTESIAN_POINT ( 'NONE',  ( 5.990245359188411278, 14.20888873565663069, 8.661138122682917384 ) ) ;
#1773 = DIRECTION ( 'NONE',  ( -1.000000000000000000, -6.883823317368279851E-17, 0.0000000000000000000 ) ) ;
#1774 = PRESENTATION_LAYER_ASSIGNMENT (  '', '', ( #6380 ) ) ;
#1775 = EDGE_CURVE ( 'NONE', #6302, #8313, #2860, .T. ) ;
#1776 = CARTESIAN_POINT ( 'NONE',  ( 5.990245359188413055, 11.04222206898996639, 6.578861877317080165 ) ) ;
#1777 = PRESENTATION_LAYER_ASSIGNMENT (  '', '', ( #2287 ) ) ;
#1778 = VERTEX_POINT ( 'NONE', #3580 ) ;
#1779 = ORIENTED_EDGE ( 'NONE', *, *, #2556, .F. ) ;
#1780 = CARTESIAN_POINT ( 'NONE',  ( 7.008200274894377024, 14.20818809514516623, -9.183359049252667106 ) ) ;
#1781 = DIRECTION ( 'NONE',  ( 0.0000000000000000000, 1.000000000000000000, 0.0000000000000000000 ) ) ;
#1782 = CARTESIAN_POINT ( 'NONE',  ( 7.416400549788803254, 11.53897827721596592, 1.393979936967922439 ) ) ;
#1783 = PLANE ( 'NONE',  #8581 ) ;
#1784 = STYLED_ITEM ( 'NONE', ( #7615 ), #2741 ) ;
#1785 =( NAMED_UNIT ( * ) PLANE_ANGLE_UNIT ( ) SI_UNIT ( $, .RADIAN. ) );
#1786 = AXIS2_PLACEMENT_3D ( 'NONE', #7385, #5817, #4927 ) ;
#1787 = DIRECTION ( 'NONE',  ( 0.9578262852211514300, 0.0000000000000000000, 0.2873478855663448850 ) ) ;
#1788 = CARTESIAN_POINT ( 'NONE',  ( 6.600000000000000533, 17.25698273513626546, 9.969999999999998863 ) ) ;
#1789 = CARTESIAN_POINT ( 'NONE',  ( 5.206020063032073431, 16.41397827721596414, 8.436400549788793057 ) ) ;
#1790 = ORIENTED_EDGE ( 'NONE', *, *, #7359, .F. ) ;
#1791 = CARTESIAN_POINT ( 'NONE',  ( 7.008200274894383242, 11.22647827721596769, -9.183359049252668882 ) ) ;
#1792 = CARTESIAN_POINT ( 'NONE',  ( 6.946840465790909747, 18.75000000000000000, 2.124464409729362568 ) ) ;
#1793 = CIRCLE ( 'NONE', #1624, 3.349999999999999645 ) ;
#1794 = VECTOR ( 'NONE', #5305, 1000.000000000000000 ) ;
#1795 = DIRECTION ( 'NONE',  ( 0.0000000000000000000, -0.0000000000000000000, 1.000000000000000000 ) ) ;
#1796 = CIRCLE ( 'NONE', #6401, 2.301783801065286905 ) ;
#1797 = CARTESIAN_POINT ( 'NONE',  ( 6.191799725105604502, 15.97647827721596769, 1.563359049252664335 ) ) ;
#1798 = CARTESIAN_POINT ( 'NONE',  ( 5.206020063032072542, 11.91397827721596236, 8.436400549788784176 ) ) ;
#1799 =( BOUNDED_SURFACE ( )  B_SPLINE_SURFACE ( 3, 3, ( 
 ( #1488, #4794, #10406, #5735 ),
 ( #730, #791, #2358, #1660 ),
 ( #8015, #682, #27, #10461 ),
 ( #4090, #3337, #6468, #9711 ) ),
 .UNSPECIFIED., .F., .F., .T. ) 
 B_SPLINE_SURFACE_WITH_KNOTS ( ( 4, 4 ),
 ( 4, 4 ),
 ( 0.0000000000000000000, 1.000000000000000000 ),
 ( 0.0000000000000000000, 1.000000000000000000 ),
 .UNSPECIFIED. ) 
 GEOMETRIC_REPRESENTATION_ITEM ( )  RATIONAL_B_SPLINE_SURFACE ( (
 ( 1.000000000000000000, 0.3333333333333334259, 0.3333333333333334259, 1.000000000000000000),
 ( 0.9995938846794223398, 0.3331979615598075206, 0.3331979615598075206, 0.9995938846794223398),
 ( 0.9995938846794223398, 0.3331979615598075206, 0.3331979615598075206, 0.9995938846794223398),
 ( 1.000000000000000000, 0.3333333333333334259, 0.3333333333333334259, 1.000000000000000000) ) ) 
 REPRESENTATION_ITEM ( '' )  SURFACE ( )  );
#1800 = AXIS2_PLACEMENT_3D ( 'NONE', #2579, #2026, #5268 ) ;
#1801 = STYLED_ITEM ( 'NONE', ( #3771 ), #7768 ) ;
#1802 = DIRECTION ( 'NONE',  ( -1.000000000000000000, 0.0000000000000000000, -0.0000000000000000000 ) ) ;
#1803 = DIRECTION ( 'NONE',  ( 0.0000000000000000000, 0.0000000000000000000, 1.000000000000000000 ) ) ;
#1804 = AXIS2_PLACEMENT_3D ( 'NONE', #10403, #6412, #3119 ) ;
#1805 = DIRECTION ( 'NONE',  ( -0.0000000000000000000, -0.0000000000000000000, -1.000000000000000000 ) ) ;
#1806 = ORIENTED_EDGE ( 'NONE', *, *, #2535, .F. ) ;
#1807 = COLOUR_RGB ( '',0.2862745098039215508, 0.6431372549019607199, 0.8666666666666666963 ) ;
#1808 = CARTESIAN_POINT ( 'NONE',  ( 6.999999999999795719, 18.74304181000388425, -2.154089216025285136 ) ) ;
#1809 = CARTESIAN_POINT ( 'NONE',  ( 7.993979936967914313, 11.14568809514516978, -8.436400549788817926 ) ) ;
#1810 = DIRECTION ( 'NONE',  ( -1.000000000000000000, 9.637352644315610034E-17, 0.0000000000000000000 ) ) ;
#1811 =( NAMED_UNIT ( * ) SI_UNIT ( $, .STERADIAN. ) SOLID_ANGLE_UNIT ( ) );
#1812 = EDGE_CURVE ( 'NONE', #2147, #4625, #6812, .T. ) ;
#1813 = VECTOR ( 'NONE', #2375, 1000.000000000000000 ) ;
#1814 = CARTESIAN_POINT ( 'NONE',  ( 2.810000000000000053, 0.8999999999999910294, 11.42999999999999972 ) ) ;
#1815 = AXIS2_PLACEMENT_3D ( 'NONE', #328, #9361, #10007 ) ;
#1816 = DIRECTION ( 'NONE',  ( -1.000000000000000000, 0.0000000000000000000, 0.0000000000000000000 ) ) ;
#1818 = ORIENTED_EDGE ( 'NONE', *, *, #7684, .F. ) ;
#1817 = CARTESIAN_POINT ( 'NONE',  ( 7.641138122682934686, 13.91722206898997172, -0.6097546408115636085 ) ) ;
#1819 = CARTESIAN_POINT ( 'NONE',  ( 7.695910417005329407, 11.04085490896459909, -6.505611327668319177 ) ) ;
#1820 = ORIENTED_EDGE ( 'NONE', *, *, #6621, .T. ) ;
#1821 = VERTEX_POINT ( 'NONE', #10103 ) ;
#1822 = AXIS2_PLACEMENT_3D ( 'NONE', #1833, #4162, #7377 ) ;
#1823 = DIRECTION ( 'NONE',  ( 0.0000000000000000000, 0.0000000000000000000, -1.000000000000000000 ) ) ;
#1824 = SURFACE_STYLE_FILL_AREA ( #1868 ) ;
#1825 =( REPRESENTATION_RELATIONSHIP ('NONE','NONE', #9025, #7474 ) REPRESENTATION_RELATIONSHIP_WITH_TRANSFORMATION ( #9000 )SHAPE_REPRESENTATION_RELATIONSHIP( ) );
#1826 = CARTESIAN_POINT ( 'NONE',  ( 6.904877320405766739, 13.77138873565663602, 8.787644284148507623 ) ) ;
#1827 = EDGE_CURVE ( 'NONE', #3273, #8733, #9246, .T. ) ;
#1828 = CARTESIAN_POINT ( 'NONE',  ( 2.918703862245716429, 18.65697564737531522, 9.301157649619852918 ) ) ;
#1829 = FILL_AREA_STYLE_COLOUR ( '', #7342 ) ;
#1830 = ORIENTED_EDGE ( 'NONE', *, *, #6384, .T. ) ;
#1831 = CARTESIAN_POINT ( 'NONE',  ( 7.993979936967926747, 16.64568809514516090, -0.8164005497887922846 ) ) ;
#1832 = CARTESIAN_POINT ( 'NONE',  ( 7.767644284148495615, 13.89638873565664134, -7.924877320405804504 ) ) ;
#1833 = CARTESIAN_POINT ( 'NONE',  ( 0.3999999999999999667, 11.89999999999999858, 11.42999999999999972 ) ) ;
#1834 = CARTESIAN_POINT ( 'NONE',  ( 11.71000000000000085, 8.199999999999995737, 11.42999999999999972 ) ) ;
#1835 = CARTESIAN_POINT ( 'NONE',  ( 7.008200274894408111, 12.01814494388263377, 1.563359049252657673 ) ) ;
#1836 = DIRECTION ( 'NONE',  ( 0.0000000000000000000, 0.0000000000000000000, -1.000000000000000000 ) ) ;
#1837 = CARTESIAN_POINT ( 'NONE',  ( 6.599999999999999645, 17.02352941175888645, -7.620000000000000107 ) ) ;
#1838 = DIRECTION ( 'NONE',  ( 1.000000000000000000, 0.0000000000000000000, 0.0000000000000000000 ) ) ;
#1839 = LINE ( 'NONE', #5135, #2929 ) ;
#1840 = CARTESIAN_POINT ( 'NONE',  ( 7.008200274894410775, 15.51814494388263199, 9.183359049252660000 ) ) ;
#1841 = VERTEX_POINT ( 'NONE', #431 ) ;
#1842 = CARTESIAN_POINT ( 'NONE',  ( 5.036640950747342416, 15.37485476181183586, -7.211799725105592529 ) ) ;
#1843 = DIRECTION ( 'NONE',  ( 0.0000000000000000000, -0.7071067811865470176, -0.7071067811865480168 ) ) ;
#1844 = CARTESIAN_POINT ( 'NONE',  ( 8.155977543834719512, 21.61813977064110404, 10.48013575403972730 ) ) ;
#1845 = CARTESIAN_POINT ( 'NONE',  ( 10.58305125912163014, 21.70000000000000284, 6.141014161349048983 ) ) ;
#1846 = EDGE_LOOP ( 'NONE', ( #9227, #4433, #8946, #5902, #3892, #6031, #7108, #9750 ) ) ;
#1847 = CARTESIAN_POINT ( 'NONE',  ( 7.416400549788805030, 15.18735476181182875, -1.393979936967921329 ) ) ;
#1848 = EDGE_CURVE ( 'NONE', #9887, #4496, #1266, .T. ) ;
#1849 = CARTESIAN_POINT ( 'NONE',  ( 5.783599450211223569, 12.45564494388263377, 9.013979936967936979 ) ) ;
#1850 = SURFACE_STYLE_USAGE ( .BOTH. , #7464 ) ;
#1851 =( NAMED_UNIT ( * ) SI_UNIT ( $, .STERADIAN. ) SOLID_ANGLE_UNIT ( ) );
#1852 = CARTESIAN_POINT ( 'NONE',  ( 4.025000000000000355, 16.30000000000000071, -3.209999999999999964 ) ) ;
#1853 = LINE ( 'NONE', #3434, #9327 ) ;
#1854 = ORIENTED_EDGE ( 'NONE', *, *, #1683, .F. ) ;
#1855 = LINE ( 'NONE', #5148, #2236 ) ;
#1856 = CARTESIAN_POINT ( 'NONE',  ( 7.993979936967890332, 11.06235476181174526, -6.803599450211189392 ) ) ;
#1857 = CARTESIAN_POINT ( 'NONE',  ( 9.224999999999999645, 0.9000000000000010214, -3.209999999999999964 ) ) ;
#1858 = CYLINDRICAL_SURFACE ( 'NONE', #8570, 0.3999999999999999667 ) ;
#1859 = DIRECTION ( 'NONE',  ( 0.0000000000000000000, 0.0000000000000000000, 1.000000000000000000 ) ) ;
#1860 = CARTESIAN_POINT ( 'NONE',  ( 6.999999999998061107, 18.69211839736295389, -5.411961377943094398 ) ) ;
#1862 = ORIENTED_EDGE ( 'NONE', *, *, #4861, .F. ) ;
#1861 = CARTESIAN_POINT ( 'NONE',  ( 7.209754640811593340, 12.45888873565663069, -1.041138122682919942 ) ) ;
#1863 = CARTESIAN_POINT ( 'NONE',  ( 8.163359049252662203, 16.62485476181182875, -8.028200274894398802 ) ) ;
#1864 = ORIENTED_EDGE ( 'NONE', *, *, #9764, .T. ) ;
#1865 = EDGE_CURVE ( 'NONE', #6944, #3273, #6856, .T. ) ;
#1866 = CARTESIAN_POINT ( 'NONE',  ( 6.191799725105614272, 16.24985476181183230, -9.183359049252668882 ) ) ;
#1867 = CARTESIAN_POINT ( 'NONE',  ( 6.191799725105594732, 12.95818809514516090, 9.183359049252661777 ) ) ;
#1868 = FILL_AREA_STYLE ('',( #9134 ) ) ;
#1869 = CARTESIAN_POINT ( 'NONE',  ( 7.949999999999998401, 21.69999999999999929, 11.42999999999999972 ) ) ;
#1870 = CARTESIAN_POINT ( 'NONE',  ( 5.783599450211212911, 14.27068809514516445, 6.226020063032067675 ) ) ;
#1871 = DIRECTION ( 'NONE',  ( 1.000000000000000000, -9.637352644315610034E-17, -0.0000000000000000000 ) ) ;
#1872 = ORIENTED_EDGE ( 'NONE', *, *, #6602, .T. ) ;
#1873 = CARTESIAN_POINT ( 'NONE',  ( 5.210948898480917357, 21.69999999999999574, 2.911341501056091463 ) ) ;
#1874 = CARTESIAN_POINT ( 'NONE',  ( 7.008200274894387682, 12.51814494388263554, -6.056640950747333108 ) ) ;
#1875 = EDGE_CURVE ( 'NONE', #8313, #7353, #1996, .T. ) ;
#1876 = PLANE ( 'NONE',  #7472 ) ;
#1877 = CARTESIAN_POINT ( 'NONE',  ( 7.641138122682933798, 15.33388873565663246, 0.6097546408115590566 ) ) ;
#1878 =( NAMED_UNIT ( * ) SI_UNIT ( $, .STERADIAN. ) SOLID_ANGLE_UNIT ( ) );
#1879 = EDGE_CURVE ( 'NONE', #8809, #2147, #8722, .T. ) ;
#1880 = CARTESIAN_POINT ( 'NONE',  ( 5.783599450211223569, 12.45564494388263377, 1.393979936967937983 ) ) ;
#1881 = CARTESIAN_POINT ( 'NONE',  ( 4.099999999999999645, 21.69999999999999929, 7.620000000000000107 ) ) ;
#1882 = CARTESIAN_POINT ( 'NONE',  ( 26.05000000000000071, -4.750000000000009770, -0.2999999999999991562 ) ) ;
#1883 = CARTESIAN_POINT ( 'NONE',  ( 8.038996251175539953, 21.68890897148461150, 4.830808295277289055 ) ) ;
#1884 = COLOUR_RGB ( '',0.2862745098039215508, 0.6431372549019607199, 0.8666666666666666963 ) ;
#1885 = CARTESIAN_POINT ( 'NONE',  ( 7.000000000000000000, 18.65697564738296776, -2.216544185266136946 ) ) ;
#1886 = CARTESIAN_POINT ( 'NONE',  ( 5.783599450211191595, 16.27068809514516445, 6.226020063032078333 ) ) ;
#1887 = ORIENTED_EDGE ( 'NONE', *, *, #1879, .T. ) ;
#1888 = ORIENTED_EDGE ( 'NONE', *, *, #592, .F. ) ;
#1889 = CARTESIAN_POINT ( 'NONE',  ( 7.008200274894410775, 14.51814494388263377, -6.056640950747341989 ) ) ;
#1890 = SURFACE_STYLE_USAGE ( .BOTH. , #5183 ) ;
#1891 = CARTESIAN_POINT ( 'NONE',  ( 5.250000000000000000, 21.39999999999999858, 7.620000000000000107 ) ) ;
#1892 = SURFACE_STYLE_FILL_AREA ( #9318 ) ;
#1893 = EDGE_LOOP ( 'NONE', ( #4833, #861, #4682, #8422, #10356 ) ) ;
#1894 = ORIENTED_CLOSED_SHELL ( 'NONE', *, #6343, .F. );
#1895 = CARTESIAN_POINT ( 'NONE',  ( 7.993979936967930300, 15.14568809514516268, -0.8164005497887824037 ) ) ;
#1896 = CARTESIAN_POINT ( 'NONE',  ( 8.163359049252667532, 12.58318809514516623, 8.028200274894377486 ) ) ;
#1897 = CARTESIAN_POINT ( 'NONE',  ( 11.29999999999999716, 17.25000000000000355, -5.270000000000000462 ) ) ;
#1898 = EDGE_CURVE ( 'NONE', #4625, #6302, #8147, .T. ) ;
#1899 = CARTESIAN_POINT ( 'NONE',  ( 4.084577011085740672, 21.69999999999999929, 1.730761827355213223 ) ) ;
#1900 = DIRECTION ( 'NONE',  ( -0.0000000000000000000, -0.0000000000000000000, -1.000000000000000000 ) ) ;
#1901 = ORIENTED_EDGE ( 'NONE', *, *, #6193, .F. ) ;
#1902 =( LENGTH_UNIT ( ) NAMED_UNIT ( * ) SI_UNIT ( .MILLI., .METRE. ) );
#1903 = PLANE ( 'NONE',  #8260 ) ;
#1904 = CARTESIAN_POINT ( 'NONE',  ( 0.0000000000000000000, 0.0000000000000000000, 3.050000000000018030 ) ) ;
#1905 = CARTESIAN_POINT ( 'NONE',  ( 6.200000000001936407, 18.69211839736295033, -9.828038622056906704 ) ) ;
#1906 = CARTESIAN_POINT ( 'NONE',  ( 6.199999999999999289, 18.65697564738257697, 9.836544185261836049 ) ) ;
#1908 = ORIENTED_EDGE ( 'NONE', *, *, #9178, .F. ) ;
#1907 = CARTESIAN_POINT ( 'NONE',  ( 5.990245359188406837, 12.54222206898996461, -1.041138122682916167 ) ) ;
#1909 = ORIENTED_EDGE ( 'NONE', *, *, #2183, .T. ) ;
#1910 = CARTESIAN_POINT ( 'NONE',  ( 5.036640950747329981, 15.83318809514516445, -8.028200274894382815 ) ) ;
#1911 = LINE ( 'NONE', #5363, #944 ) ;
#1912 = CARTESIAN_POINT ( 'NONE',  ( 7.008200274894409887, 14.49985476181183586, 9.183359049252658224 ) ) ;
#1913 = CARTESIAN_POINT ( 'NONE',  ( 6.599999999999999645, 16.86478841540089846, 1.365501666700585037 ) ) ;
#1914 = VECTOR ( 'NONE', #601, 1000.000000000000000 ) ;
#1915 = CARTESIAN_POINT ( 'NONE',  ( 8.163359049252656874, 13.08318809514516445, 8.028200274894404131 ) ) ;
#1916 = AXIS2_PLACEMENT_3D ( 'NONE', #3491, #7572, #6728 ) ;
#1917 = CARTESIAN_POINT ( 'NONE',  ( 6.244235344735396431, 18.75000000000000355, 5.440873217243874294 ) ) ;
#1918 = CARTESIAN_POINT ( 'NONE',  ( 9.099999999999999645, 21.69999999999999929, 3.061616997868383141E-16 ) ) ;
#1919 = EDGE_LOOP ( 'NONE', ( #2036, #8164, #3597, #10274 ) ) ;
#1920 = ORIENTED_EDGE ( 'NONE', *, *, #8156, .T. ) ;
#1921 = DIRECTION ( 'NONE',  ( 0.0000000000000000000, 0.0000000000000000000, -1.000000000000000000 ) ) ;
#1922 = PRESENTATION_LAYER_ASSIGNMENT (  '', '', ( #7206 ) ) ;
#1923 = CARTESIAN_POINT ( 'NONE',  ( 7.416400549788791707, 16.52068809514516445, 1.393979936967926436 ) ) ;
#1924 = CARTESIAN_POINT ( 'NONE',  ( 8.163359049252674637, 14.08318809514516623, -7.211799725105631609 ) ) ;
#1925 = FILL_AREA_STYLE ('',( #6806 ) ) ;
#1926 = VERTEX_POINT ( 'NONE', #7162 ) ;
#1927 = CARTESIAN_POINT ( 'NONE',  ( 7.209754640811561366, 14.45888873565663069, -8.661138122682936924 ) ) ;
#1928 = CARTESIAN_POINT ( 'NONE',  ( 5.206020063032072542, 11.91397827721596236, 0.8164005497887859564 ) ) ;
#1929 = VECTOR ( 'NONE', #8133, 1000.000000000000000 ) ;
#1930 = CARTESIAN_POINT ( 'NONE',  ( 9.224999999999999645, 0.8999999999999920286, -12.02999999999999936 ) ) ;
#1931 = DIRECTION ( 'NONE',  ( -1.000000000000000000, -0.0000000000000000000, -0.0000000000000000000 ) ) ;
#1932 = VECTOR ( 'NONE', #2050, 1000.000000000000000 ) ;
#1933 = LINE ( 'NONE', #4319, #4303 ) ;
#1934 = AXIS2_PLACEMENT_3D ( 'NONE', #2004, #10174, #3473 ) ;
#1935 = CARTESIAN_POINT ( 'NONE',  ( 6.599999999999999645, 17.25000000000000000, 2.349999999999999645 ) ) ;
#1936 = CONICAL_SURFACE ( 'NONE', #2111, 2.349269215076792428, 0.06981317007763501725 ) ;
#1937 = DIRECTION ( 'NONE',  ( -1.000000000000000000, 0.0000000000000000000, 0.0000000000000000000 ) ) ;
#1938 = EDGE_CURVE ( 'NONE', #2834, #4459, #8947, .T. ) ;
#1939 = CARTESIAN_POINT ( 'NONE',  ( 5.206020063032074319, 16.81235476181183586, 6.803599450211208044 ) ) ;
#1940 = ORIENTED_EDGE ( 'NONE', *, *, #4861, .T. ) ;
#1941 = ADVANCED_FACE ( 'NONE', ( #8669 ), #6961, .F. ) ;
#1942 = ORIENTED_EDGE ( 'NONE', *, *, #10285, .F. ) ;
#1943 = CARTESIAN_POINT ( 'NONE',  ( 7.993979936967932076, 14.08064494388263377, -6.803599450211222255 ) ) ;
#1944 = UNCERTAINTY_MEASURE_WITH_UNIT (LENGTH_MEASURE( 1.000000000000000082E-05 ), #907, 'distance_accuracy_value', 'NONE');
#1945 = CARTESIAN_POINT ( 'NONE',  ( 6.599999999999999645, 17.25000000000000000, 2.349999999999999645 ) ) ;
#1946 = LINE ( 'NONE', #2716, #3653 ) ;
#1947 = CARTESIAN_POINT ( 'NONE',  ( 8.042561105189658832, 21.39999999999999858, 4.596505753636366265 ) ) ;
#1948 = VECTOR ( 'NONE', #321, 1000.000000000000114 ) ;
#1949 = ORIENTED_EDGE ( 'NONE', *, *, #9975, .F. ) ;
#1950 = VECTOR ( 'NONE', #786, 1000.000000000000000 ) ;
#1951 = CARTESIAN_POINT ( 'NONE',  ( 7.993979936967921418, 15.06235476181183230, 0.8164005497888040530 ) ) ;
#1952 = VECTOR ( 'NONE', #6798, 1000.000000000000000 ) ;
#1953 = CARTESIAN_POINT ( 'NONE',  ( 5.036640950747337975, 12.83318809514516268, 7.211799725105593417 ) ) ;
#1954 = EDGE_CURVE ( 'NONE', #4686, #10234, #5748, .T. ) ;
#1955 = EDGE_CURVE ( 'NONE', #8079, #194, #8976, .T. ) ;
#1956 = CARTESIAN_POINT ( 'NONE',  ( 11.29999999999999893, 17.25698273513623704, -9.969999999999998863 ) ) ;
#1957 = VECTOR ( 'NONE', #2545, 1000.000000000000000 ) ;
#1958 = CARTESIAN_POINT ( 'NONE',  ( 6.999999999999832134, 18.74954171588529661, -9.746333261643252754 ) ) ;
#1959 = PRESENTATION_LAYER_ASSIGNMENT (  '', '', ( #2128 ) ) ;
#1960 = LINE ( 'NONE', #4614, #6415 ) ;
#1961 = EDGE_LOOP ( 'NONE', ( #4652, #1213, #9621, #5810 ) ) ;
#1962 = FACE_OUTER_BOUND ( 'NONE', #10556, .T. ) ;
#1963 = CARTESIAN_POINT ( 'NONE',  ( 6.191799725105599173, 11.45818809514516623, -6.056640950747336660 ) ) ;
#1964 = MECHANICAL_DESIGN_GEOMETRIC_PRESENTATION_REPRESENTATION (  '', ( #6585 ), #6399 ) ;
#1965 = LINE ( 'NONE', #10433, #8100 ) ;
#1966 = CARTESIAN_POINT ( 'NONE',  ( 4.950000000000002842, 21.47973812232158153, 2.914916059504959023 ) ) ;
#1967 = FACE_OUTER_BOUND ( 'NONE', #7205, .T. ) ;
#1968 = AXIS2_PLACEMENT_3D ( 'NONE', #8518, #5299, #10231 ) ;
#1969 = COLOUR_RGB ( '',0.2862745098039215508, 0.6431372549019607199, 0.8666666666666666963 ) ;
#1971 = ORIENTED_EDGE ( 'NONE', *, *, #3306, .F. ) ;
#1970 = CARTESIAN_POINT ( 'NONE',  ( 5.432355715851504563, 12.60472206898996639, -0.3048773204057951269 ) ) ;
#1972 = CARTESIAN_POINT ( 'NONE',  ( 7.641138122682932021, 16.33388873565662891, -7.010245359188427727 ) ) ;
#1973 = ORIENTED_EDGE ( 'NONE', *, *, #9052, .F. ) ;
#1974 = CARTESIAN_POINT ( 'NONE',  ( 5.206020063032065437, 16.31235476181182875, -8.436400549788778847 ) ) ;
#1975 =( LENGTH_UNIT ( ) NAMED_UNIT ( * ) SI_UNIT ( .MILLI., .METRE. ) );
#1976 = DIRECTION ( 'NONE',  ( 0.0000000000000000000, -0.0000000000000000000, 1.000000000000000000 ) ) ;
#1977 = CARTESIAN_POINT ( 'NONE',  ( 5.206020063032067213, 14.89568809514516445, 8.436400549788777070 ) ) ;
#1978 = CIRCLE ( 'NONE', #615, 2.301783801063874701 ) ;
#1979 = DIRECTION ( 'NONE',  ( -1.000000000000000000, 9.637352644315610034E-17, 0.0000000000000000000 ) ) ;
#1980 = VECTOR ( 'NONE', #4067, 1000.000000000000000 ) ;
#1981 = CARTESIAN_POINT ( 'NONE',  ( 5.432355715851497457, 13.64638873565663424, 7.924877320405775194 ) ) ;
#1982 = CARTESIAN_POINT ( 'NONE',  ( 6.599999999999999645, 17.02352941176470580, 7.620000000000000107 ) ) ;
#1983 = CARTESIAN_POINT ( 'NONE',  ( 7.949999999999998401, 21.69999999999999929, 4.885041133764532084 ) ) ;
#1984 = ORIENTED_EDGE ( 'NONE', *, *, #5362, .F. ) ;
#1985 = LINE ( 'NONE', #6113, #2938 ) ;
#1986 = ORIENTED_EDGE ( 'NONE', *, *, #1222, .F. ) ;
#1987 = VECTOR ( 'NONE', #2603, 1000.000000000000000 ) ;
#1989 = VERTEX_POINT ( 'NONE', #4854 ) ;
#1988 = CARTESIAN_POINT ( 'NONE',  ( 6.295122679594223669, 15.72972206898996816, 1.167644284148502631 ) ) ;
#1990 = CARTESIAN_POINT ( 'NONE',  ( 6.191799725105581409, 13.24985476181182875, -9.183359049252656447 ) ) ;
#1991 = EDGE_LOOP ( 'NONE', ( #3244, #8897, #3574, #5845 ) ) ;
#1992 = SURFACE_STYLE_USAGE ( .BOTH. , #150 ) ;
#1993 = CARTESIAN_POINT ( 'NONE',  ( 6.191799725105621377, 12.24985476181183230, -1.563359049252670552 ) ) ;
#1994 = DIRECTION ( 'NONE',  ( -1.000000000000000000, 0.0000000000000000000, -1.224646799147353207E-16 ) ) ;
#1995 = LINE ( 'NONE', #7868, #9977 ) ;
#1996 = LINE ( 'NONE', #5284, #229 ) ;
#1997 = CARTESIAN_POINT ( 'NONE',  ( 6.295122679594222781, 16.02138873565662891, 6.452355715851500584 ) ) ;
#1998 = SURFACE_SIDE_STYLE ('',( #2814 ) ) ;
#1999 = CARTESIAN_POINT ( 'NONE',  ( 7.008200274894408111, 16.20818809514516801, 6.056640950747342877 ) ) ;
#2000 = ORIENTED_EDGE ( 'NONE', *, *, #6814, .T. ) ;
#2001 = CARTESIAN_POINT ( 'NONE',  ( 8.163359049252667532, 14.60147827721596236, -7.211799725105620951 ) ) ;
#2002 = FILL_AREA_STYLE_COLOUR ( '', #9617 ) ;
#2003 = CARTESIAN_POINT ( 'NONE',  ( 0.0000000000000000000, 0.0000000000000000000, 11.42999999999999972 ) ) ;
#2004 = CARTESIAN_POINT ( 'NONE',  ( 6.599999999999999645, 16.94999999999424745, 0.0000000000000000000 ) ) ;
#2005 = VECTOR ( 'NONE', #6625, 1000.000000000000000 ) ;
#2006 = ORIENTED_EDGE ( 'NONE', *, *, #2753, .F. ) ;
#2007 = CARTESIAN_POINT ( 'NONE',  ( 5.036640950747342416, 15.33318809514516801, -0.4082002748944122406 ) ) ;
#2008 = EDGE_CURVE ( 'NONE', #841, #4519, #2140, .T. ) ;
#2009 = CARTESIAN_POINT ( 'NONE',  ( 7.008200274894387682, 11.01814494388263022, 9.183359049252677764 ) ) ;
#2010 = DIRECTION ( 'NONE',  ( -1.000000000000000000, 0.0000000000000000000, 0.0000000000000000000 ) ) ;
#2011 = CARTESIAN_POINT ( 'NONE',  ( 4.993644768671880563, 21.69999999999999574, 2.607917095495664750 ) ) ;
#2012 = EDGE_CURVE ( 'NONE', #8431, #5399, #5069, .T. ) ;
#2013 = ORIENTED_EDGE ( 'NONE', *, *, #4385, .T. ) ;
#2014 = EDGE_LOOP ( 'NONE', ( #10021, #9387, #7504, #3386, #1973, #6929, #9725, #1035, #5519, #7680, #5412, #6951, #7634, #4106, #1254 ) ) ;
#2015 = EDGE_CURVE ( 'NONE', #4393, #9130, #4039, .T. ) ;
#2016 = CARTESIAN_POINT ( 'NONE',  ( 7.423146177678193069, 10.81283322915199285, -6.792253414183692328 ) ) ;
#2017 =( NAMED_UNIT ( * ) PLANE_ANGLE_UNIT ( ) SI_UNIT ( $, .RADIAN. ) );
#2018 =( LENGTH_UNIT ( ) NAMED_UNIT ( * ) SI_UNIT ( .MILLI., .METRE. ) );
#2019 = LINE ( 'NONE', #3493, #1794 ) ;
#2021 = ORIENTED_EDGE ( 'NONE', *, *, #8401, .F. ) ;
#2020 = CARTESIAN_POINT ( 'NONE',  ( 7.416400549788778385, 13.18735476181183586, -1.393979936967932431 ) ) ;
#2022 = CARTESIAN_POINT ( 'NONE',  ( 7.993979936967926747, 16.64568809514516090, -8.436400549788791281 ) ) ;
#2023 = ORIENTED_EDGE ( 'NONE', *, *, #10039, .F. ) ;
#2024 = CARTESIAN_POINT ( 'NONE',  ( 6.191799725105602725, 16.26814494388263199, -9.183359049252663553 ) ) ;
#2025 = CARTESIAN_POINT ( 'NONE',  ( 2.225173207194270919, 21.39999999999999858, 5.995540144432561114 ) ) ;
#2026 = DIRECTION ( 'NONE',  ( 0.0000000000000000000, -1.000000000000000000, 0.0000000000000000000 ) ) ;
#2027 = CARTESIAN_POINT ( 'NONE',  ( 5.206020063032076095, 13.83064494388263199, 6.803599450211193833 ) ) ;
#2028 = CARTESIAN_POINT ( 'NONE',  ( 6.599999999999999645, 17.02352941176470580, -2.500000000071020967 ) ) ;
#2029 = CARTESIAN_POINT ( 'NONE',  ( 8.163359049252660427, 13.58318809514516801, 8.028200274894407684 ) ) ;
#2030 =( NAMED_UNIT ( * ) SI_UNIT ( $, .STERADIAN. ) SOLID_ANGLE_UNIT ( ) );
#2031 = LINE ( 'NONE', #1918, #8601 ) ;
#2032 = VERTEX_POINT ( 'NONE', #2532 ) ;
#2033 = LINE ( 'NONE', #420, #4485 ) ;
#2034 = EDGE_CURVE ( 'NONE', #2411, #1224, #3530, .T. ) ;
#2036 = ORIENTED_EDGE ( 'NONE', *, *, #3279, .F. ) ;
#2035 = CARTESIAN_POINT ( 'NONE',  ( 7.641138122682920475, 15.91722206898996461, -0.6097546408115886996 ) ) ;
#2037 = CARTESIAN_POINT ( 'NONE',  ( 7.209754640811593340, 12.45888873565663069, -8.661138122682919160 ) ) ;
#2038 = EDGE_LOOP ( 'NONE', ( #6349, #901, #8850, #2645 ) ) ;
#2039 = CARTESIAN_POINT ( 'NONE',  ( 11.05147186257614145, 16.94999999999999929, -2.225735931288071789 ) ) ;
#2040 = CARTESIAN_POINT ( 'NONE',  ( 5.783599450211225346, 11.77068809514516623, -1.393979936967938649 ) ) ;
#2041 = CARTESIAN_POINT ( 'NONE',  ( 2.099999999999999645, -36.96000000000000085, 9.319999999999959428 ) ) ;
#2042 = SURFACE_SIDE_STYLE ('',( #9521 ) ) ;
#2043 = CARTESIAN_POINT ( 'NONE',  ( 8.149539810950043872, 21.62408107214006137, 4.763689165540340831 ) ) ;
#2044 = CARTESIAN_POINT ( 'NONE',  ( 8.163359049252662203, 16.62485476181182875, 7.211799725105601411 ) ) ;
#2045 = PRESENTATION_STYLE_ASSIGNMENT (( #2210 ) ) ;
#2046 = CARTESIAN_POINT ( 'NONE',  ( 6.200000000000403411, 18.74802143783840336, -2.138322070303677602 ) ) ;
#2047 = CARTESIAN_POINT ( 'NONE',  ( 5.036640950747327317, 15.89314494388263022, 8.028200274894377486 ) ) ;
#2048 = EDGE_LOOP ( 'NONE', ( #5073, #10282, #5549, #7705 ) ) ;
#2049 = CARTESIAN_POINT ( 'NONE',  ( 5.783599450211218240, 14.45564494388263554, -6.226020063032067675 ) ) ;
#2050 = DIRECTION ( 'NONE',  ( 1.000000000000000000, -0.0000000000000000000, 0.0000000000000000000 ) ) ;
#2051 = ORIENTED_EDGE ( 'NONE', *, *, #6667, .F. ) ;
#2052 = UNCERTAINTY_MEASURE_WITH_UNIT (LENGTH_MEASURE( 1.000000000000000082E-05 ), #411, 'distance_accuracy_value', 'NONE');
#2053 = CARTESIAN_POINT ( 'NONE',  ( 8.299999999999998934, 0.5999999999999937605, 0.5000000000000008882 ) ) ;
#2054 = DIRECTION ( 'NONE',  ( -3.224183510962235692E-16, 1.000000000000000000, 1.074727836987408840E-15 ) ) ;
#2055 = VERTEX_POINT ( 'NONE', #6641 ) ;
#2056 = CARTESIAN_POINT ( 'NONE',  ( 8.163359049252656874, 15.12485476181183053, -0.4082002748944137949 ) ) ;
#2057 = CARTESIAN_POINT ( 'NONE',  ( 8.163359049252672861, 15.14314494388263022, -8.028200274894377486 ) ) ;
#2058 = AXIS2_PLACEMENT_3D ( 'NONE', #1654, #1703, #2306 ) ;
#2059 = CARTESIAN_POINT ( 'NONE',  ( 5.036640950747339751, 11.39314494388263554, 8.028200274894423671 ) ) ;
#2060 = STYLED_ITEM ( 'NONE', ( #6747 ), #6255 ) ;
#2061 = CARTESIAN_POINT ( 'NONE',  ( 6.599999999999999645, 17.27092694212320012, 0.0000000000000000000 ) ) ;
#2062 = VERTEX_POINT ( 'NONE', #4973 ) ;
#2063 = EDGE_CURVE ( 'NONE', #2842, #5192, #239, .T. ) ;
#2064 = CIRCLE ( 'NONE', #3452, 2.252347247922155127 ) ;
#2065 = CARTESIAN_POINT ( 'NONE',  ( 8.250000000000000000, 17.19999999999999929, -4.704524052577350623 ) ) ;
#2066 =( NAMED_UNIT ( * ) PLANE_ANGLE_UNIT ( ) SI_UNIT ( $, .RADIAN. ) );
#2067 = ORIENTED_EDGE ( 'NONE', *, *, #4266, .F. ) ;
#2068 = CARTESIAN_POINT ( 'NONE',  ( 6.599999999999999645, 21.69999999999999929, 7.620000000000000107 ) ) ;
#2069 = EDGE_CURVE ( 'NONE', #90, #174, #5019, .T. ) ;
#2070 = CARTESIAN_POINT ( 'NONE',  ( 6.200000000001178790, 18.72743090741203176, -9.799469421719244622 ) ) ;
#2071 = EDGE_CURVE ( 'NONE', #10301, #1382, #8180, .T. ) ;
#2072 = EDGE_CURVE ( 'NONE', #7353, #4082, #1793, .T. ) ;
#2074 = ORIENTED_EDGE ( 'NONE', *, *, #5243, .F. ) ;
#2073 = CARTESIAN_POINT ( 'NONE',  ( 7.416400549788805918, 11.68735476181182698, -1.393979936967921329 ) ) ;
#2075 = ORIENTED_EDGE ( 'NONE', *, *, #3306, .T. ) ;
#2076 = ORIENTED_EDGE ( 'NONE', *, *, #9975, .T. ) ;
#2077 = CARTESIAN_POINT ( 'NONE',  ( 8.163359049252660427, 16.08318809514516090, -7.211799725105590753 ) ) ;
#2078 = CARTESIAN_POINT ( 'NONE',  ( 7.993979936967914313, 13.64568809514516801, 6.803599450211176958 ) ) ;
#2079 = ADVANCED_FACE ( 'NONE', ( #4912 ), #8230, .T. ) ;
#2080 = DIRECTION ( 'NONE',  ( -1.000000000000000000, 9.637352644315610034E-17, 0.0000000000000000000 ) ) ;
#2081 = EDGE_LOOP ( 'NONE', ( #784, #5323 ) ) ;
#2082 =( GEOMETRIC_REPRESENTATION_CONTEXT ( 3 ) GLOBAL_UNCERTAINTY_ASSIGNED_CONTEXT ( ( #5353 ) ) GLOBAL_UNIT_ASSIGNED_CONTEXT ( ( #1588, #2197, #3064 ) ) REPRESENTATION_CONTEXT ( 'NONE', 'WORKASPACE' ) );
#2083 = CARTESIAN_POINT ( 'NONE',  ( 1.546318411857488076E-14, 10.99999999999998934, -4.569999999999988738 ) ) ;
#2085 = ORIENTED_EDGE ( 'NONE', *, *, #3349, .T. ) ;
#2084 = CARTESIAN_POINT ( 'NONE',  ( 7.993979936967914313, 16.06235476181182875, 0.8164005497888189300 ) ) ;
#2086 = CARTESIAN_POINT ( 'NONE',  ( 7.993979936967916089, 13.56235476181183053, -6.803599450211176958 ) ) ;
#2087 = ORIENTED_EDGE ( 'NONE', *, *, #5635, .T. ) ;
#2088 = CARTESIAN_POINT ( 'NONE',  ( 8.299999999999998934, -3.750000000000008438, -8.119999999999999218 ) ) ;
#2089 = CARTESIAN_POINT ( 'NONE',  ( 7.416400549788795260, 11.52068809514516801, 1.393979936967929323 ) ) ;
#2090 = SURFACE_STYLE_FILL_AREA ( #2911 ) ;
#2091 = DIRECTION ( 'NONE',  ( 0.0000000000000000000, 1.000000000000000000, 0.0000000000000000000 ) ) ;
#2092 = CARTESIAN_POINT ( 'NONE',  ( 9.115422988912992963, 21.70000000000000639, 5.889238172643340263 ) ) ;
#2093 = CIRCLE ( 'NONE', #6707, 2.187500000039471981 ) ;
#2094 = CARTESIAN_POINT ( 'NONE',  ( 7.008200274894408111, 16.20818809514516801, 6.056640950747342877 ) ) ;
#2095 = ADVANCED_FACE ( 'NONE', ( #4102 ), #6596, .F. ) ;
#2096 = FILL_AREA_STYLE ('',( #9523 ) ) ;
#2097 = VECTOR ( 'NONE', #771, 1000.000000000000000 ) ;
#2098 = CARTESIAN_POINT ( 'NONE',  ( 5.036640950747343304, 12.37485476181183230, 8.028200274894407684 ) ) ;
#2099 = CARTESIAN_POINT ( 'NONE',  ( 7.008200274894371695, 15.70818809514516445, 6.056640950747327778 ) ) ;
#2100 = VERTEX_POINT ( 'NONE', #6686 ) ;
#2101 = VECTOR ( 'NONE', #1496, 1000.000000000000000 ) ;
#2102 = VERTEX_POINT ( 'NONE', #312 ) ;
#2103 = CARTESIAN_POINT ( 'NONE',  ( 6.999999999998145483, 18.66595455384084445, 2.215594409388000230 ) ) ;
#2104 = AXIS2_PLACEMENT_3D ( 'NONE', #9436, #1106, #1268 ) ;
#2105 = LINE ( 'NONE', #2672, #7097 ) ;
#2106 = LINE ( 'NONE', #2767, #4065 ) ;
#2107 = FACE_OUTER_BOUND ( 'NONE', #8253, .T. ) ;
#2108 = EDGE_LOOP ( 'NONE', ( #7362, #8095, #499, #2166 ) ) ;
#2109 = CARTESIAN_POINT ( 'NONE',  ( 7.008200274894408111, 14.70818809514516090, -1.563359049252657895 ) ) ;
#2110 = PRESENTATION_LAYER_ASSIGNMENT (  '', '', ( #8274 ) ) ;
#2111 = AXIS2_PLACEMENT_3D ( 'NONE', #8169, #6517, #3228 ) ;
#2112 = CARTESIAN_POINT ( 'NONE',  ( 5.783599450211226234, 11.93735476181182875, 9.013979936967931650 ) ) ;
#2113 = UNCERTAINTY_MEASURE_WITH_UNIT (LENGTH_MEASURE( 1.000000000000000082E-05 ), #4782, 'distance_accuracy_value', 'NONE');
#2114 = DIRECTION ( 'NONE',  ( -0.0000000000000000000, -1.000000000000000000, -0.0000000000000000000 ) ) ;
#2115 = ORIENTED_EDGE ( 'NONE', *, *, #8613, .T. ) ;
#2116 = CARTESIAN_POINT ( 'NONE',  ( 3.550055293325200534, 21.70000000000000284, -0.2841521597850161784 ) ) ;
#2117 =( GEOMETRIC_REPRESENTATION_CONTEXT ( 3 ) GLOBAL_UNCERTAINTY_ASSIGNED_CONTEXT ( ( #1615 ) ) GLOBAL_UNIT_ASSIGNED_CONTEXT ( ( #1640, #5780, #4383 ) ) REPRESENTATION_CONTEXT ( 'NONE', 'WORKASPACE' ) );
#2118 = CIRCLE ( 'NONE', #7931, 3.349999999999999645 ) ;
#2119 = DIRECTION ( 'NONE',  ( 0.0000000000000000000, 0.0000000000000000000, -1.000000000000000000 ) ) ;
#2120 = CARTESIAN_POINT ( 'NONE',  ( 1.799999999999999822, 11.00000000000000000, 1.699999999999999956 ) ) ;
#2121 = APPLICATION_PROTOCOL_DEFINITION ( 'draft international standard', 'automotive_design', 1998, #1269 ) ;
#2122 = EDGE_LOOP ( 'NONE', ( #2924, #6523, #3562, #5605 ) ) ;
#2123 = FILL_AREA_STYLE ('',( #1419 ) ) ;
#2124 = PRESENTATION_LAYER_ASSIGNMENT (  '', '', ( #1264 ) ) ;
#2125 = PRESENTATION_LAYER_ASSIGNMENT (  '', '', ( #6733 ) ) ;
#2126 = MECHANICAL_DESIGN_GEOMETRIC_PRESENTATION_REPRESENTATION (  '', ( #7411 ), #2476 ) ;
#2127 = CARTESIAN_POINT ( 'NONE',  ( 5.202819367984340637, 21.70000000000000639, 2.764223726225585764 ) ) ;
#2128 = STYLED_ITEM ( 'NONE', ( #1288 ), #6478 ) ;
#2129 = CARTESIAN_POINT ( 'NONE',  ( 7.500000000000000000, 1.549999999999990052, 2.074999999999999734 ) ) ;
#2130 = UNCERTAINTY_MEASURE_WITH_UNIT (LENGTH_MEASURE( 1.000000000000000082E-05 ), #8659, 'distance_accuracy_value', 'NONE');
#2131 = COLOUR_RGB ( '',0.2862745098039215508, 0.6431372549019607199, 0.8666666666666666963 ) ;
#2132 = STYLED_ITEM ( 'NONE', ( #8619 ), #1941 ) ;
#2134 = VERTEX_POINT ( 'NONE', #9932 ) ;
#2133 = CARTESIAN_POINT ( 'NONE',  ( 8.163359049252678190, 11.58318809514516801, 0.4082002748943624471 ) ) ;
#2135 = ORIENTED_EDGE ( 'NONE', *, *, #827, .F. ) ;
#2136 = PRESENTATION_STYLE_ASSIGNMENT (( #6304 ) ) ;
#2137 = EDGE_CURVE ( 'NONE', #337, #5475, #6841, .T. ) ;
#2138 = PLANE ( 'NONE',  #725 ) ;
#2139 = CARTESIAN_POINT ( 'NONE',  ( 7.209754640811554260, 13.29222206898996639, 8.661138122682931595 ) ) ;
#2140 =( BOUNDED_CURVE ( )  B_SPLINE_CURVE ( 3, ( #1669, #3992, #908, #6475 ),
 .UNSPECIFIED., .F., .T. ) 
 B_SPLINE_CURVE_WITH_KNOTS ( ( 4, 4 ),
 ( 0.0000000000000000000, 1.000000000000000000 ),
 .UNSPECIFIED. ) 
 CURVE ( )  GEOMETRIC_REPRESENTATION_ITEM ( )  RATIONAL_B_SPLINE_CURVE ( ( 1.000000000000000000, 0.3333333333333332038, 0.3333333333333332038, 1.000000000000000000 ) ) 
 REPRESENTATION_ITEM ( '' )  );
#2141 = MECHANICAL_DESIGN_GEOMETRIC_PRESENTATION_REPRESENTATION (  '', ( #5749 ), #2497 ) ;
#2142 = CARTESIAN_POINT ( 'NONE',  ( 11.69999999999999929, 8.200000000000008171, -11.42999999999999972 ) ) ;
#2143 = CIRCLE ( 'NONE', #7772, 2.301783801063874701 ) ;
#2144 = PLANE ( 'NONE',  #9794 ) ;
#2145 = ORIENTED_EDGE ( 'NONE', *, *, #5682, .F. ) ;
#2146 =( LENGTH_UNIT ( ) NAMED_UNIT ( * ) SI_UNIT ( .MILLI., .METRE. ) );
#2147 = VERTEX_POINT ( 'NONE', #1869 ) ;
#2149 = ORIENTED_EDGE ( 'NONE', *, *, #8404, .F. ) ;
#2148 = CARTESIAN_POINT ( 'NONE',  ( 5.990245359188434371, 15.04222206898996106, -1.041138122682929046 ) ) ;
#2150 = CARTESIAN_POINT ( 'NONE',  ( 5.783599450211223569, 12.93735476181182875, -6.226020063032060570 ) ) ;
#2151 = EDGE_CURVE ( 'NONE', #10564, #6374, #8492, .T. ) ;
#2152 = CARTESIAN_POINT ( 'NONE',  ( 6.599999999999999645, 17.07426406871192981, -2.349999999999999201 ) ) ;
#2153 = COLOUR_RGB ( '',0.2862745098039215508, 0.6431372549019607199, 0.8666666666666666963 ) ;
#2154 = AXIS2_PLACEMENT_3D ( 'NONE', #7074, #3039, #7878 ) ;
#2155 = CARTESIAN_POINT ( 'NONE',  ( 7.993979936967932076, 11.64568809514516090, -0.8164005497887827367 ) ) ;
#2156 = DIRECTION ( 'NONE',  ( -0.0000000000000000000, -1.000000000000000000, -0.0000000000000000000 ) ) ;
#2157 = CARTESIAN_POINT ( 'NONE',  ( 6.200000000001938183, 18.71144759946975000, 5.423828231305342307 ) ) ;
#2158 = EDGE_CURVE ( 'NONE', #6083, #6778, #5161, .T. ) ;
#2159 = CARTESIAN_POINT ( 'NONE',  ( 9.340449452938745623, 21.69999999999999929, 8.988713362201099955 ) ) ;
#2160 = CARTESIAN_POINT ( 'NONE',  ( 5.783056366656098568, 16.93735476181180033, 9.013979936967929874 ) ) ;
#2161 = CARTESIAN_POINT ( 'NONE',  ( 10.86617314097819964, 8.199999999999999289, -11.83500000000000085 ) ) ;
#2162 = CARTESIAN_POINT ( 'NONE',  ( 6.191799725105587626, 12.74985476181183763, 6.056640950747348207 ) ) ;
#2163 = AXIS2_PLACEMENT_3D ( 'NONE', #4544, #6973, #6864 ) ;
#2164 = CARTESIAN_POINT ( 'NONE',  ( 7.416400549788805030, 15.52068809514516978, 9.013979936967920992 ) ) ;
#2165 = ORIENTED_EDGE ( 'NONE', *, *, #3600, .T. ) ;
#2166 = ORIENTED_EDGE ( 'NONE', *, *, #144, .F. ) ;
#2167 = STYLED_ITEM ( 'NONE', ( #9945 ), #8558 ) ;
#2168 = CARTESIAN_POINT ( 'NONE',  ( 5.036640950747329981, 13.85147827721596769, -8.028200274894384592 ) ) ;
#2169 = DIRECTION ( 'NONE',  ( 1.000000000000000000, 0.0000000000000000000, 0.0000000000000000000 ) ) ;
#2170 = SURFACE_STYLE_USAGE ( .BOTH. , #3143 ) ;
#2171 = CARTESIAN_POINT ( 'NONE',  ( 1.900000000000000577, 17.25000000000000000, -5.269999999999997797 ) ) ;
#2172 = ORIENTED_EDGE ( 'NONE', *, *, #2234, .F. ) ;
#2173 = CARTESIAN_POINT ( 'NONE',  ( 7.416400549788803254, 14.18735476181183408, -1.393979936967921329 ) ) ;
#2174 = CARTESIAN_POINT ( 'NONE',  ( 8.163359049252672861, 15.62485476181182875, -8.028200274894377486 ) ) ;
#2175 = STYLED_ITEM ( 'NONE', ( #9440 ), #10418 ) ;
#2176 = DIRECTION ( 'NONE',  ( 0.0000000000000000000, 1.000000000000000000, 0.0000000000000000000 ) ) ;
#2177 = CARTESIAN_POINT ( 'NONE',  ( 8.163359049252655097, 10.60147827721590552, 8.028200274894409461 ) ) ;
#2178 = CARTESIAN_POINT ( 'NONE',  ( 6.200000000000201794, 18.73765341253183436, -5.455932137986359898 ) ) ;
#2179 = CARTESIAN_POINT ( 'NONE',  ( 6.599999999999999645, 16.94999999999999929, 2.049999999999999822 ) ) ;
#2180 = VERTEX_POINT ( 'NONE', #5954 ) ;
#2181 = DIRECTION ( 'NONE',  ( 0.0000000000000000000, 0.0000000000000000000, 1.000000000000000000 ) ) ;
#2182 = CARTESIAN_POINT ( 'NONE',  ( 12.59999999999999964, 0.0000000000000000000, 11.42999999999999972 ) ) ;
#2183 = EDGE_CURVE ( 'NONE', #407, #5063, #1007, .T. ) ;
#2184 = FACE_OUTER_BOUND ( 'NONE', #8580, .T. ) ;
#2185 = EDGE_CURVE ( 'NONE', #8778, #7775, #8383, .T. ) ;
#2186 = DIRECTION ( 'NONE',  ( 0.0000000000000000000, 0.0000000000000000000, 1.000000000000000000 ) ) ;
#2187 = CARTESIAN_POINT ( 'NONE',  ( 6.190713557995390026, 16.47647827721599967, 1.563359049252670108 ) ) ;
#2188 = CARTESIAN_POINT ( 'NONE',  ( 7.949999999999994849, 21.69999999999999929, 2.734958866235470687 ) ) ;
#2189 =( NAMED_UNIT ( * ) SI_UNIT ( $, .STERADIAN. ) SOLID_ANGLE_UNIT ( ) );
#2190 = DIRECTION ( 'NONE',  ( -0.0000000000000000000, -0.0000000000000000000, -1.000000000000000000 ) ) ;
#2192 = EDGE_LOOP ( 'NONE', ( #8653, #7439, #7748, #2023 ) ) ;
#2191 = CARTESIAN_POINT ( 'NONE',  ( 7.767644284148492062, 11.85472206898996816, 0.3048773204057896313 ) ) ;
#2193 = VERTEX_POINT ( 'NONE', #2028 ) ;
#2194 = CARTESIAN_POINT ( 'NONE',  ( 12.59999999999999964, 0.0000000000000000000, 11.42999999999999972 ) ) ;
#2195 = CARTESIAN_POINT ( 'NONE',  ( 5.250000000000000000, 21.39999999999999858, -11.43000000000000504 ) ) ;
#2196 = CARTESIAN_POINT ( 'NONE',  ( 8.250000000000000000, 21.39999999999999858, -2.915475947422649927 ) ) ;
#2197 =( NAMED_UNIT ( * ) PLANE_ANGLE_UNIT ( ) SI_UNIT ( $, .RADIAN. ) );
#2198 = DIRECTION ( 'NONE',  ( 0.0000000000000000000, 1.000000000000000000, 0.0000000000000000000 ) ) ;
#2199 = ORIENTED_EDGE ( 'NONE', *, *, #4258, .F. ) ;
#2200 = EDGE_CURVE ( 'NONE', #261, #5155, #1169, .T. ) ;
#2202 = VERTEX_POINT ( 'NONE', #1052 ) ;
#2201 = CARTESIAN_POINT ( 'NONE',  ( 7.641138122682934686, 14.33388873565663602, 0.6097546408115578354 ) ) ;
#2203 = CARTESIAN_POINT ( 'NONE',  ( 7.416400549788808583, 13.02068809514516801, -6.226020063032078333 ) ) ;
#2204 = CARTESIAN_POINT ( 'NONE',  ( 11.29999999999999893, 17.07426406871192981, 2.349999999999999645 ) ) ;
#2205 = CARTESIAN_POINT ( 'NONE',  ( 7.008200274894387682, 11.01814494388263022, 1.563359049252677435 ) ) ;
#2206 = FACE_OUTER_BOUND ( 'NONE', #639, .T. ) ;
#2207 = PRESENTATION_STYLE_ASSIGNMENT (( #1600 ) ) ;
#2208 = CARTESIAN_POINT ( 'NONE',  ( 9.340255510991910981, 21.69999999999999574, 6.251166806216050809 ) ) ;
#2209 = CARTESIAN_POINT ( 'NONE',  ( 5.783599450211191595, 16.27068809514516445, 6.226020063032078333 ) ) ;
#2210 = SURFACE_STYLE_USAGE ( .BOTH. , #9360 ) ;
#2211 = EDGE_CURVE ( 'NONE', #5124, #8562, #209, .T. ) ;
#2212 = CARTESIAN_POINT ( 'NONE',  ( 5.558861877317066380, 12.58388873565663246, 7.010245359188441050 ) ) ;
#2213 = CARTESIAN_POINT ( 'NONE',  ( 8.163359049252672861, 15.62485476181182875, 7.211799725105622727 ) ) ;
#2214 = ORIENTED_EDGE ( 'NONE', *, *, #8516, .T. ) ;
#2215 = CARTESIAN_POINT ( 'NONE',  ( 8.163359049252674637, 14.08318809514516623, -7.211799725105631609 ) ) ;
#2216 = EDGE_CURVE ( 'NONE', #1277, #449, #8620, .T. ) ;
#2217 = SURFACE_SIDE_STYLE ('',( #7935 ) ) ;
#2218 = CARTESIAN_POINT ( 'NONE',  ( 6.999999999999795719, 18.73234883560358099, 5.446108717282948319 ) ) ;
#2219 = CARTESIAN_POINT ( 'NONE',  ( 12.59999999999999964, 0.0000000000000000000, -10.82999999999999652 ) ) ;
#2220 = CARTESIAN_POINT ( 'NONE',  ( 5.206020063032066325, 15.89568809514516090, -6.803599450211221367 ) ) ;
#2221 = ORIENTED_EDGE ( 'NONE', *, *, #5231, .T. ) ;
#2222 = CARTESIAN_POINT ( 'NONE',  ( 6.191799725105615160, 14.26814494388263022, -1.563359049252668775 ) ) ;
#2223 = DIRECTION ( 'NONE',  ( -1.000000000000000000, 0.0000000000000000000, -0.0000000000000000000 ) ) ;
#2224 = CARTESIAN_POINT ( 'NONE',  ( 7.416400549788761509, 11.18735476181183053, 6.226020063032052576 ) ) ;
#2225 =( NAMED_UNIT ( * ) PLANE_ANGLE_UNIT ( ) SI_UNIT ( $, .RADIAN. ) );
#2226 = PLANE ( 'NONE',  #7083 ) ;
#2227 = ORIENTED_EDGE ( 'NONE', *, *, #3085, .F. ) ;
#2228 =( LENGTH_UNIT ( ) NAMED_UNIT ( * ) SI_UNIT ( .MILLI., .METRE. ) );
#2229 = VECTOR ( 'NONE', #5591, 1000.000000000000000 ) ;
#2230 = CARTESIAN_POINT ( 'NONE',  ( 7.500000000000000000, -3.750000000000000000, -7.120000000000000107 ) ) ;
#2231 =( REPRESENTATION_RELATIONSHIP ('NONE','NONE', #9025, #7474 ) REPRESENTATION_RELATIONSHIP_WITH_TRANSFORMATION ( #9594 )SHAPE_REPRESENTATION_RELATIONSHIP( ) );
#2232 = CARTESIAN_POINT ( 'NONE',  ( 5.036640950747324652, 14.39314494388263022, 8.028200274894368604 ) ) ;
#2233 = CARTESIAN_POINT ( 'NONE',  ( 3.250000000000000000, 17.19999999999999929, 11.42999999999999972 ) ) ;
#2234 = EDGE_CURVE ( 'NONE', #4772, #8962, #4261, .T. ) ;
#2235 = CYLINDRICAL_SURFACE ( 'NONE', #1759, 0.2999999999999999334 ) ;
#2236 = VECTOR ( 'NONE', #8369, 1000.000000000000000 ) ;
#2237 = ORIENTED_EDGE ( 'NONE', *, *, #1439, .F. ) ;
#2238 = UNCERTAINTY_MEASURE_WITH_UNIT (LENGTH_MEASURE( 1.000000000000000082E-05 ), #10247, 'distance_accuracy_value', 'NONE');
#2239 =( LENGTH_UNIT ( ) NAMED_UNIT ( * ) SI_UNIT ( .MILLI., .METRE. ) );
#2240 = CARTESIAN_POINT ( 'NONE',  ( 10.74358983848619431, -2.602085213965210642E-15, 10.82999999999999829 ) ) ;
#2242 = VERTEX_POINT ( 'NONE', #257 ) ;
#2241 = CARTESIAN_POINT ( 'NONE',  ( 5.990245359188441476, 11.70888873565663246, 1.041138122682933931 ) ) ;
#2243 = VERTEX_POINT ( 'NONE', #6795 ) ;
#2244 = CARTESIAN_POINT ( 'NONE',  ( 2.100000000000000089, 9.400000000000002132, 1.700000000000015055 ) ) ;
#2245 = DIRECTION ( 'NONE',  ( 0.0000000000000000000, 1.000000000000000000, 0.0000000000000000000 ) ) ;
#2246 = FACE_OUTER_BOUND ( 'NONE', #1961, .T. ) ;
#2247 = EDGE_LOOP ( 'NONE', ( #5006, #8611, #9765, #2420 ) ) ;
#2249 = ORIENTED_EDGE ( 'NONE', *, *, #9383, .F. ) ;
#2248 = CARTESIAN_POINT ( 'NONE',  ( 5.558861877317077038, 15.08388873565662713, -0.6097546408115889216 ) ) ;
#2250 = CARTESIAN_POINT ( 'NONE',  ( 6.599999999999999645, 17.25000000000000000, -9.969999999999998863 ) ) ;
#2251 = CARTESIAN_POINT ( 'NONE',  ( 5.036640950747339751, 11.35147827721596769, -0.4082002748943991954 ) ) ;
#2252 = CARTESIAN_POINT ( 'NONE',  ( 6.237086085741379904, 18.65697564737530101, -9.842917365998088641 ) ) ;
#2253 = CARTESIAN_POINT ( 'NONE',  ( 6.042671120528348538, 16.94999999999998153, 1.458800176420508965 ) ) ;
#2254 = SURFACE_STYLE_USAGE ( .BOTH. , #9625 ) ;
#2255 = CARTESIAN_POINT ( 'NONE',  ( 7.641138122682933798, 15.33388873565663246, 8.229754640811554722 ) ) ;
#2256 = CARTESIAN_POINT ( 'NONE',  ( 6.199999999999999289, 17.94999999999240714, 9.886761713731202050 ) ) ;
#2257 = CARTESIAN_POINT ( 'NONE',  ( 5.206020063032084089, 12.89568809514516445, 8.436400549788810821 ) ) ;
#2258 = ORIENTED_EDGE ( 'NONE', *, *, #7522, .T. ) ;
#2259 = SURFACE_STYLE_FILL_AREA ( #9574 ) ;
#2260 = CIRCLE ( 'NONE', #4501, 2.349269215077949724 ) ;
#2261 = FACE_OUTER_BOUND ( 'NONE', #3701, .T. ) ;
#2262 = CARTESIAN_POINT ( 'NONE',  ( 5.205997068490162860, 21.70000000000000284, -2.762250483685256164 ) ) ;
#2263 = CARTESIAN_POINT ( 'NONE',  ( 10.27498147099479908, 18.71222679458387361, 5.941726103800196057 ) ) ;
#2264 =( BOUNDED_SURFACE ( )  B_SPLINE_SURFACE ( 3, 3, ( 
 ( #7828, #7881, #1314, #3852 ),
 ( #9532, #6330, #7076, #602 ),
 ( #10334, #3753, #2263, #7170 ),
 ( #4605, #5547, #6130, #9366 ) ),
 .UNSPECIFIED., .F., .F., .F. ) 
 B_SPLINE_SURFACE_WITH_KNOTS ( ( 4, 4 ),
 ( 4, 4 ),
 ( 0.0000000000000000000, 1.000000000000000000 ),
 ( 0.0000000000000000000, 1.000000000000000000 ),
 .UNSPECIFIED. ) 
 GEOMETRIC_REPRESENTATION_ITEM ( )  RATIONAL_B_SPLINE_SURFACE ( (
 ( 1.000000000000000000, 0.4407513212697463101, 0.4407513212697463101, 1.000000000000000000),
 ( 0.8209024677519831670, 0.3618138472952818763, 0.3618138472952818763, 0.8209024677519831670),
 ( 0.8209024677519831670, 0.3618138472952818763, 0.3618138472952818763, 0.8209024677519831670),
 ( 1.000000000000000000, 0.4407513212697463101, 0.4407513212697463101, 1.000000000000000000) ) ) 
 REPRESENTATION_ITEM ( '' )  SURFACE ( )  );
#2265 = CARTESIAN_POINT ( 'NONE',  ( 7.209754640811565807, 14.79222206898996461, -6.578861877317072171 ) ) ;
#2266 = ORIENTED_EDGE ( 'NONE', *, *, #26, .T. ) ;
#2267 = CARTESIAN_POINT ( 'NONE',  ( 5.036640950747344192, 13.89314494388263199, 0.4082002748944097981 ) ) ;
#2268 = DIRECTION ( 'NONE',  ( 0.0000000000000000000, 0.0000000000000000000, -1.000000000000000000 ) ) ;
#2269 = CARTESIAN_POINT ( 'NONE',  ( 5.058239402572350940, 21.63072727432626863, 4.768311338200216909 ) ) ;
#2270 = PRESENTATION_STYLE_ASSIGNMENT (( #7886 ) ) ;
#2271 = CARTESIAN_POINT ( 'NONE',  ( 7.699017176186970346, 10.55936726420669913, 8.731336150022809051 ) ) ;
#2272 = EDGE_CURVE ( 'NONE', #2560, #4082, #111, .T. ) ;
#2273 = VECTOR ( 'NONE', #2578, 1000.000000000000114 ) ;
#2274 = CARTESIAN_POINT ( 'NONE',  ( 6.200000000000709832, 18.68925460028448171, -5.411365147983125290 ) ) ;
#2275 = STYLED_ITEM ( 'NONE', ( #3924 ), #5490 ) ;
#2276 = CARTESIAN_POINT ( 'NONE',  ( 6.599999999999999645, 17.25000000000000000, 2.349999999999999645 ) ) ;
#2277 = ORIENTED_EDGE ( 'NONE', *, *, #4787, .T. ) ;
#2278 = MECHANICAL_DESIGN_GEOMETRIC_PRESENTATION_REPRESENTATION (  '', ( #898 ), #1760 ) ;
#2279 = DIRECTION ( 'NONE',  ( -0.0000000000000000000, -0.9805806756909201116, 0.1961161351381840168 ) ) ;
#2280 = CARTESIAN_POINT ( 'NONE',  ( 6.199999999999999289, 18.75000000000000000, 9.735099840886189071 ) ) ;
#2281 = DIRECTION ( 'NONE',  ( 0.0000000000000000000, -1.000000000000000000, 0.0000000000000000000 ) ) ;
#2282 = VECTOR ( 'NONE', #2949, 1000.000000000000000 ) ;
#2283 = EDGE_CURVE ( 'NONE', #7215, #7616, #8513, .T. ) ;
#2284 = CARTESIAN_POINT ( 'NONE',  ( 6.191799725105629371, 14.95818809514516801, 9.183359049252675987 ) ) ;
#2285 = EDGE_CURVE ( 'NONE', #10455, #9880, #4875, .T. ) ;
#2286 = CARTESIAN_POINT ( 'NONE',  ( 5.050456264635142745, 21.62407753982652991, 10.47630626968309109 ) ) ;
#2287 = STYLED_ITEM ( 'NONE', ( #6393 ), #2480 ) ;
#2288 = MECHANICAL_DESIGN_GEOMETRIC_PRESENTATION_REPRESENTATION (  '', ( #6885 ), #574 ) ;
#2289 = VERTEX_POINT ( 'NONE', #9612 ) ;
#2290 = FILL_AREA_STYLE_COLOUR ( '', #5751 ) ;
#2292 = ORIENTED_EDGE ( 'NONE', *, *, #4866, .T. ) ;
#2291 = CARTESIAN_POINT ( 'NONE',  ( 8.163359049252656874, 12.08318809514516623, 0.4082002748944007497 ) ) ;
#2293 = ORIENTED_EDGE ( 'NONE', *, *, #2185, .T. ) ;
#2294 = ORIENTED_EDGE ( 'NONE', *, *, #493, .F. ) ;
#2295 = STYLED_ITEM ( 'NONE', ( #10427 ), #2942 ) ;
#2296 = VECTOR ( 'NONE', #8194, 1000.000000000000000 ) ;
#2297 = CARTESIAN_POINT ( 'NONE',  ( 7.500000000000000000, 0.8999999999999923617, 8.420000000000003482 ) ) ;
#2298 = DIRECTION ( 'NONE',  ( 0.0000000000000000000, 0.0000000000000000000, -1.000000000000000000 ) ) ;
#2299 = FACE_OUTER_BOUND ( 'NONE', #3036, .T. ) ;
#2300 = CARTESIAN_POINT ( 'NONE',  ( 6.599999999999999645, 17.27092694210341506, 9.969269215076792534 ) ) ;
#2301 = FILL_AREA_STYLE_COLOUR ( '', #372 ) ;
#2302 = VECTOR ( 'NONE', #7430, 1000.000000000000114 ) ;
#2304 = VERTEX_POINT ( 'NONE', #520 ) ;
#2303 = CARTESIAN_POINT ( 'NONE',  ( 7.767644284148501832, 14.85472206898996461, 0.3048773204057722563 ) ) ;
#2305 = ADVANCED_FACE ( 'NONE', ( #3882 ), #8704, .T. ) ;
#2306 = DIRECTION ( 'NONE',  ( 1.326525867060349907E-16, 1.000000000000000000, 0.0000000000000000000 ) ) ;
#2307 = EDGE_CURVE ( 'NONE', #8443, #9535, #7104, .T. ) ;
#2308 = FACE_OUTER_BOUND ( 'NONE', #3862, .T. ) ;
#2309 = FACE_OUTER_BOUND ( 'NONE', #8974, .T. ) ;
#2310 = CARTESIAN_POINT ( 'NONE',  ( 7.000000000000000000, 17.94999999999240714, 5.353238286268798163 ) ) ;
#2311 = PLANE ( 'NONE',  #8791 ) ;
#2312 =( GEOMETRIC_REPRESENTATION_CONTEXT ( 3 ) GLOBAL_UNCERTAINTY_ASSIGNED_CONTEXT ( ( #6767 ) ) GLOBAL_UNIT_ASSIGNED_CONTEXT ( ( #10281, #3155, #3049 ) ) REPRESENTATION_CONTEXT ( 'NONE', 'WORKASPACE' ) );
#2313 = AXIS2_PLACEMENT_3D ( 'NONE', #3898, #3239, #8771 ) ;
#2314 = CARTESIAN_POINT ( 'NONE',  ( 8.753360775890714152, 21.70000000000000639, 5.455500633919009523 ) ) ;
#2315 = PRESENTATION_LAYER_ASSIGNMENT (  '', '', ( #1801 ) ) ;
#2316 = CARTESIAN_POINT ( 'NONE',  ( 5.990245359188436147, 15.20888873565663246, 8.661138122682933371 ) ) ;
#2317 = CARTESIAN_POINT ( 'NONE',  ( 3.249999999999998668, 17.19999999999999574, 11.42999999999999972 ) ) ;
#2318 = CARTESIAN_POINT ( 'NONE',  ( 7.641138122682924916, 11.83388873565663779, 8.229754640811561828 ) ) ;
#2319 = ORIENTED_EDGE ( 'NONE', *, *, #7895, .F. ) ;
#2320 = CARTESIAN_POINT ( 'NONE',  ( 7.416400549788820129, 14.52068809514516623, -6.226020063032083662 ) ) ;
#2321 = ORIENTED_EDGE ( 'NONE', *, *, #6438, .F. ) ;
#2322 = STYLED_ITEM ( 'NONE', ( #5209 ), #9195 ) ;
#2323 = PRESENTATION_STYLE_ASSIGNMENT (( #7272 ) ) ;
#2324 = PRESENTATION_LAYER_ASSIGNMENT (  '', '', ( #3548 ) ) ;
#2325 = CARTESIAN_POINT ( 'NONE',  ( 5.166026947536567882, 21.69032366726210981, -2.787073932381831654 ) ) ;
#2326 = CARTESIAN_POINT ( 'NONE',  ( 0.0000000000000000000, -36.96000000000000085, -10.66999999999999993 ) ) ;
#2327 = CARTESIAN_POINT ( 'NONE',  ( 6.295122679594204129, 15.52138873565663424, -8.787644284148496965 ) ) ;
#2328 = CARTESIAN_POINT ( 'NONE',  ( 5.783599450211212911, 13.78897827721596414, -1.393979936967932209 ) ) ;
#2329 = PRESENTATION_STYLE_ASSIGNMENT (( #4926 ) ) ;
#2330 = SURFACE_STYLE_USAGE ( .BOTH. , #5611 ) ;
#2331 = DIRECTION ( 'NONE',  ( -1.000000000000000000, -0.0000000000000000000, -0.0000000000000000000 ) ) ;
#2332 = VECTOR ( 'NONE', #8463, 1000.000000000000114 ) ;
#2333 = MECHANICAL_DESIGN_GEOMETRIC_PRESENTATION_REPRESENTATION (  '', ( #6423 ), #6584 ) ;
#2334 = DIRECTION ( 'NONE',  ( 0.0000000000000000000, 0.0000000000000000000, -1.000000000000000000 ) ) ;
#2335 = ORIENTED_EDGE ( 'NONE', *, *, #6997, .F. ) ;
#2336 = DIRECTION ( 'NONE',  ( 0.8320502943378438321, -6.498053988515389633E-16, 0.5547001962252290364 ) ) ;
#2337 = LINE ( 'NONE', #8639, #7917 ) ;
#2338 = ADVANCED_FACE ( 'NONE', ( #4740 ), #2138, .F. ) ;
#2339 = PRESENTATION_LAYER_ASSIGNMENT (  '', '', ( #2175 ) ) ;
#2340 = LINE ( 'NONE', #8047, #9737 ) ;
#2341 = CARTESIAN_POINT ( 'NONE',  ( 7.993979936967930300, 12.58064494388263199, 8.436400549788777070 ) ) ;
#2342 =( NAMED_UNIT ( * ) PLANE_ANGLE_UNIT ( ) SI_UNIT ( $, .RADIAN. ) );
#2343 = FILL_AREA_STYLE ('',( #3166 ) ) ;
#2344 = EDGE_CURVE ( 'NONE', #5777, #2202, #8077, .T. ) ;
#2345 = UNCERTAINTY_MEASURE_WITH_UNIT (LENGTH_MEASURE( 1.000000000000000082E-05 ), #6024, 'distance_accuracy_value', 'NONE');
#2346 = SURFACE_SIDE_STYLE ('',( #3974 ) ) ;
#2347 = EDGE_CURVE ( 'NONE', #4479, #4160, #6353, .T. ) ;
#2348 = CARTESIAN_POINT ( 'NONE',  ( 6.599999999999999645, 21.69999999999999929, 0.0000000000000000000 ) ) ;
#2350 = ORIENTED_EDGE ( 'NONE', *, *, #7554, .T. ) ;
#2349 = CARTESIAN_POINT ( 'NONE',  ( 7.699017176186970346, 11.04107708213589767, 1.111336150022810054 ) ) ;
#2351 = VERTEX_POINT ( 'NONE', #3063 ) ;
#2352 = ORIENTED_EDGE ( 'NONE', *, *, #4930, .F. ) ;
#2353 = SURFACE_STYLE_FILL_AREA ( #8810 ) ;
#2354 = DIRECTION ( 'NONE',  ( 0.0000000000000000000, 0.9805806756909201116, -0.1961161351381840168 ) ) ;
#2355 =( LENGTH_UNIT ( ) NAMED_UNIT ( * ) SI_UNIT ( .MILLI., .METRE. ) );
#2356 = DIRECTION ( 'NONE',  ( -0.0000000000000000000, 1.000000000000000000, 0.0000000000000000000 ) ) ;
#2357 = FILL_AREA_STYLE ('',( #9756 ) ) ;
#2358 = CARTESIAN_POINT ( 'NONE',  ( 11.29951261211630786, 17.26396121657842286, -2.349756306058153665 ) ) ;
#2359 = CARTESIAN_POINT ( 'NONE',  ( 6.199999999999999289, 18.42131751191116251, -5.386710815967351351 ) ) ;
#2361 = VERTEX_POINT ( 'NONE', #5314 ) ;
#2360 = CARTESIAN_POINT ( 'NONE',  ( 5.206020063032084977, 15.39568809514516978, 0.8164005497888165985 ) ) ;
#2362 = LINE ( 'NONE', #5683, #7177 ) ;
#2363 = CARTESIAN_POINT ( 'NONE',  ( 7.949999999999988631, 21.69999999999999929, -10.35495886623548678 ) ) ;
#2364 = CARTESIAN_POINT ( 'NONE',  ( 6.199999999999999289, 18.66147085690936791, 5.403775227763985889 ) ) ;
#2365 = DIRECTION ( 'NONE',  ( -0.5000000000000009992, -0.0000000000000000000, -0.8660254037844380415 ) ) ;
#2366 = CARTESIAN_POINT ( 'NONE',  ( 7.641138122682927580, 14.83388873565663069, 8.229754640811581368 ) ) ;
#2367 = CARTESIAN_POINT ( 'NONE',  ( 10.27498147099504422, 18.71222679458386295, -9.298273896200157651 ) ) ;
#2368 = EDGE_CURVE ( 'NONE', #6147, #4337, #9450, .T. ) ;
#2369 = CARTESIAN_POINT ( 'NONE',  ( 7.767644284148507161, 10.89638873565665733, 7.315122679594212585 ) ) ;
#2370 = VERTEX_POINT ( 'NONE', #10361 ) ;
#2371 = CARTESIAN_POINT ( 'NONE',  ( 5.783599450211189819, 13.77068809514516623, -9.013979936967915663 ) ) ;
#2372 = PRESENTATION_STYLE_ASSIGNMENT (( #9679 ) ) ;
#2373 = UNCERTAINTY_MEASURE_WITH_UNIT (LENGTH_MEASURE( 1.000000000000000082E-05 ), #4116, 'distance_accuracy_value', 'NONE');
#2374 =( NAMED_UNIT ( * ) PLANE_ANGLE_UNIT ( ) SI_UNIT ( $, .RADIAN. ) );
#2375 = DIRECTION ( 'NONE',  ( -1.000000000000000000, -0.0000000000000000000, -0.0000000000000000000 ) ) ;
#2376 = CARTESIAN_POINT ( 'NONE',  ( 12.09999999999999964, 10.55000000000000071, 11.42999999999999972 ) ) ;
#2377 = CARTESIAN_POINT ( 'NONE',  ( 5.990245359188434371, 15.04222206898996106, -8.661138122682922713 ) ) ;
#2378 = CARTESIAN_POINT ( 'NONE',  ( 7.993979936967914313, 13.64568809514516801, -0.8164005497888220386 ) ) ;
#2379 = CARTESIAN_POINT ( 'NONE',  ( 5.098958052651116013, 21.65962339538938508, 4.792440458216684185 ) ) ;
#2380 = B_SPLINE_CURVE_WITH_KNOTS ( 'NONE', 3,
 ( #6869, #6134, #9371, #8514, #10227, #1253, #3594, #6823, #10071, #10122, #6092, #1196, #9424 ),
 .UNSPECIFIED., .F., .F.,
 ( 4, 2, 2, 1, 2, 2, 4 ),
 ( 0.0000000000000000000, 0.2499999999999426570, 0.3749999999999145128, 0.4374999999998998579, 0.4687499999998968603, 0.4999999999998938627, 1.000000000000000000 ),
 .UNSPECIFIED. ) ;
#2381 = CARTESIAN_POINT ( 'NONE',  ( 7.695910417005329407, 10.55914509103539878, 8.734388672331677483 ) ) ;
#2382 = CARTESIAN_POINT ( 'NONE',  ( 11.30000000000000071, 17.25000000000000000, 5.269999999999997797 ) ) ;
#2383 = FACE_OUTER_BOUND ( 'NONE', #4598, .T. ) ;
#2384 = VERTEX_POINT ( 'NONE', #6306 ) ;
#2385 = CARTESIAN_POINT ( 'NONE',  ( 8.163359049252656874, 11.62485476181183053, -8.028200274894414790 ) ) ;
#2386 = SURFACE_STYLE_USAGE ( .BOTH. , #10344 ) ;
#2387 = CARTESIAN_POINT ( 'NONE',  ( 2.148528137423857842, 16.94999999999999929, 5.394264068711933646 ) ) ;
#2388 = CARTESIAN_POINT ( 'NONE',  ( 4.159715232358132120, 21.70000000000000284, -9.471524701275690461 ) ) ;
#2389 = CARTESIAN_POINT ( 'NONE',  ( 7.416400549788779273, 16.02068809514516445, 1.393979936967931987 ) ) ;
#2390 = CARTESIAN_POINT ( 'NONE',  ( 7.416400549788780161, 13.20564494388262844, 6.226020063032065899 ) ) ;
#2391 = CARTESIAN_POINT ( 'NONE',  ( 9.040284767641875163, 21.69999999999999929, 1.851524701273636220 ) ) ;
#2392 = ADVANCED_FACE ( 'NONE', ( #8600 ), #576, .F. ) ;
#2393 = DIRECTION ( 'NONE',  ( 0.0000000000000000000, 0.0000000000000000000, -1.000000000000000000 ) ) ;
#2394 = LINE ( 'NONE', #4832, #8091 ) ;
#2395 = VERTEX_POINT ( 'NONE', #4576 ) ;
#2396 = PRESENTATION_STYLE_ASSIGNMENT (( #9657 ) ) ;
#2397 = SURFACE_STYLE_FILL_AREA ( #9604 ) ;
#2399 = ORIENTED_EDGE ( 'NONE', *, *, #9650, .T. ) ;
#2398 = CARTESIAN_POINT ( 'NONE',  ( 7.209754640811553372, 10.95888873565662891, -1.041138122682941036 ) ) ;
#2400 = ORIENTED_EDGE ( 'NONE', *, *, #8694, .T. ) ;
#2401 = DIRECTION ( 'NONE',  ( 0.0000000000000000000, -1.000000000000000000, 0.0000000000000000000 ) ) ;
#2402 = EDGE_CURVE ( 'NONE', #3797, #1428, #3012, .T. ) ;
#2403 = DIRECTION ( 'NONE',  ( 0.0000000000000000000, -0.0000000000000000000, 1.000000000000000000 ) ) ;
#2404 = CIRCLE ( 'NONE', #3621, 3.349999999999999645 ) ;
#2405 = EDGE_CURVE ( 'NONE', #1750, #8534, #5732, .T. ) ;
#2406 = SURFACE_STYLE_FILL_AREA ( #4089 ) ;
#2407 = ADVANCED_FACE ( 'NONE', ( #5630 ), #8595, .F. ) ;
#2408 = CARTESIAN_POINT ( 'NONE',  ( 12.59999999999999964, 0.0000000000000000000, -11.43000000000000149 ) ) ;
#2409 = CARTESIAN_POINT ( 'NONE',  ( 7.008200274894371695, 15.22647827721596592, 6.056640950747327778 ) ) ;
#2411 = VERTEX_POINT ( 'NONE', #680 ) ;
#2410 = CARTESIAN_POINT ( 'NONE',  ( 6.904877320405796048, 14.27138873565663602, 1.167644284148494860 ) ) ;
#2412 = CARTESIAN_POINT ( 'NONE',  ( 7.209754640811555149, 12.29222206898996284, -6.578861877317063289 ) ) ;
#2413 = CARTESIAN_POINT ( 'NONE',  ( 9.250000000000000000, 16.94999999999999929, 208.7460000000000093 ) ) ;
#2414 = EDGE_CURVE ( 'NONE', #850, #3355, #4088, .T. ) ;
#2415 = CARTESIAN_POINT ( 'NONE',  ( 6.199999999999999289, 18.65697564738271197, 2.216544185266154710 ) ) ;
#2416 = CARTESIAN_POINT ( 'NONE',  ( 5.990245359188416607, 15.70888873565663779, 8.661138122682924489 ) ) ;
#2417 = ADVANCED_FACE ( 'NONE', ( #2299 ), #1586, .T. ) ;
#2418 = LINE ( 'NONE', #5538, #4345 ) ;
#2419 = CARTESIAN_POINT ( 'NONE',  ( 7.416400549788795260, 11.52068809514516801, 9.013979936967929874 ) ) ;
#2420 = ORIENTED_EDGE ( 'NONE', *, *, #1530, .F. ) ;
#2421 = CARTESIAN_POINT ( 'NONE',  ( 6.191799725105596508, 13.47647827721596769, -6.056640950747336660 ) ) ;
#2422 = CARTESIAN_POINT ( 'NONE',  ( 8.042561105189632187, 21.57573593128806877, -10.64349424636364638 ) ) ;
#2423 =( BOUNDED_SURFACE ( )  B_SPLINE_SURFACE ( 3, 3, ( 
 ( #6458, #9697, #6207, #7295 ),
 ( #4579, #468, #10551, #1223 ),
 ( #4518, #7743, #6950, #9811 ),
 ( #6669, #7465, #7402, #8268 ) ),
 .UNSPECIFIED., .F., .F., .T. ) 
 B_SPLINE_SURFACE_WITH_KNOTS ( ( 4, 4 ),
 ( 4, 4 ),
 ( 0.0000000000000000000, 1.000000000000000000 ),
 ( 0.0000000000000000000, 1.000000000000000000 ),
 .UNSPECIFIED. ) 
 GEOMETRIC_REPRESENTATION_ITEM ( )  RATIONAL_B_SPLINE_SURFACE ( (
 ( 1.000000000000000000, 0.6204101701869966234, 0.6204101701869966234, 1.000000000000000000),
 ( 0.8047378541243649375, 0.4992675490332157406, 0.4992675490332157406, 0.8047378541243649375),
 ( 0.8047378541243649375, 0.4992675490332157406, 0.4992675490332157406, 0.8047378541243649375),
 ( 1.000000000000000000, 0.6204101701869966234, 0.6204101701869966234, 1.000000000000000000) ) ) 
 REPRESENTATION_ITEM ( '' )  SURFACE ( )  );
#2424 = ADVANCED_BREP_SHAPE_REPRESENTATION ( '', ( #5276, #10014 ), #7984 ) ;
#2425 = CARTESIAN_POINT ( 'NONE',  ( 5.783599450211225346, 11.77068809514516623, -9.013979936967935203 ) ) ;
#2426 = PLANE ( 'NONE',  #5425 ) ;
#2427 = SURFACE_STYLE_USAGE ( .BOTH. , #8191 ) ;
#2428 = CARTESIAN_POINT ( 'NONE',  ( 6.904877320405776508, 15.27138873565663069, -6.452355715851497031 ) ) ;
#2429 = CARTESIAN_POINT ( 'NONE',  ( 5.036640950747332646, 13.87485476181183230, 0.4082002748943825421 ) ) ;
#2430 = ADVANCED_FACE ( 'NONE', ( #7195 ), #2461, .T. ) ;
#2431 = DIRECTION ( 'NONE',  ( -0.1051056407233110224, 0.9944610622282513690, 0.0000000000000000000 ) ) ;
#2432 = DIRECTION ( 'NONE',  ( -0.0000000000000000000, 0.0000000000000000000, 1.000000000000000000 ) ) ;
#2433 = CARTESIAN_POINT ( 'NONE',  ( 6.599999999999999645, 21.69999999999999929, 0.0000000000000000000 ) ) ;
#2434 = LINE ( 'NONE', #3255, #959 ) ;
#2435 = CARTESIAN_POINT ( 'NONE',  ( 6.599999999999999645, 16.97902142847850016, 9.183359049252670658 ) ) ;
#2436 = ORIENTED_EDGE ( 'NONE', *, *, #8914, .T. ) ;
#2437 = CARTESIAN_POINT ( 'NONE',  ( 5.783599450211217352, 11.78897827721596769, -9.013979936967928097 ) ) ;
#2438 = CARTESIAN_POINT ( 'NONE',  ( 11.29999999999999716, 17.25000000000000355, -5.270000000000000462 ) ) ;
#2439 = AXIS2_PLACEMENT_3D ( 'NONE', #2679, #8219, #7521 ) ;
#2440 = CARTESIAN_POINT ( 'NONE',  ( 6.999999999999999112, 18.75000000000000000, 5.504900159113811142 ) ) ;
#2441 = CARTESIAN_POINT ( 'NONE',  ( 6.200000000000203570, 18.73765341253182015, 2.164067862013670851 ) ) ;
#2442 = CARTESIAN_POINT ( 'NONE',  ( 7.416400549788795260, 16.20564494388262844, -1.393979936967925548 ) ) ;
#2443 = CARTESIAN_POINT ( 'NONE',  ( 5.036640950747344192, 12.89314494388262844, 8.028200274894411237 ) ) ;
#2444 = VECTOR ( 'NONE', #4961, 1000.000000000000000 ) ;
#2445 = MECHANICAL_DESIGN_GEOMETRIC_PRESENTATION_REPRESENTATION (  '', ( #713 ), #1413 ) ;
#2446 = CARTESIAN_POINT ( 'NONE',  ( 1.900487387883693202, 17.26396121657842286, -2.349756306058153665 ) ) ;
#2447 = DIRECTION ( 'NONE',  ( 0.0000000000000000000, 0.0000000000000000000, -1.000000000000000000 ) ) ;
#2448 = LINE ( 'NONE', #3783, #1435 ) ;
#2449 = ORIENTED_EDGE ( 'NONE', *, *, #9802, .F. ) ;
#2450 = PRESENTATION_LAYER_ASSIGNMENT (  '', '', ( #8070 ) ) ;
#2451 = UNCERTAINTY_MEASURE_WITH_UNIT (LENGTH_MEASURE( 1.000000000000000082E-05 ), #8677, 'distance_accuracy_value', 'NONE');
#2452 = CARTESIAN_POINT ( 'NONE',  ( 7.500000000000000888, -4.750000000000004441, -7.919999999999999929 ) ) ;
#2453 = PLANE ( 'NONE',  #7369 ) ;
#2454 = COLOUR_RGB ( '',0.2862745098039215508, 0.6431372549019607199, 0.8666666666666666963 ) ;
#2456 = ORIENTED_EDGE ( 'NONE', *, *, #4917, .F. ) ;
#2455 = CARTESIAN_POINT ( 'NONE',  ( 11.29853843015587600, 17.27092694212337776, 9.969269215077936508 ) ) ;
#2457 = ORIENTED_EDGE ( 'NONE', *, *, #1159, .T. ) ;
#2458 = LINE ( 'NONE', #8058, #7068 ) ;
#2459 = VECTOR ( 'NONE', #6916, 1000.000000000000000 ) ;
#2460 = AXIS2_PLACEMENT_3D ( 'NONE', #3240, #10468, #9834 ) ;
#2461 = PLANE ( 'NONE',  #7396 ) ;
#2462 = CIRCLE ( 'NONE', #3860, 2.500000000000000444 ) ;
#2463 = CARTESIAN_POINT ( 'NONE',  ( 5.036640950747329981, 15.83318809514516445, 7.211799725105617398 ) ) ;
#2464 = CARTESIAN_POINT ( 'NONE',  ( 8.163359049252656874, 12.62485476181183408, -8.028200274894414790 ) ) ;
#2466 = ORIENTED_EDGE ( 'NONE', *, *, #2546, .T. ) ;
#2465 = CARTESIAN_POINT ( 'NONE',  ( 5.558861877317066380, 13.58388873565663246, -0.6097546408115603889 ) ) ;
#2467 = CARTESIAN_POINT ( 'NONE',  ( 6.904877320405787167, 11.97972206898996461, -8.787644284148493412 ) ) ;
#2468 = ORIENTED_EDGE ( 'NONE', *, *, #827, .T. ) ;
#2469 = ADVANCED_FACE ( 'NONE', ( #8013 ), #10458, .F. ) ;
#2470 = PRESENTATION_STYLE_ASSIGNMENT (( #3237 ) ) ;
#2471 = CARTESIAN_POINT ( 'NONE',  ( 7.994054184183322143, 21.70000000000000284, -4.857712119427402442 ) ) ;
#2472 = LINE ( 'NONE', #7427, #4223 ) ;
#2473 = DIRECTION ( 'NONE',  ( -0.0000000000000000000, -1.000000000000000000, -0.0000000000000000000 ) ) ;
#2474 = CARTESIAN_POINT ( 'NONE',  ( 7.008200274894382353, 15.20818809514516268, 6.056640950747332219 ) ) ;
#2475 = CARTESIAN_POINT ( 'NONE',  ( 6.962291394269708888, 18.71222679458386651, -5.400895688392216343 ) ) ;
#2476 =( GEOMETRIC_REPRESENTATION_CONTEXT ( 3 ) GLOBAL_UNCERTAINTY_ASSIGNED_CONTEXT ( ( #10378 ) ) GLOBAL_UNIT_ASSIGNED_CONTEXT ( ( #3857, #8787, #4818 ) ) REPRESENTATION_CONTEXT ( 'NONE', 'WORKASPACE' ) );
#2477 = CARTESIAN_POINT ( 'NONE',  ( 7.702110499919415432, 11.04129925530718914, 8.728269986837309702 ) ) ;
#2478 = VERTEX_POINT ( 'NONE', #9495 ) ;
#2479 = CARTESIAN_POINT ( 'NONE',  ( 7.008200274894408111, 13.01814494388263199, -6.056640950747337548 ) ) ;
#2480 = ADVANCED_FACE ( 'NONE', ( #2184 ), #2935, .F. ) ;
#2481 = CARTESIAN_POINT ( 'NONE',  ( 10.97482679280572171, 21.57573593128807232, -5.995540144432556673 ) ) ;
#2482 = ORIENTED_EDGE ( 'NONE', *, *, #2680, .T. ) ;
#2483 = UNCERTAINTY_MEASURE_WITH_UNIT (LENGTH_MEASURE( 1.000000000000000082E-05 ), #310, 'distance_accuracy_value', 'NONE');
#2484 = CARTESIAN_POINT ( 'NONE',  ( 8.250000000000000000, 21.69999999999999929, 4.704524052577349735 ) ) ;
#2485 = CARTESIAN_POINT ( 'NONE',  ( 6.599999999999999645, 17.19999999999999929, -7.620000000000000107 ) ) ;
#2486 = CARTESIAN_POINT ( 'NONE',  ( 8.206355231327670197, 21.69999999999999574, -10.22791709549588823 ) ) ;
#2487 = VECTOR ( 'NONE', #6492, 1000.000000000000000 ) ;
#2488 = EDGE_CURVE ( 'NONE', #4546, #9010, #2337, .T. ) ;
#2489 = CARTESIAN_POINT ( 'NONE',  ( 7.767644284148505385, 15.39638873565663069, -7.924877320405773418 ) ) ;
#2490 = VECTOR ( 'NONE', #7498, 1000.000000000000000 ) ;
#2491 = STYLED_ITEM ( 'NONE', ( #1532 ), #7621 ) ;
#2492 = CARTESIAN_POINT ( 'NONE',  ( 8.163359049252656874, 13.08318809514516445, 0.4082002748944030257 ) ) ;
#2493 = SURFACE_SIDE_STYLE ('',( #5654 ) ) ;
#2494 = CARTESIAN_POINT ( 'NONE',  ( 7.500000000000000000, -4.750000000000000000, -5.544999999999999929 ) ) ;
#2495 = FACE_OUTER_BOUND ( 'NONE', #8776, .T. ) ;
#2496 = CARTESIAN_POINT ( 'NONE',  ( 6.599999999999999645, 17.25000000000000000, 9.969999999999998863 ) ) ;
#2497 =( GEOMETRIC_REPRESENTATION_CONTEXT ( 3 ) GLOBAL_UNCERTAINTY_ASSIGNED_CONTEXT ( ( #1944 ) ) GLOBAL_UNIT_ASSIGNED_CONTEXT ( ( #907, #1050, #1716 ) ) REPRESENTATION_CONTEXT ( 'NONE', 'WORKASPACE' ) );
#2498 = CARTESIAN_POINT ( 'NONE',  ( 6.237086085742046038, 18.65697564737525838, 2.222917365998199557 ) ) ;
#2499 = ORIENTED_EDGE ( 'NONE', *, *, #4582, .F. ) ;
#2500 = AXIS2_PLACEMENT_3D ( 'NONE', #5787, #6459, #4084 ) ;
#2501 = CARTESIAN_POINT ( 'NONE',  ( 7.008200274894383242, 11.51814494388263022, -6.056640950747333108 ) ) ;
#2502 = DIRECTION ( 'NONE',  ( 0.5000000000000029976, 0.0000000000000000000, 0.8660254037844369313 ) ) ;
#2503 = EDGE_LOOP ( 'NONE', ( #7259, #5345, #9414, #1261 ) ) ;
#2504 = CARTESIAN_POINT ( 'NONE',  ( 5.036640950747339751, 15.85147827721596414, -0.4082002748944045800 ) ) ;
#2505 = STYLED_ITEM ( 'NONE', ( #393 ), #9341 ) ;
#2506 = PRESENTATION_LAYER_ASSIGNMENT (  '', '', ( #8124 ) ) ;
#2507 = CARTESIAN_POINT ( 'NONE',  ( 7.008200274894408111, 13.49985476181183053, 9.183359049252660000 ) ) ;
#2508 = CARTESIAN_POINT ( 'NONE',  ( 3.156410161513773183, 0.8999999999999906963, 10.83000000000000007 ) ) ;
#2509 = CARTESIAN_POINT ( 'NONE',  ( 1.499999999999914957, 4.185714285714189131, 10.22000000000008235 ) ) ;
#2510 = EDGE_CURVE ( 'NONE', #4337, #352, #7839, .T. ) ;
#2511 = CIRCLE ( 'NONE', #8468, 3.350000000000000533 ) ;
#2512 = SURFACE_STYLE_USAGE ( .BOTH. , #2561 ) ;
#2513 = SURFACE_SIDE_STYLE ('',( #3113 ) ) ;
#2515 = ORIENTED_EDGE ( 'NONE', *, *, #3221, .T. ) ;
#2514 = CARTESIAN_POINT ( 'NONE',  ( 6.599999999999998757, 17.25698273513626546, 5.269999999999998685 ) ) ;
#2516 = CARTESIAN_POINT ( 'NONE',  ( 1.500000000000019096, 11.00000000000000000, 10.21999999999999886 ) ) ;
#2517 = ORIENTED_EDGE ( 'NONE', *, *, #3680, .F. ) ;
#2518 = ORIENTED_EDGE ( 'NONE', *, *, #8109, .F. ) ;
#2519 = FACE_OUTER_BOUND ( 'NONE', #3987, .T. ) ;
#2520 = B_SPLINE_CURVE_WITH_KNOTS ( 'NONE', 3,
 ( #1326, #4829, #618, #2998, #8004, #3819, #9598, #7040, #8050, #2286, #669, #714, #7239 ),
 .UNSPECIFIED., .F., .F.,
 ( 4, 2, 2, 1, 2, 2, 4 ),
 ( 0.0000000000000000000, 0.2499999999999756861, 0.3749999999999630851, 0.4374999999999572564, 0.4687499999999668598, 0.4999999999999764633, 1.000000000000000000 ),
 .UNSPECIFIED. ) ;
#2521 =( NAMED_UNIT ( * ) PLANE_ANGLE_UNIT ( ) SI_UNIT ( $, .RADIAN. ) );
#2522 = DIRECTION ( 'NONE',  ( 0.0000000000000000000, -1.000000000000000000, 0.0000000000000000000 ) ) ;
#2523 = LINE ( 'NONE', #8905, #7918 ) ;
#2524 = CARTESIAN_POINT ( 'NONE',  ( 6.199999999999999289, 17.94999999999089724, -9.886761713732742152 ) ) ;
#2525 =( GEOMETRIC_REPRESENTATION_CONTEXT ( 3 ) GLOBAL_UNCERTAINTY_ASSIGNED_CONTEXT ( ( #2985 ) ) GLOBAL_UNIT_ASSIGNED_CONTEXT ( ( #7036, #10127, #8579 ) ) REPRESENTATION_CONTEXT ( 'NONE', 'WORKASPACE' ) );
#2527 = ORIENTED_EDGE ( 'NONE', *, *, #6850, .F. ) ;
#2526 = CARTESIAN_POINT ( 'NONE',  ( 5.432355715851496569, 14.10472206898996994, -0.3048773204057771968 ) ) ;
#2528 = CARTESIAN_POINT ( 'NONE',  ( 7.008200274894393900, 11.20818809514516445, -9.183359049252665329 ) ) ;
#2529 = ORIENTED_EDGE ( 'NONE', *, *, #1955, .F. ) ;
#2530 = CARTESIAN_POINT ( 'NONE',  ( 5.783056366656098568, 16.45564494388264620, -6.226020063032071228 ) ) ;
#2531 = LINE ( 'NONE', #4045, #685 ) ;
#2532 = CARTESIAN_POINT ( 'NONE',  ( 6.599999999999999645, 16.94999999999999929, 1.563359049252670774 ) ) ;
#2533 = CARTESIAN_POINT ( 'NONE',  ( 5.036640950747344192, 14.37485476181183408, 8.028200274894411237 ) ) ;
#2534 = CARTESIAN_POINT ( 'NONE',  ( 7.695910417005329407, 11.04085490896459909, 8.734388672331677483 ) ) ;
#2535 = EDGE_CURVE ( 'NONE', #3111, #8778, #3865, .T. ) ;
#2536 = ORIENTED_EDGE ( 'NONE', *, *, #7459, .F. ) ;
#2537 = CARTESIAN_POINT ( 'NONE',  ( 7.008200274894370807, 13.99985476181183230, -6.056640950747321561 ) ) ;
#2538 = CARTESIAN_POINT ( 'NONE',  ( 6.200000000000330580, 18.71710165481654187, 9.810513436903539386 ) ) ;
#2539 = CARTESIAN_POINT ( 'NONE',  ( 7.641138122682932021, 16.33388873565662891, 0.6097546408115694927 ) ) ;
#2540 = SURFACE_STYLE_USAGE ( .BOTH. , #7494 ) ;
#2541 = CARTESIAN_POINT ( 'NONE',  ( 8.437868101441511115, 21.70000000000000284, -5.169470081551662766 ) ) ;
#2542 = CARTESIAN_POINT ( 'NONE',  ( 6.191799725105581409, 13.24985476181182875, -1.563359049252657673 ) ) ;
#2543 = DIRECTION ( 'NONE',  ( -0.0000000000000000000, -1.000000000000000000, -0.0000000000000000000 ) ) ;
#2544 = FACE_OUTER_BOUND ( 'NONE', #8172, .T. ) ;
#2545 = DIRECTION ( 'NONE',  ( -3.224183510962218928E-16, 1.000000000000000000, 1.074727836987408249E-15 ) ) ;
#2546 = EDGE_CURVE ( 'NONE', #7005, #2193, #5466, .T. ) ;
#2547 = DIRECTION ( 'NONE',  ( -1.000000000000000000, -0.0000000000000000000, -0.0000000000000000000 ) ) ;
#2548 = EDGE_CURVE ( 'NONE', #7077, #4082, #1472, .T. ) ;
#2549 = FACE_OUTER_BOUND ( 'NONE', #6636, .T. ) ;
#2550 = VERTEX_POINT ( 'NONE', #4666 ) ;
#2551 = CARTESIAN_POINT ( 'NONE',  ( 7.416400549788795260, 11.03897827721596769, -6.226020063032073892 ) ) ;
#2552 = LINE ( 'NONE', #880, #6421 ) ;
#2553 = DIRECTION ( 'NONE',  ( 0.0000000000000000000, -1.000000000000000000, -1.215927670077199944E-16 ) ) ;
#2554 = CARTESIAN_POINT ( 'NONE',  ( 8.163359049252662203, 16.10147827721596414, 0.4082002748943936443 ) ) ;
#2555 = CARTESIAN_POINT ( 'NONE',  ( 7.008200274894411663, 12.70818809514516801, 6.056640950747344654 ) ) ;
#2556 = EDGE_CURVE ( 'NONE', #3774, #10455, #7734, .T. ) ;
#2557 = FACE_OUTER_BOUND ( 'NONE', #7352, .T. ) ;
#2558 = FACE_OUTER_BOUND ( 'NONE', #4797, .T. ) ;
#2559 = CARTESIAN_POINT ( 'NONE',  ( 3.249999999999999556, 17.19999999999999929, -7.619999999999995666 ) ) ;
#2560 = VERTEX_POINT ( 'NONE', #7138 ) ;
#2561 = SURFACE_SIDE_STYLE ('',( #9813 ) ) ;
#2562 = CARTESIAN_POINT ( 'NONE',  ( 7.949999999999998401, 21.39999999999999858, -11.43000000000000504 ) ) ;
#2564 = ORIENTED_EDGE ( 'NONE', *, *, #6268, .T. ) ;
#2563 = CARTESIAN_POINT ( 'NONE',  ( 5.206020063032072542, 11.39568809514516623, 0.8164005497888000562 ) ) ;
#2565 = DIRECTION ( 'NONE',  ( 0.0000000000000000000, -1.000000000000000000, 0.0000000000000000000 ) ) ;
#2566 = SURFACE_STYLE_USAGE ( .BOTH. , #8273 ) ;
#2567 = PRESENTATION_STYLE_ASSIGNMENT (( #955 ) ) ;
#2568 = EDGE_CURVE ( 'NONE', #3836, #676, #1259, .T. ) ;
#2569 = FILL_AREA_STYLE_COLOUR ( '', #4333 ) ;
#2570 = CARTESIAN_POINT ( 'NONE',  ( 8.299999999999998934, -3.750000000000000000, -7.120000000000000107 ) ) ;
#2571 = DIRECTION ( 'NONE',  ( -0.0000000000000000000, 0.0000000000000000000, 1.000000000000000000 ) ) ;
#2573 = ORIENTED_EDGE ( 'NONE', *, *, #8279, .T. ) ;
#2572 = CARTESIAN_POINT ( 'NONE',  ( 5.206020063032084977, 13.89568809514516623, 0.8164005497888127127 ) ) ;
#2574 = CARTESIAN_POINT ( 'NONE',  ( 6.191799725105599173, 10.97647827721596414, -6.056640950747336660 ) ) ;
#2575 = VERTEX_POINT ( 'NONE', #9593 ) ;
#2576 = CARTESIAN_POINT ( 'NONE',  ( 8.249440378355679115, 21.48113606061768266, -4.704207337320635673 ) ) ;
#2577 = DIRECTION ( 'NONE',  ( 0.0000000000000000000, -1.000000000000000000, 0.0000000000000000000 ) ) ;
#2578 = DIRECTION ( 'NONE',  ( 0.0000000000000000000, -0.9975640502596174741, -0.06975647374708136839 ) ) ;
#2579 = CARTESIAN_POINT ( 'NONE',  ( 7.000000000000000000, 17.94999999999999929, -1.219999999999999973 ) ) ;
#2580 = EDGE_CURVE ( 'NONE', #1067, #3355, #9106, .T. ) ;
#2581 = VECTOR ( 'NONE', #5818, 1000.000000000000000 ) ;
#2582 = CARTESIAN_POINT ( 'NONE',  ( 7.641138122682934686, 14.33388873565663602, 8.229754640811563604 ) ) ;
#2583 = CARTESIAN_POINT ( 'NONE',  ( 5.783599450211219128, 11.43735476181183230, 9.013979936967928097 ) ) ;
#2584 = ORIENTED_EDGE ( 'NONE', *, *, #5760, .F. ) ;
#2585 = VECTOR ( 'NONE', #10235, 1000.000000000000000 ) ;
#2586 = CARTESIAN_POINT ( 'NONE',  ( 8.163359049252656874, 13.08318809514516445, -7.211799725105595193 ) ) ;
#2587 = CARTESIAN_POINT ( 'NONE',  ( 8.042561105189653503, 21.39999999999999858, -4.596505753636366265 ) ) ;
#2588 = DIRECTION ( 'NONE',  ( -0.2873478855663449405, 1.122048803180699377E-15, -0.9578262852211515410 ) ) ;
#2589 = CARTESIAN_POINT ( 'NONE',  ( 6.295122679594196136, 14.02138873565663424, -8.787644284148495188 ) ) ;
#2590 = FACE_OUTER_BOUND ( 'NONE', #3657, .T. ) ;
#2591 = CARTESIAN_POINT ( 'NONE',  ( 7.949999999999998401, 21.69999999999999929, 7.620000000000000107 ) ) ;
#2592 = CARTESIAN_POINT ( 'NONE',  ( 8.163359049252660427, 13.10147827721596947, 0.4082002748944064119 ) ) ;
#2593 = DIRECTION ( 'NONE',  ( -8.185976218434330542E-17, 1.000000000000000000, 0.0000000000000000000 ) ) ;
#2594 = CARTESIAN_POINT ( 'NONE',  ( 7.500000000000000888, -4.750000000000009770, 9.695000000000000284 ) ) ;
#2595 = SURFACE_SIDE_STYLE ('',( #8991 ) ) ;
#2596 = CARTESIAN_POINT ( 'NONE',  ( 6.599999999999998757, 16.97902142847850016, -6.056640950747330443 ) ) ;
#2597 = CARTESIAN_POINT ( 'NONE',  ( 1.900000000000001688, 17.25000000000000355, 9.969999999999998863 ) ) ;
#2598 = CARTESIAN_POINT ( 'NONE',  ( 5.783056366656098568, 16.93735476181180033, 9.013979936967929874 ) ) ;
#2599 = VERTEX_POINT ( 'NONE', #665 ) ;
#2600 = CARTESIAN_POINT ( 'NONE',  ( 5.036640950747339751, 11.35147827721596769, -8.028200274894400579 ) ) ;
#2601 = CARTESIAN_POINT ( 'NONE',  ( 11.29999999999999893, 17.25000000000000355, -9.969999999999998863 ) ) ;
#2602 = CLOSED_SHELL ( 'NONE', ( #6221, #7972, #5886, #8693 ) ) ;
#2603 = DIRECTION ( 'NONE',  ( 0.0000000000000000000, 0.7071067811865480168, -0.7071067811865470176 ) ) ;
#2604 = CARTESIAN_POINT ( 'NONE',  ( 3.745223323373334079, 21.70000000000000284, -8.730476818936121930 ) ) ;
#2605 = CARTESIAN_POINT ( 'NONE',  ( 7.008200274894395676, 16.49985476181183230, 1.563359049252663446 ) ) ;
#2606 = VECTOR ( 'NONE', #2356, 1000.000000000000000 ) ;
#2607 = EDGE_CURVE ( 'NONE', #8964, #4891, #453, .T. ) ;
#2608 = CARTESIAN_POINT ( 'NONE',  ( 5.036640950747334422, 12.87485476181183053, 8.028200274894386368 ) ) ;
#2609 = CARTESIAN_POINT ( 'NONE',  ( 7.500000000000000000, 1.549999999999990052, -5.544999999999999929 ) ) ;
#2610 = CARTESIAN_POINT ( 'NONE',  ( 6.599999999999997868, 16.94999999999999929, 5.570000000000000284 ) ) ;
#2611 =( LENGTH_UNIT ( ) NAMED_UNIT ( * ) SI_UNIT ( .MILLI., .METRE. ) );
#2612 = EDGE_CURVE ( 'NONE', #10167, #1428, #8202, .T. ) ;
#2613 =( LENGTH_UNIT ( ) NAMED_UNIT ( * ) SI_UNIT ( .MILLI., .METRE. ) );
#2614 = VERTEX_POINT ( 'NONE', #4824 ) ;
#2615 = CARTESIAN_POINT ( 'NONE',  ( 7.500000000000000000, 0.9000000000000101252, -6.819999999999978968 ) ) ;
#2616 = EDGE_CURVE ( 'NONE', #10234, #469, #10188, .T. ) ;
#2617 =( BOUNDED_SURFACE ( )  B_SPLINE_SURFACE ( 3, 3, ( 
 ( #6007, #8449, #9355, #3895 ),
 ( #8614, #2204, #4468, #2152 ),
 ( #585, #8768, #2039, #5326 ),
 ( #7697, #366, #4587, #8717 ) ),
 .UNSPECIFIED., .F., .F., .F. ) 
 B_SPLINE_SURFACE_WITH_KNOTS ( ( 4, 4 ),
 ( 4, 4 ),
 ( 0.0000000000000000000, 1.000000000000000000 ),
 ( 0.0000000000000000000, 1.000000000000000000 ),
 .UNSPECIFIED. ) 
 GEOMETRIC_REPRESENTATION_ITEM ( )  RATIONAL_B_SPLINE_SURFACE ( (
 ( 1.000000000000000000, 0.3333333333333334259, 0.3333333333333334259, 1.000000000000000000),
 ( 0.8047378541243649375, 0.2682459513747884050, 0.2682459513747884050, 0.8047378541243649375),
 ( 0.8047378541243649375, 0.2682459513747884050, 0.2682459513747884050, 0.8047378541243649375),
 ( 1.000000000000000000, 0.3333333333333334259, 0.3333333333333334259, 1.000000000000000000) ) ) 
 REPRESENTATION_ITEM ( '' )  SURFACE ( )  );
#2618 = CARTESIAN_POINT ( 'NONE',  ( 6.600000000000000533, 16.94999999999999574, 9.669999999999992824 ) ) ;
#2619 = AXIS2_PLACEMENT_3D ( 'NONE', #8903, #9615, #10460 ) ;
#2620 = FACE_OUTER_BOUND ( 'NONE', #3561, .T. ) ;
#2621 = VECTOR ( 'NONE', #9336, 1000.000000000000000 ) ;
#2622 = SURFACE_SIDE_STYLE ('',( #9921 ) ) ;
#2623 = SURFACE_SIDE_STYLE ('',( #3336 ) ) ;
#2624 = AXIS2_PLACEMENT_3D ( 'NONE', #6905, #10157, #2863 ) ;
#2625 = PRESENTATION_LAYER_ASSIGNMENT (  '', '', ( #2275 ) ) ;
#2626 = FACE_OUTER_BOUND ( 'NONE', #997, .T. ) ;
#2628 = ORIENTED_EDGE ( 'NONE', *, *, #8932, .T. ) ;
#2627 = CARTESIAN_POINT ( 'NONE',  ( 7.767644284148500056, 13.35472206898996816, 0.3048773204057918518 ) ) ;
#2629 = CARTESIAN_POINT ( 'NONE',  ( 7.702110499919415432, 11.04129925530718914, -6.511730013162687847 ) ) ;
#2630 = ORIENTED_EDGE ( 'NONE', *, *, #4888, .T. ) ;
#2631 = CARTESIAN_POINT ( 'NONE',  ( 5.036640950747337087, 16.39314494388262844, -7.211799725105602299 ) ) ;
#2632 = AXIS2_PLACEMENT_3D ( 'NONE', #7158, #4250, #1445 ) ;
#2633 = DIRECTION ( 'NONE',  ( 0.0000000000000000000, -0.0000000000000000000, 1.000000000000000000 ) ) ;
#2634 = CARTESIAN_POINT ( 'NONE',  ( 7.949999999999994849, 21.69999999999999929, -4.885041133764529420 ) ) ;
#2635 = CARTESIAN_POINT ( 'NONE',  ( 6.999999999998820499, 18.72743090741203176, 9.799469421719244622 ) ) ;
#2636 = DIRECTION ( 'NONE',  ( 1.000000000000000000, 0.0000000000000000000, -0.0000000000000000000 ) ) ;
#2637 = AXIS2_PLACEMENT_3D ( 'NONE', #5957, #5163, #8385 ) ;
#2638 = CARTESIAN_POINT ( 'NONE',  ( 6.295122679594196136, 14.02138873565663424, 6.452355715851506801 ) ) ;
#2639 = CARTESIAN_POINT ( 'NONE',  ( 9.224999999999999645, 0.8999999999999920286, 10.83000000000000007 ) ) ;
#2640 =( GEOMETRIC_REPRESENTATION_CONTEXT ( 3 ) GLOBAL_UNCERTAINTY_ASSIGNED_CONTEXT ( ( #3246 ) ) GLOBAL_UNIT_ASSIGNED_CONTEXT ( ( #2228, #10288, #3814 ) ) REPRESENTATION_CONTEXT ( 'NONE', 'WORKASPACE' ) );
#2641 = EDGE_LOOP ( 'NONE', ( #2630, #3115, #8632, #6232 ) ) ;
#2642 = VECTOR ( 'NONE', #7966, 1000.000000000000000 ) ;
#2643 = CARTESIAN_POINT ( 'NONE',  ( 6.199999999999999289, 18.66802573438566171, 9.835759006795315784 ) ) ;
#2644 = ADVANCED_FACE ( 'NONE', ( #122 ), #4993, .T. ) ;
#2645 = ORIENTED_EDGE ( 'NONE', *, *, #6438, .T. ) ;
#2646 = CARTESIAN_POINT ( 'NONE',  ( 7.209754640811574689, 16.45888873565663246, -1.041138122682927047 ) ) ;
#2647 = VECTOR ( 'NONE', #2198, 1000.000000000000000 ) ;
#2648 = CARTESIAN_POINT ( 'NONE',  ( 6.295122679594205906, 14.22972206898996639, -6.452355715851504137 ) ) ;
#2649 = CARTESIAN_POINT ( 'NONE',  ( 8.250000000000000000, 17.19999999999999929, 11.42999999999999972 ) ) ;
#2650 = CARTESIAN_POINT ( 'NONE',  ( 7.416400549788803254, 12.02068809514516801, 1.393979936967922439 ) ) ;
#2651 = DIRECTION ( 'NONE',  ( 0.0000000000000000000, -0.1961161351381840445, 0.9805806756909202226 ) ) ;
#2652 = DIRECTION ( 'NONE',  ( -1.000000000000000000, -0.0000000000000000000, 0.0000000000000000000 ) ) ;
#2653 = COLOUR_RGB ( '',0.2862745098039215508, 0.6431372549019607199, 0.8666666666666666963 ) ;
#2654 = FILL_AREA_STYLE ('',( #9200 ) ) ;
#2655 = MECHANICAL_DESIGN_GEOMETRIC_PRESENTATION_REPRESENTATION (  '', ( #3868 ), #5568 ) ;
#2656 = PLANE ( 'NONE',  #5838 ) ;
#2657 = CARTESIAN_POINT ( 'NONE',  ( 9.224999999999999645, 0.8999999999999920286, -12.02999999999999936 ) ) ;
#2658 =( NAMED_UNIT ( * ) SI_UNIT ( $, .STERADIAN. ) SOLID_ANGLE_UNIT ( ) );
#2659 = ORIENTED_EDGE ( 'NONE', *, *, #6327, .T. ) ;
#2660 = CARTESIAN_POINT ( 'NONE',  ( 7.008200274894382353, 14.72647827721596592, -9.183359049252668882 ) ) ;
#2661 = DIRECTION ( 'NONE',  ( 0.0000000000000000000, 0.0000000000000000000, 1.000000000000000000 ) ) ;
#2662 = STYLED_ITEM ( 'NONE', ( #3205 ), #6026 ) ;
#2663 = CONICAL_SURFACE ( 'NONE', #7757, 2.500000000046293192, 1.339705659604068844 ) ;
#2664 = AXIS2_PLACEMENT_3D ( 'NONE', #9923, #8329, #6040 ) ;
#2665 = FILL_AREA_STYLE_COLOUR ( '', #5215 ) ;
#2666 = CARTESIAN_POINT ( 'NONE',  ( 7.993979936967921418, 14.58064494388262844, 0.8164005497888040530 ) ) ;
#2667 = CARTESIAN_POINT ( 'NONE',  ( 6.191799725105618712, 12.45818809514516801, 9.183359049252670658 ) ) ;
#2668 = CARTESIAN_POINT ( 'NONE',  ( 5.210948898480962654, 21.70000000000000639, -10.53134150105611511 ) ) ;
#2669 = DIRECTION ( 'NONE',  ( -0.0000000000000000000, -1.000000000000000000, 0.0000000000000000000 ) ) ;
#2670 = EDGE_CURVE ( 'NONE', #6185, #4029, #3459, .T. ) ;
#2671 = ORIENTED_EDGE ( 'NONE', *, *, #8737, .F. ) ;
#2672 = CARTESIAN_POINT ( 'NONE',  ( 11.82124355652980086, 8.199999999999999289, -12.02999999999999758 ) ) ;
#2673 = AXIS2_PLACEMENT_3D ( 'NONE', #2993, #1258, #2833 ) ;
#2674 = CARTESIAN_POINT ( 'NONE',  ( 4.446639224109238064, 21.69999999999999929, 9.784499366080968485 ) ) ;
#2675 = ORIENTED_EDGE ( 'NONE', *, *, #1439, .T. ) ;
#2676 = VECTOR ( 'NONE', #4770, 1000.000000000000000 ) ;
#2677 = CARTESIAN_POINT ( 'NONE',  ( 5.783599450211187154, 11.27068809514516623, -9.013979936967913886 ) ) ;
#2678 = CARTESIAN_POINT ( 'NONE',  ( 7.000000000000000000, 18.65697564738296776, -2.216544185266136946 ) ) ;
#2679 = CARTESIAN_POINT ( 'NONE',  ( 6.599999999999999645, 21.39999999999999858, -7.620000000000000107 ) ) ;
#2680 = EDGE_CURVE ( 'NONE', #3468, #7784, #65, .T. ) ;
#2681 = VECTOR ( 'NONE', #1085, 1000.000000000000000 ) ;
#2682 = FACE_OUTER_BOUND ( 'NONE', #1188, .T. ) ;
#2683 = PRESENTATION_LAYER_ASSIGNMENT (  '', '', ( #4901 ) ) ;
#2684 = FACE_OUTER_BOUND ( 'NONE', #7840, .T. ) ;
#2685 = ADVANCED_FACE ( 'NONE', ( #1568 ), #7460, .T. ) ;
#2686 = CARTESIAN_POINT ( 'NONE',  ( 6.999999999998820499, 18.72026795797129139, -5.431619538954274518 ) ) ;
#2688 = ORIENTED_EDGE ( 'NONE', *, *, #2740, .F. ) ;
#2687 = CARTESIAN_POINT ( 'NONE',  ( 5.558861877317073485, 13.08388873565663069, -0.6097546408115792627 ) ) ;
#2689 = CARTESIAN_POINT ( 'NONE',  ( 7.767644284148502720, 16.39638873565663246, -7.924877320405789405 ) ) ;
#2690 = CARTESIAN_POINT ( 'NONE',  ( 6.999999999998820499, 18.72026795797128784, 9.808380461045725696 ) ) ;
#2691 = PRESENTATION_STYLE_ASSIGNMENT (( #2850 ) ) ;
#2692 = CARTESIAN_POINT ( 'NONE',  ( 7.008200274894408111, 14.70818809514516090, 6.056640950747341989 ) ) ;
#2693 = LINE ( 'NONE', #9836, #3167 ) ;
#2694 = LINE ( 'NONE', #4264, #2764 ) ;
#2695 = AXIS2_PLACEMENT_3D ( 'NONE', #555, #2186, #7788 ) ;
#2696 = VERTEX_POINT ( 'NONE', #5142 ) ;
#2697 = ORIENTED_EDGE ( 'NONE', *, *, #8805, .T. ) ;
#2698 = VERTEX_POINT ( 'NONE', #4282 ) ;
#2699 = CARTESIAN_POINT ( 'NONE',  ( 7.993979936967930300, 15.56235476181183230, 0.8164005497887782958 ) ) ;
#2700 = CARTESIAN_POINT ( 'NONE',  ( 7.993979936967932076, 14.56235476181183408, -6.803599450211222255 ) ) ;
#2701 = CARTESIAN_POINT ( 'NONE',  ( 6.600000000000000533, 16.94999999999999574, 9.669999999999992824 ) ) ;
#2702 = LINE ( 'NONE', #1131, #1948 ) ;
#2703 = CARTESIAN_POINT ( 'NONE',  ( 7.008200274894411663, 12.22647827721596947, -1.563359049252658117 ) ) ;
#2704 = SURFACE_SIDE_STYLE ('',( #10002 ) ) ;
#2705 = DIRECTION ( 'NONE',  ( 0.0000000000000000000, 1.000000000000000000, 0.0000000000000000000 ) ) ;
#2706 = CARTESIAN_POINT ( 'NONE',  ( -2.343612925123338501E-15, 10.99999999999999467, 4.570000000000008278 ) ) ;
#2707 = EDGE_CURVE ( 'NONE', #3749, #2575, #6081, .T. ) ;
#2708 = LINE ( 'NONE', #3689, #1623 ) ;
#2709 = CARTESIAN_POINT ( 'NONE',  ( 5.206020063032066325, 15.89568809514516090, 8.436400549788780623 ) ) ;
#2710 = ORIENTED_EDGE ( 'NONE', *, *, #2368, .T. ) ;
#2711 = CARTESIAN_POINT ( 'NONE',  ( 6.191799725105591179, 15.45818809514516801, -6.056640950747342877 ) ) ;
#2712 = CARTESIAN_POINT ( 'NONE',  ( 4.025000000000000355, 16.30000000000000071, 3.209999999999999964 ) ) ;
#2713 = ORIENTED_EDGE ( 'NONE', *, *, #828, .F. ) ;
#2714 = UNCERTAINTY_MEASURE_WITH_UNIT (LENGTH_MEASURE( 1.000000000000000082E-05 ), #961, 'distance_accuracy_value', 'NONE');
#2715 =( NAMED_UNIT ( * ) PLANE_ANGLE_UNIT ( ) SI_UNIT ( $, .RADIAN. ) );
#2716 = CARTESIAN_POINT ( 'NONE',  ( 7.500000000000000888, -4.750000000000009770, -5.544999999999999929 ) ) ;
#2717 = LINE ( 'NONE', #7509, #4717 ) ;
#2718 = EDGE_LOOP ( 'NONE', ( #8162, #3617, #8594, #720 ) ) ;
#2719 = CARTESIAN_POINT ( 'NONE',  ( 7.008200274894371695, 15.22647827721596592, -1.563359049252673438 ) ) ;
#2720 = CARTESIAN_POINT ( 'NONE',  ( 7.993979936967921418, 11.66397827721596769, 6.803599450211191169 ) ) ;
#2721 = CARTESIAN_POINT ( 'NONE',  ( 6.600000000000000533, 17.25000000000000000, -9.969999999999998863 ) ) ;
#2722 =( LENGTH_UNIT ( ) NAMED_UNIT ( * ) SI_UNIT ( .MILLI., .METRE. ) );
#2723 = VERTEX_POINT ( 'NONE', #8315 ) ;
#2724 = DIRECTION ( 'NONE',  ( -1.000000000000000000, 0.0000000000000000000, -1.224646799147353207E-16 ) ) ;
#2725 = ORIENTED_EDGE ( 'NONE', *, *, #8234, .F. ) ;
#2726 = PRESENTATION_STYLE_ASSIGNMENT (( #4395 ) ) ;
#2727 = ORIENTED_EDGE ( 'NONE', *, *, #8109, .T. ) ;
#2728 = CARTESIAN_POINT ( 'NONE',  ( 7.641138122682935574, 11.33388873565663602, -7.010245359188446379 ) ) ;
#2729 = CARTESIAN_POINT ( 'NONE',  ( 4.949999999999999289, 17.19999999999999929, 11.43000000000000149 ) ) ;
#2730 = DIRECTION ( 'NONE',  ( 0.0000000000000000000, -0.0000000000000000000, -1.000000000000000000 ) ) ;
#2731 = CARTESIAN_POINT ( 'NONE',  ( 7.000000000000000888, 18.75000000000000000, -5.504900159113811142 ) ) ;
#2733 = ORIENTED_EDGE ( 'NONE', *, *, #5455, .T. ) ;
#2732 = CARTESIAN_POINT ( 'NONE',  ( 7.209754640811554260, 13.29222206898996639, 1.041138122682934153 ) ) ;
#2734 = EDGE_CURVE ( 'NONE', #7005, #604, #4710, .T. ) ;
#2735 = EDGE_LOOP ( 'NONE', ( #4734, #2350, #4347 ) ) ;
#2736 = CARTESIAN_POINT ( 'NONE',  ( 8.163359049252660427, 16.12485476181182875, -8.028200274894407684 ) ) ;
#2737 = PRESENTATION_STYLE_ASSIGNMENT (( #10033 ) ) ;
#2738 = CARTESIAN_POINT ( 'NONE',  ( -1.734723475976807094E-15, 2.649999999999989253, 4.569999999999998508 ) ) ;
#2739 = CARTESIAN_POINT ( 'NONE',  ( 7.416400549788779273, 14.20564494388263377, 6.226020063032069451 ) ) ;
#2740 = EDGE_CURVE ( 'NONE', #6778, #2032, #2717, .T. ) ;
#2741 = ADVANCED_FACE ( 'NONE', ( #10013 ), #402, .T. ) ;
#2742 = CARTESIAN_POINT ( 'NONE',  ( 8.163359049252672861, 13.12485476181183230, 7.211799725105622727 ) ) ;
#2743 = CARTESIAN_POINT ( 'NONE',  ( 6.237086085741295527, 18.65697564737531167, 5.397082634001925783 ) ) ;
#2744 = FILL_AREA_STYLE ('',( #1829 ) ) ;
#2745 = ORIENTED_EDGE ( 'NONE', *, *, #506, .T. ) ;
#2746 = ORIENTED_EDGE ( 'NONE', *, *, #8154, .T. ) ;
#2747 = CARTESIAN_POINT ( 'NONE',  ( 5.036640950747337975, 12.83318809514516268, -8.028200274894405908 ) ) ;
#2748 = SURFACE_STYLE_FILL_AREA ( #3673 ) ;
#2749 = CARTESIAN_POINT ( 'NONE',  ( 6.904877320405788055, 16.27138873565663957, 1.167644284148498857 ) ) ;
#2750 = VECTOR ( 'NONE', #8963, 1000.000000000000000 ) ;
#2751 = CARTESIAN_POINT ( 'NONE',  ( 7.416400549788780161, 13.68735476181183053, -9.013979936967931650 ) ) ;
#2752 = CARTESIAN_POINT ( 'NONE',  ( 7.500000000000000000, 0.9000000000000102363, -4.410000000000000142 ) ) ;
#2753 = EDGE_CURVE ( 'NONE', #7048, #4798, #5240, .T. ) ;
#2754 = CARTESIAN_POINT ( 'NONE',  ( 5.036640950747334422, 12.39314494388263199, 0.4082002748943829862 ) ) ;
#2755 = CARTESIAN_POINT ( 'NONE',  ( 6.599999999999999645, 17.02352941176470580, -7.620000000000000107 ) ) ;
#2756 = EDGE_CURVE ( 'NONE', #4159, #6446, #9026, .T. ) ;
#2757 = CARTESIAN_POINT ( 'NONE',  ( 6.599999999999999645, 16.94999999999424745, -7.620000000000000107 ) ) ;
#2758 = CARTESIAN_POINT ( 'NONE',  ( 12.09999999999999964, 10.55000000000000071, 11.42999999999999972 ) ) ;
#2759 = CARTESIAN_POINT ( 'NONE',  ( 6.599999999999999645, 17.94999999998481144, 7.620000000000000107 ) ) ;
#2760 = VECTOR ( 'NONE', #6394, 1000.000000000000000 ) ;
#2761 = FACE_OUTER_BOUND ( 'NONE', #8017, .T. ) ;
#2762 = CARTESIAN_POINT ( 'NONE',  ( 7.416400549788780161, 16.18735476181183586, 6.226020063032066787 ) ) ;
#2763 = EDGE_LOOP ( 'NONE', ( #6540, #4358, #7454, #9363 ) ) ;
#2764 = VECTOR ( 'NONE', #9293, 1000.000000000000000 ) ;
#2765 = CARTESIAN_POINT ( 'NONE',  ( 7.993979936967921418, 14.16397827721596592, -8.436400549788809045 ) ) ;
#2766 = FILL_AREA_STYLE ('',( #2002 ) ) ;
#2767 = CARTESIAN_POINT ( 'NONE',  ( 9.224999999999999645, 0.8999999999999920286, 10.83000000000000007 ) ) ;
#2768 = CARTESIAN_POINT ( 'NONE',  ( 10.97482679280570572, 21.57573593128807588, 9.244459855567484396 ) ) ;
#2769 = B_SPLINE_CURVE_WITH_KNOTS ( 'NONE', 3,
 ( #1095, #4555, #2932, #292, #9427, #10183, #3643, #7783, #4436, #5250, #450, #5981, #7718, #1958, #9215, #3595 ),
 .UNSPECIFIED., .F., .F.,
 ( 4, 3, 3, 3, 3, 4 ),
 ( 5.393846421840325449E-15, 3.323384349150983896E-05, 6.645056420407011708E-05, 9.993306315831491579E-05, 0.0001339503478118179785, 0.0001505948449504326890 ),
 .UNSPECIFIED. ) ;
#2770 = ORIENTED_EDGE ( 'NONE', *, *, #10520, .T. ) ;
#2771 = CARTESIAN_POINT ( 'NONE',  ( 6.191799725105589403, 15.24985476181183053, -1.563359049252658117 ) ) ;
#2772 = CARTESIAN_POINT ( 'NONE',  ( 7.008200274894401893, 11.72647827721596414, 6.056640950747341101 ) ) ;
#2773 = CARTESIAN_POINT ( 'NONE',  ( 11.29951261211627767, 17.26396121657888827, -9.969756306058137341 ) ) ;
#2774 = DIRECTION ( 'NONE',  ( -0.0000000000000000000, 0.0000000000000000000, 1.000000000000000000 ) ) ;
#2775 =( BOUNDED_CURVE ( )  B_SPLINE_CURVE ( 3, ( #8731, #3906, #3088, #1353 ),
 .UNSPECIFIED., .F., .T. ) 
 B_SPLINE_CURVE_WITH_KNOTS ( ( 4, 4 ),
 ( 0.0000000000000000000, 1.000000000000000000 ),
 .UNSPECIFIED. ) 
 CURVE ( )  GEOMETRIC_REPRESENTATION_ITEM ( )  RATIONAL_B_SPLINE_CURVE ( ( 1.000000000000000000, 0.4572150582541681385, 0.4572150582541681385, 1.000000000000000000 ) ) 
 REPRESENTATION_ITEM ( '' )  );
#2776 = CARTESIAN_POINT ( 'NONE',  ( 3.859744489010553892, 21.69999999999999218, 8.988833193786147646 ) ) ;
#2777 = ORIENTED_EDGE ( 'NONE', *, *, #3583, .T. ) ;
#2778 = DIRECTION ( 'NONE',  ( 0.0000000000000000000, 0.9805806756909201116, -0.1961161351381840168 ) ) ;
#2779 = CARTESIAN_POINT ( 'NONE',  ( 8.163359049252655097, 11.08318809514513248, -7.211799725105577430 ) ) ;
#2780 = CARTESIAN_POINT ( 'NONE',  ( 6.199999999999999289, 18.65697564738195879, -2.216544185263823241 ) ) ;
#2781 = FACE_OUTER_BOUND ( 'NONE', #706, .T. ) ;
#2782 = UNCERTAINTY_MEASURE_WITH_UNIT (LENGTH_MEASURE( 1.000000000000000082E-05 ), #8978, 'distance_accuracy_value', 'NONE');
#2783 = FILL_AREA_STYLE ('',( #6879 ) ) ;
#2785 = ORIENTED_EDGE ( 'NONE', *, *, #8845, .F. ) ;
#2784 = CARTESIAN_POINT ( 'NONE',  ( 6.295122679594205906, 12.72972206898996816, 1.167644284148497746 ) ) ;
#2786 = CARTESIAN_POINT ( 'NONE',  ( 6.904877320405788055, 16.27138873565663957, -6.452355715851500584 ) ) ;
#2787 = AXIS2_PLACEMENT_3D ( 'NONE', #894, #4143, #3490 ) ;
#2788 = VERTEX_POINT ( 'NONE', #3637 ) ;
#2789 = CARTESIAN_POINT ( 'NONE',  ( 7.993979936967924971, 16.08064494388263199, -6.803599450211207156 ) ) ;
#2790 = DIRECTION ( 'NONE',  ( 0.0000000000000000000, -1.000000000000000000, 0.0000000000000000000 ) ) ;
#2791 = PLANE ( 'NONE',  #4054 ) ;
#2792 = CARTESIAN_POINT ( 'NONE',  ( 5.036640950747324652, 14.87485476181182875, 8.028200274894368604 ) ) ;
#2793 = CARTESIAN_POINT ( 'NONE',  ( 11.69999999999999929, 0.8999999999999980238, -11.42999999999999972 ) ) ;
#2794 = COLOUR_RGB ( '',0.2862745098039215508, 0.6431372549019607199, 0.8666666666666666963 ) ;
#2795 = CARTESIAN_POINT ( 'NONE',  ( 5.990245359188432595, 13.04222206898996461, 6.578861877317070395 ) ) ;
#2796 = CARTESIAN_POINT ( 'NONE',  ( 0.4000000000000001332, 11.89999999999999858, -11.43000000000000149 ) ) ;
#2797 =( GEOMETRIC_REPRESENTATION_CONTEXT ( 3 ) GLOBAL_UNCERTAINTY_ASSIGNED_CONTEXT ( ( #7573 ) ) GLOBAL_UNIT_ASSIGNED_CONTEXT ( ( #6344, #2342, #1475 ) ) REPRESENTATION_CONTEXT ( 'NONE', 'WORKASPACE' ) );
#2798 = ORIENTED_EDGE ( 'NONE', *, *, #2838, .F. ) ;
#2799 = CARTESIAN_POINT ( 'NONE',  ( 6.191799725105587626, 12.26814494388263910, -9.183359049252658224 ) ) ;
#2800 = CARTESIAN_POINT ( 'NONE',  ( 6.599999999999999645, 17.94999999998481144, 0.0000000000000000000 ) ) ;
#2801 = EDGE_CURVE ( 'NONE', #8443, #7390, #7126, .T. ) ;
#2802 =( GEOMETRIC_REPRESENTATION_CONTEXT ( 3 ) GLOBAL_UNCERTAINTY_ASSIGNED_CONTEXT ( ( #9315 ) ) GLOBAL_UNIT_ASSIGNED_CONTEXT ( ( #10467, #3944, #4046 ) ) REPRESENTATION_CONTEXT ( 'NONE', 'WORKASPACE' ) );
#2803 = CARTESIAN_POINT ( 'NONE',  ( 5.990245359188429042, 16.20888873565663246, 1.041138122682929712 ) ) ;
#2804 = CARTESIAN_POINT ( 'NONE',  ( 7.416400549788803254, 14.18735476181183408, -9.013979936967919215 ) ) ;
#2805 = ORIENTED_EDGE ( 'NONE', *, *, #3334, .F. ) ;
#2806 = FILL_AREA_STYLE ('',( #8303 ) ) ;
#2807 = CARTESIAN_POINT ( 'NONE',  ( 7.416400549788779273, 12.52068809514516268, 1.393979936967932209 ) ) ;
#2808 =( NAMED_UNIT ( * ) SI_UNIT ( $, .STERADIAN. ) SOLID_ANGLE_UNIT ( ) );
#2809 = CARTESIAN_POINT ( 'NONE',  ( 5.432355715851494793, 16.14638873565663246, 7.924877320405773418 ) ) ;
#2810 = AXIS2_PLACEMENT_3D ( 'NONE', #2120, #3867, #7092 ) ;
#2811 = DIRECTION ( 'NONE',  ( 1.192092219436216154E-16, 0.2290393337206127755, -0.9734171683347371262 ) ) ;
#2812 = STYLED_ITEM ( 'NONE', ( #6886 ), #1029 ) ;
#2813 = ADVANCED_FACE ( 'NONE', ( #2107 ), #5397, .F. ) ;
#2814 = SURFACE_STYLE_FILL_AREA ( #1079 ) ;
#2815 = CARTESIAN_POINT ( 'NONE',  ( 5.206020063032074319, 16.33064494388263554, 6.803599450211208044 ) ) ;
#2816 = ORIENTED_EDGE ( 'NONE', *, *, #6397, .F. ) ;
#2817 = CIRCLE ( 'NONE', #2637, 0.2999999999999999334 ) ;
#2818 = CARTESIAN_POINT ( 'NONE',  ( 5.783599450211219128, 15.27068809514516445, -9.013979936967933426 ) ) ;
#2819 = DIRECTION ( 'NONE',  ( 1.000000000000000000, 0.0000000000000000000, -0.0000000000000000000 ) ) ;
#2820 = EDGE_CURVE ( 'NONE', #2289, #5063, #3800, .T. ) ;
#2821 = UNCERTAINTY_MEASURE_WITH_UNIT (LENGTH_MEASURE( 1.000000000000000082E-05 ), #173, 'distance_accuracy_value', 'NONE');
#2822 = CARTESIAN_POINT ( 'NONE',  ( 6.599999999999999645, 17.02352941176470580, 7.620000000000000107 ) ) ;
#2823 =( GEOMETRIC_REPRESENTATION_CONTEXT ( 3 ) GLOBAL_UNCERTAINTY_ASSIGNED_CONTEXT ( ( #5694 ) ) GLOBAL_UNIT_ASSIGNED_CONTEXT ( ( #3200, #1620, #1506 ) ) REPRESENTATION_CONTEXT ( 'NONE', 'WORKASPACE' ) );
#2824 = EDGE_LOOP ( 'NONE', ( #8625, #2871 ) ) ;
#2825 = VECTOR ( 'NONE', #5985, 1000.000000000000114 ) ;
#2826 = CARTESIAN_POINT ( 'NONE',  ( 5.036640950747340639, 15.39314494388263022, 0.4082002748944099646 ) ) ;
#2827 = VECTOR ( 'NONE', #3018, 1000.000000000000000 ) ;
#2828 = CARTESIAN_POINT ( 'NONE',  ( 5.036640950747339751, 11.35147827721596769, 7.211799725105601411 ) ) ;
#2829 = CARTESIAN_POINT ( 'NONE',  ( 8.250000000000000000, 21.69999999999999929, 2.915475947422649483 ) ) ;
#2830 = VECTOR ( 'NONE', #873, 1000.000000000000000 ) ;
#2831 = ORIENTED_EDGE ( 'NONE', *, *, #5086, .F. ) ;
#2832 = VECTOR ( 'NONE', #3864, 1000.000000000000114 ) ;
#2833 = DIRECTION ( 'NONE',  ( 0.0000000000000000000, 0.0000000000000000000, -1.000000000000000000 ) ) ;
#2834 = VERTEX_POINT ( 'NONE', #4651 ) ;
#2835 = CIRCLE ( 'NONE', #10332, 2.301783801071757285 ) ;
#2836 = VECTOR ( 'NONE', #4041, 1000.000000000000000 ) ;
#2837 = CARTESIAN_POINT ( 'NONE',  ( 12.59999999999999964, 0.0000000000000000000, 11.42999999999999972 ) ) ;
#2838 = EDGE_CURVE ( 'NONE', #3776, #1124, #3042, .T. ) ;
#2839 = CARTESIAN_POINT ( 'NONE',  ( -1.644969154380314398E-15, 11.00000000000000000, 10.67000000000003546 ) ) ;
#2840 = COLOUR_RGB ( '',0.2862745098039215508, 0.6431372549019607199, 0.8666666666666666963 ) ;
#2842 = VERTEX_POINT ( 'NONE', #8631 ) ;
#2841 = CARTESIAN_POINT ( 'NONE',  ( 5.990245359188441476, 12.70888873565663424, 1.041138122682936373 ) ) ;
#2843 = CARTESIAN_POINT ( 'NONE',  ( 5.783599450211191595, 16.27068809514516445, -9.013979936967922768 ) ) ;
#2844 = ORIENTED_EDGE ( 'NONE', *, *, #895, .T. ) ;
#2845 = CARTESIAN_POINT ( 'NONE',  ( 5.036640950747327317, 16.37485476181183230, -7.211799725105620951 ) ) ;
#2846 = CARTESIAN_POINT ( 'NONE',  ( 5.210948898480925351, 21.69999999999999929, 4.708658498943902870 ) ) ;
#2847 = PRESENTATION_STYLE_ASSIGNMENT (( #7852 ) ) ;
#2848 = CARTESIAN_POINT ( 'NONE',  ( 7.993979936967930300, 13.66397827721596769, 6.803599450211215149 ) ) ;
#2849 = CIRCLE ( 'NONE', #2163, 2.500000000000000444 ) ;
#2850 = SURFACE_STYLE_USAGE ( .BOTH. , #689 ) ;
#2851 = COLOUR_RGB ( '',0.2862745098039215508, 0.6431372549019607199, 0.8666666666666666963 ) ;
#2852 = CARTESIAN_POINT ( 'NONE',  ( 5.036640950747329981, 13.33318809514516445, 7.211799725105615622 ) ) ;
#2853 = ORIENTED_EDGE ( 'NONE', *, *, #6195, .T. ) ;
#2854 = EDGE_LOOP ( 'NONE', ( #3825, #3957, #10527, #8750, #2858, #10083, #4136, #1548, #4522, #9425, #4859, #3586, #181, #8591, #5601, #3009 ) ) ;
#2855 = DIRECTION ( 'NONE',  ( -0.0000000000000000000, -1.000000000000000000, -0.0000000000000000000 ) ) ;
#2856 = MECHANICAL_DESIGN_GEOMETRIC_PRESENTATION_REPRESENTATION (  '', ( #10177 ), #4941 ) ;
#2858 = ORIENTED_EDGE ( 'NONE', *, *, #42, .T. ) ;
#2857 = CARTESIAN_POINT ( 'NONE',  ( 7.008200274894408111, 16.20818809514516801, -1.563359049252658117 ) ) ;
#2859 = CARTESIAN_POINT ( 'NONE',  ( 6.904877320405796937, 12.47972206898996639, -8.787644284148498741 ) ) ;
#2860 = B_SPLINE_CURVE_WITH_KNOTS ( 'NONE', 3,
 ( #8396, #6012, #1883, #9946, #2865, #9358, #10004, #8455, #1072, #2043, #7758, #5329, #4370 ),
 .UNSPECIFIED., .F., .F.,
 ( 4, 2, 2, 1, 2, 2, 4 ),
 ( 0.0000000000000000000, 0.2499999999999879541, 0.3749999999999831246, 0.4374999999999851785, 0.4687499999999834577, 0.4999999999999816813, 1.000000000000000000 ),
 .UNSPECIFIED. ) ;
#2861 = CARTESIAN_POINT ( 'NONE',  ( 0.0000000000000000000, 21.69999999999999929, -11.42999999999999972 ) ) ;
#2862 = CARTESIAN_POINT ( 'NONE',  ( 5.783599450211176496, 12.77068809514516623, -1.393979936967909339 ) ) ;
#2863 = DIRECTION ( 'NONE',  ( -1.000000000000000000, 0.0000000000000000000, 0.0000000000000000000 ) ) ;
#2864 = CARTESIAN_POINT ( 'NONE',  ( 6.200000000001852918, 18.67036368809802127, 5.405337507203081593 ) ) ;
#2865 = CARTESIAN_POINT ( 'NONE',  ( 8.105115306234372596, 21.65729344253529476, 4.790663730764777917 ) ) ;
#2866 = CARTESIAN_POINT ( 'NONE',  ( 7.209754640811564919, 15.95888873565663424, 6.578861877317072171 ) ) ;
#2867 = EDGE_CURVE ( 'NONE', #6510, #7766, #4545, .T. ) ;
#2868 = FACE_OUTER_BOUND ( 'NONE', #3451, .T. ) ;
#2869 = CARTESIAN_POINT ( 'NONE',  ( 6.200000000000403411, 18.74040530735749499, -2.160094811668201942 ) ) ;
#2870 = CARTESIAN_POINT ( 'NONE',  ( 7.416400549788791707, 16.03897827721596414, 9.013979936967926321 ) ) ;
#2871 = ORIENTED_EDGE ( 'NONE', *, *, #5264, .T. ) ;
#2872 = CARTESIAN_POINT ( 'NONE',  ( 5.206020063032067213, 14.41397827721596592, -6.803599450211219590 ) ) ;
#2873 = LINE ( 'NONE', #6126, #1932 ) ;
#2874 = ORIENTED_EDGE ( 'NONE', *, *, #7095, .T. ) ;
#2875 = SURFACE_SIDE_STYLE ('',( #7466 ) ) ;
#2876 = PLANE ( 'NONE',  #8640 ) ;
#2877 = DIRECTION ( 'NONE',  ( 1.000000000000000000, 0.0000000000000000000, -0.0000000000000000000 ) ) ;
#2878 = ORIENTED_EDGE ( 'NONE', *, *, #5060, .F. ) ;
#2879 = CARTESIAN_POINT ( 'NONE',  ( 7.008200274894384130, 15.01814494388262666, 1.563359049252667443 ) ) ;
#2880 = ADVANCED_FACE ( 'NONE', ( #2923 ), #4412, .T. ) ;
#2881 = CARTESIAN_POINT ( 'NONE',  ( 6.191799725105594732, 11.47647827721596414, 9.183359049252660000 ) ) ;
#2882 = ADVANCED_FACE ( 'NONE', ( #7989 ), #2264, .T. ) ;
#2883 = ORIENTED_EDGE ( 'NONE', *, *, #7752, .T. ) ;
#2884 = DIRECTION ( 'NONE',  ( 0.0000000000000000000, 1.000000000000000000, 0.0000000000000000000 ) ) ;
#2885 = CARTESIAN_POINT ( 'NONE',  ( 2.799999999999999822, 0.8999999999999934719, -11.42999999999999794 ) ) ;
#2886 = PRESENTATION_STYLE_ASSIGNMENT (( #10185 ) ) ;
#2887 = ORIENTED_EDGE ( 'NONE', *, *, #1149, .T. ) ;
#2888 = ADVANCED_FACE ( 'NONE', ( #8732 ), #8780, .T. ) ;
#2889 = CARTESIAN_POINT ( 'NONE',  ( 7.767644284148491174, 11.39638873565663069, -7.924877320405802728 ) ) ;
#2890 = DIRECTION ( 'NONE',  ( -0.0000000000000000000, -0.0000000000000000000, 1.000000000000000000 ) ) ;
#2891 = SURFACE_STYLE_FILL_AREA ( #6299 ) ;
#2893 = ORIENTED_EDGE ( 'NONE', *, *, #5979, .T. ) ;
#2892 = CARTESIAN_POINT ( 'NONE',  ( 6.191799725105581409, 13.24985476181182875, -1.563359049252657673 ) ) ;
#2894 = EDGE_CURVE ( 'NONE', #4349, #1382, #3301, .T. ) ;
#2895 = EDGE_CURVE ( 'NONE', #8984, #541, #5857, .T. ) ;
#2896 = EDGE_LOOP ( 'NONE', ( #6627, #2844, #9294, #6834 ) ) ;
#2897 = CARTESIAN_POINT ( 'NONE',  ( 8.163359049252662203, 16.58318809514516801, -7.211799725105605852 ) ) ;
#2898 = SURFACE_STYLE_USAGE ( .BOTH. , #5311 ) ;
#2899 = CARTESIAN_POINT ( 'NONE',  ( 5.206020063032076095, 14.31235476181183230, 6.803599450211193833 ) ) ;
#2900 =( NAMED_UNIT ( * ) SI_UNIT ( $, .STERADIAN. ) SOLID_ANGLE_UNIT ( ) );
#2901 = CARTESIAN_POINT ( 'NONE',  ( 7.641138122682916922, 13.33388873565663069, 8.229754640811590249 ) ) ;
#2902 = DIRECTION ( 'NONE',  ( 1.000000000000000000, -9.637352644315610034E-17, -0.0000000000000000000 ) ) ;
#2903 = CARTESIAN_POINT ( 'NONE',  ( 7.500000000000000000, 1.549999999999990052, 9.695000000000000284 ) ) ;
#2904 = VERTEX_POINT ( 'NONE', #5766 ) ;
#2905 = SURFACE_STYLE_USAGE ( .BOTH. , #318 ) ;
#2907 = ORIENTED_EDGE ( 'NONE', *, *, #979, .T. ) ;
#2906 = CARTESIAN_POINT ( 'NONE',  ( 5.783599450211217352, 15.77068809514516445, -1.393979936967932209 ) ) ;
#2908 = CARTESIAN_POINT ( 'NONE',  ( 5.432355715851504563, 12.60472206898996639, -7.924877320405792069 ) ) ;
#2909 = CARTESIAN_POINT ( 'NONE',  ( 1.900000000000000799, 17.25698273513623349, -5.269999999999996909 ) ) ;
#2910 = CARTESIAN_POINT ( 'NONE',  ( 8.163359049252656874, 11.14314494388263022, -0.4082002748944147386 ) ) ;
#2911 = FILL_AREA_STYLE ('',( #6959 ) ) ;
#2912 = DIRECTION ( 'NONE',  ( 0.0000000000000000000, 0.0000000000000000000, 1.000000000000000000 ) ) ;
#2913 = CARTESIAN_POINT ( 'NONE',  ( 9.040284767641191266, 21.69999999999999929, 9.471524701277592939 ) ) ;
#2914 = CARTESIAN_POINT ( 'NONE',  ( 7.209754640811574689, 16.29222206898996461, 8.661138122682929819 ) ) ;
#2915 = LINE ( 'NONE', #2161, #10114 ) ;
#2916 = CARTESIAN_POINT ( 'NONE',  ( 5.432355715851493017, 12.10472206898996994, 7.315122679594234789 ) ) ;
#2917 = CARTESIAN_POINT ( 'NONE',  ( 7.008200274894397452, 16.70818809514516445, 6.056640950747336660 ) ) ;
#2918 = ORIENTED_EDGE ( 'NONE', *, *, #4668, .F. ) ;
#2919 = CARTESIAN_POINT ( 'NONE',  ( 5.206020063032071654, 14.39568809514516445, -6.803599450211211597 ) ) ;
#2920 = PLANE ( 'NONE',  #1084 ) ;
#2921 = CARTESIAN_POINT ( 'NONE',  ( 6.599999999999999645, 17.02352941176470580, 10.12000000007101974 ) ) ;
#2922 = LINE ( 'NONE', #5396, #10505 ) ;
#2923 = FACE_OUTER_BOUND ( 'NONE', #8365, .T. ) ;
#2924 = ORIENTED_EDGE ( 'NONE', *, *, #356, .F. ) ;
#2925 = CARTESIAN_POINT ( 'NONE',  ( 7.008200274894408111, 14.22647827721596414, -1.563359049252657895 ) ) ;
#2926 = VECTOR ( 'NONE', #8501, 1000.000000000000000 ) ;
#2927 = CARTESIAN_POINT ( 'NONE',  ( 5.206020063032072542, 11.39568809514516623, 8.436400549788800163 ) ) ;
#2928 =( REPRESENTATION_RELATIONSHIP ('NONE','NONE', #9025, #7474 ) REPRESENTATION_RELATIONSHIP_WITH_TRANSFORMATION ( #3967 )SHAPE_REPRESENTATION_RELATIONSHIP( ) );
#2929 = VECTOR ( 'NONE', #5967, 1000.000000000000000 ) ;
#2930 = CARTESIAN_POINT ( 'NONE',  ( 6.600000000000000533, 17.26396121657888472, -9.969756306058137341 ) ) ;
#2931 = ORIENTED_EDGE ( 'NONE', *, *, #9640, .T. ) ;
#2932 = CARTESIAN_POINT ( 'NONE',  ( 6.999999999999292122, 18.67909150389268547, -9.833043071595669815 ) ) ;
#2933 = PRESENTATION_LAYER_ASSIGNMENT (  '', '', ( #7016 ) ) ;
#2934 = CARTESIAN_POINT ( 'NONE',  ( 10.84462613559439959, 8.199999999999999289, 11.00500000000000078 ) ) ;
#2935 = PLANE ( 'NONE',  #2810 ) ;
#2936 = EDGE_CURVE ( 'NONE', #8217, #8403, #7326, .T. ) ;
#2937 = ORIENTED_EDGE ( 'NONE', *, *, #5450, .T. ) ;
#2938 = VECTOR ( 'NONE', #9296, 1000.000000000000000 ) ;
#2939 = LINE ( 'NONE', #1204, #2621 ) ;
#2940 = DIRECTION ( 'NONE',  ( -0.0000000000000000000, 1.000000000000000000, 1.215927670077199944E-16 ) ) ;
#2941 =( NAMED_UNIT ( * ) SI_UNIT ( $, .STERADIAN. ) SOLID_ANGLE_UNIT ( ) );
#2942 = ADVANCED_FACE ( 'NONE', ( #10533 ), #925, .T. ) ;
#2943 = FILL_AREA_STYLE ('',( #10241 ) ) ;
#2945 = ORIENTED_EDGE ( 'NONE', *, *, #1349, .F. ) ;
#2944 = CARTESIAN_POINT ( 'NONE',  ( 7.767644284148491174, 11.39638873565663069, -0.3048773204057991237 ) ) ;
#2946 = ORIENTED_EDGE ( 'NONE', *, *, #8599, .F. ) ;
#2947 = ORIENTED_EDGE ( 'NONE', *, *, #2680, .F. ) ;
#2948 = CARTESIAN_POINT ( 'NONE',  ( 5.036640950747329981, 15.35147827721596769, -8.028200274894382815 ) ) ;
#2949 = DIRECTION ( 'NONE',  ( -0.0000000000000000000, 0.0000000000000000000, 1.000000000000000000 ) ) ;
#2950 = CARTESIAN_POINT ( 'NONE',  ( 4.950000000000000178, 21.39999999999999858, -4.704524052577349735 ) ) ;
#2951 = CARTESIAN_POINT ( 'NONE',  ( 4.949999999999999289, 21.69999999999999929, 2.915475947422649927 ) ) ;
#2952 = CARTESIAN_POINT ( 'NONE',  ( 5.783599450211228898, 13.93735476181183230, 9.013979936967936979 ) ) ;
#2953 = DIRECTION ( 'NONE',  ( -8.185976218434330542E-17, 1.000000000000000000, 0.0000000000000000000 ) ) ;
#2954 = SURFACE_STYLE_USAGE ( .BOTH. , #4081 ) ;
#2955 = ORIENTED_EDGE ( 'NONE', *, *, #1360, .F. ) ;
#2956 = CARTESIAN_POINT ( 'NONE',  ( 11.70999999999999730, -5.782411586589356653E-16, 11.43000000000000149 ) ) ;
#2958 = ORIENTED_EDGE ( 'NONE', *, *, #9852, .F. ) ;
#2957 = CARTESIAN_POINT ( 'NONE',  ( 6.191799725105591179, 15.45818809514516801, 1.563359049252657895 ) ) ;
#2959 = CARTESIAN_POINT ( 'NONE',  ( 6.191799725105618712, 13.45818809514516445, -6.056640950747326002 ) ) ;
#2960 = CARTESIAN_POINT ( 'NONE',  ( 1.500000000000000000, 11.00000000000000000, 5.020000000000016449 ) ) ;
#2961 = VECTOR ( 'NONE', #753, 1000.000000000000000 ) ;
#2962 = CARTESIAN_POINT ( 'NONE',  ( 7.008200274894393900, 10.72647827721596059, -1.563359049252665223 ) ) ;
#2963 = CARTESIAN_POINT ( 'NONE',  ( 7.500000000000000888, -3.750000000000010214, 8.120000000000000995 ) ) ;
#2964 = DIRECTION ( 'NONE',  ( -0.0000000000000000000, 0.0000000000000000000, 1.000000000000000000 ) ) ;
#2965 = CARTESIAN_POINT ( 'NONE',  ( 5.010809295835170651, 21.58137791930017357, -10.49967368260560363 ) ) ;
#2966 = COLOUR_RGB ( '',0.7921568627450980005, 0.8196078431372548767, 0.9333333333333333481 ) ;
#2967 = AXIS2_PLACEMENT_3D ( 'NONE', #10326, #7067, #1185 ) ;
#2968 = CARTESIAN_POINT ( 'NONE',  ( 5.432355715851499234, 16.64638873565663246, 7.924877320405785852 ) ) ;
#2969 = DIRECTION ( 'NONE',  ( 0.0000000000000000000, 0.0000000000000000000, -1.000000000000000000 ) ) ;
#2970 = EDGE_CURVE ( 'NONE', #604, #6682, #9893, .T. ) ;
#2971 = CARTESIAN_POINT ( 'NONE',  ( 5.036640950747337975, 12.83318809514516268, 7.211799725105593417 ) ) ;
#2972 = CARTESIAN_POINT ( 'NONE',  ( 7.008200274894384130, 15.01814494388262666, 9.183359049252670658 ) ) ;
#2973 = EDGE_LOOP ( 'NONE', ( #6053, #8446, #3674, #8495 ) ) ;
#2974 = PRESENTATION_LAYER_ASSIGNMENT (  '', '', ( #7722 ) ) ;
#2975 = COLOUR_RGB ( '',0.2862745098039215508, 0.6431372549019607199, 0.8666666666666666963 ) ;
#2976 = DIRECTION ( 'NONE',  ( 0.0000000000000000000, 0.0000000000000000000, -1.000000000000000000 ) ) ;
#2977 = CARTESIAN_POINT ( 'NONE',  ( 6.599999999999999645, 16.94999999999424745, -5.432499999960527681 ) ) ;
#2978 = CARTESIAN_POINT ( 'NONE',  ( 9.250000000000000000, 16.94999999999999929, 208.7460000000000093 ) ) ;
#2979 = ORIENTED_EDGE ( 'NONE', *, *, #8318, .F. ) ;
#2980 = CARTESIAN_POINT ( 'NONE',  ( 7.008200274894409887, 14.49985476181183586, 1.563359049252657895 ) ) ;
#2981 = COLOUR_RGB ( '',0.2862745098039215508, 0.6431372549019607199, 0.8666666666666666963 ) ;
#2982 = CARTESIAN_POINT ( 'NONE',  ( 1.499999999999983791, -36.96000000000000085, 2.599999999999965006 ) ) ;
#2983 = STYLED_ITEM ( 'NONE', ( #9904 ), #971 ) ;
#2984 = CARTESIAN_POINT ( 'NONE',  ( 7.993979936967939182, 11.56235476181183586, 8.436400549788771741 ) ) ;
#2985 = UNCERTAINTY_MEASURE_WITH_UNIT (LENGTH_MEASURE( 1.000000000000000082E-05 ), #7036, 'distance_accuracy_value', 'NONE');
#2986 = CARTESIAN_POINT ( 'NONE',  ( 6.200000000000001066, 18.66802573438567237, -5.404240993204686205 ) ) ;
#2987 = CARTESIAN_POINT ( 'NONE',  ( 1.900000000000001243, 17.07426406871192981, -2.349999999999999645 ) ) ;
#2988 = VERTEX_POINT ( 'NONE', #7652 ) ;
#2989 = PRESENTATION_LAYER_ASSIGNMENT (  '', '', ( #9955 ) ) ;
#2990 = CARTESIAN_POINT ( 'NONE',  ( 26.05000000000000071, 0.5999999999999889866, 8.119999999999999218 ) ) ;
#2991 = STYLED_ITEM ( 'NONE', ( #7304 ), #2469 ) ;
#2992 = AXIS2_PLACEMENT_3D ( 'NONE', #176, #132, #8218 ) ;
#2993 = CARTESIAN_POINT ( 'NONE',  ( 6.599999999999999645, 21.39999999999999858, 7.620000000000000107 ) ) ;
#2994 = DIRECTION ( 'NONE',  ( 0.0000000000000000000, 0.0000000000000000000, -1.000000000000000000 ) ) ;
#2995 = CARTESIAN_POINT ( 'NONE',  ( 0.0000000000000000000, 0.0000000000000000000, 15.24000000000000021 ) ) ;
#2996 = ORIENTED_EDGE ( 'NONE', *, *, #10368, .T. ) ;
#2997 = CARTESIAN_POINT ( 'NONE',  ( 2.099999999999997868, 4.799999999999998934, -9.319999999999957652 ) ) ;
#2998 = CARTESIAN_POINT ( 'NONE',  ( 5.110105596471692380, 21.66603899898167285, 10.44005836386583219 ) ) ;
#2999 = EDGE_CURVE ( 'NONE', #10289, #5124, #1179, .T. ) ;
#3000 = CARTESIAN_POINT ( 'NONE',  ( 6.599999999999999645, 16.94999999999424745, 9.807500000039471644 ) ) ;
#3001 = UNCERTAINTY_MEASURE_WITH_UNIT (LENGTH_MEASURE( 1.000000000000000082E-05 ), #179, 'distance_accuracy_value', 'NONE');
#3002 = PRESENTATION_LAYER_ASSIGNMENT (  '', '', ( #2167 ) ) ;
#3003 = CARTESIAN_POINT ( 'NONE',  ( 6.599999999999999645, 17.02352941176470580, 0.0000000000000000000 ) ) ;
#3004 =( GEOMETRIC_REPRESENTATION_CONTEXT ( 3 ) GLOBAL_UNCERTAINTY_ASSIGNED_CONTEXT ( ( #4109 ) ) GLOBAL_UNIT_ASSIGNED_CONTEXT ( ( #972, #8338, #3502 ) ) REPRESENTATION_CONTEXT ( 'NONE', 'WORKASPACE' ) );
#3006 = ORIENTED_EDGE ( 'NONE', *, *, #6658, .T. ) ;
#3005 = CARTESIAN_POINT ( 'NONE',  ( 6.191799725105592955, 11.74985476181183408, -1.563359049252661448 ) ) ;
#3007 = STYLED_ITEM ( 'NONE', ( #5516 ), #7753 ) ;
#3008 = VERTEX_POINT ( 'NONE', #271 ) ;
#3009 = ORIENTED_EDGE ( 'NONE', *, *, #4002, .T. ) ;
#3010 = EDGE_CURVE ( 'NONE', #4265, #5275, #2702, .T. ) ;
#3011 = CARTESIAN_POINT ( 'NONE',  ( 12.59999999999999964, 11.05000000000000071, 10.83000000000000007 ) ) ;
#3012 = LINE ( 'NONE', #6256, #4192 ) ;
#3013 = DIRECTION ( 'NONE',  ( -0.0000000000000000000, -0.0000000000000000000, -1.000000000000000000 ) ) ;
#3014 = EDGE_CURVE ( 'NONE', #5406, #10528, #5398, .T. ) ;
#3015 = VECTOR ( 'NONE', #5382, 1000.000000000000000 ) ;
#3016 =( NAMED_UNIT ( * ) PLANE_ANGLE_UNIT ( ) SI_UNIT ( $, .RADIAN. ) );
#3017 = COLOUR_RGB ( '',0.2862745098039215508, 0.6431372549019607199, 0.8666666666666666963 ) ;
#3018 = DIRECTION ( 'NONE',  ( 0.0000000000000000000, -0.7071067811865465735, 0.7071067811865485719 ) ) ;
#3019 = B_SPLINE_CURVE_WITH_KNOTS ( 'NONE', 3,
 ( #2596, #3464, #9897, #4166 ),
 .UNSPECIFIED., .F., .F.,
 ( 4, 4 ),
 ( 0.0000000000000000000, 0.004887270908133793841 ),
 .UNSPECIFIED. ) ;
#3020 = VERTEX_POINT ( 'NONE', #1018 ) ;
#3021 = DIRECTION ( 'NONE',  ( 1.000000000000000000, 0.0000000000000000000, -0.0000000000000000000 ) ) ;
#3022 = CARTESIAN_POINT ( 'NONE',  ( 5.250000000000000000, 21.69999999999999929, 7.620000000000000107 ) ) ;
#3024 = ORIENTED_EDGE ( 'NONE', *, *, #4659, .F. ) ;
#3023 = CARTESIAN_POINT ( 'NONE',  ( 7.641138122682927580, 14.83388873565663069, 0.6097546408115781524 ) ) ;
#3025 = CARTESIAN_POINT ( 'NONE',  ( 7.416400549788778385, 13.18735476181183586, -9.013979936967931650 ) ) ;
#3026 = LINE ( 'NONE', #5380, #4645 ) ;
#3027 = AXIS2_PLACEMENT_3D ( 'NONE', #8836, #704, #10387 ) ;
#3028 = CARTESIAN_POINT ( 'NONE',  ( 5.036640950747339751, 11.83318809514517334, -0.4082002748943991954 ) ) ;
#3029 = CARTESIAN_POINT ( 'NONE',  ( 6.200000000001938183, 18.70170425002353554, 5.417846458312514990 ) ) ;
#3030 = CARTESIAN_POINT ( 'NONE',  ( 9.454776676626101661, 21.69999999999999929, 8.730476818938559092 ) ) ;
#3031 = CARTESIAN_POINT ( 'NONE',  ( 7.993979936967916089, 16.14568809514516801, 6.803599450211181399 ) ) ;
#3032 = PLANE ( 'NONE',  #8406 ) ;
#3033 = CARTESIAN_POINT ( 'NONE',  ( 5.783599450211217352, 12.27068809514516801, 6.226020063032076557 ) ) ;
#3034 = MECHANICAL_DESIGN_GEOMETRIC_PRESENTATION_REPRESENTATION (  '', ( #6771 ), #9496 ) ;
#3035 = CARTESIAN_POINT ( 'NONE',  ( 7.416400549788805030, 15.18735476181182875, 6.226020063032079221 ) ) ;
#3036 = EDGE_LOOP ( 'NONE', ( #9116, #7678, #2293, #5456 ) ) ;
#3037 = CARTESIAN_POINT ( 'NONE',  ( 5.206020063032071654, 13.91397827721596236, -6.803599450211211597 ) ) ;
#3038 = ORIENTED_EDGE ( 'NONE', *, *, #2734, .F. ) ;
#3039 = DIRECTION ( 'NONE',  ( 0.0000000000000000000, -1.000000000000000000, 0.0000000000000000000 ) ) ;
#3040 = LINE ( 'NONE', #10532, #1813 ) ;
#3041 = CARTESIAN_POINT ( 'NONE',  ( 4.950000000000000178, 21.39999999999999858, 7.620000000000000107 ) ) ;
#3042 = LINE ( 'NONE', #2219, #9455 ) ;
#3043 = VERTEX_POINT ( 'NONE', #6694 ) ;
#3044 = CARTESIAN_POINT ( 'NONE',  ( 7.416400549788779273, 14.68735476181183053, -1.393979936967932209 ) ) ;
#3045 = ADVANCED_FACE ( 'NONE', ( #7539 ), #9628, .T. ) ;
#3046 = MECHANICAL_DESIGN_GEOMETRIC_PRESENTATION_REPRESENTATION (  '', ( #620 ), #3387 ) ;
#3047 = CARTESIAN_POINT ( 'NONE',  ( 7.702110499919415432, 11.04129925530718914, 8.728269986837309702 ) ) ;
#3048 = FACE_OUTER_BOUND ( 'NONE', #7626, .T. ) ;
#3049 =( NAMED_UNIT ( * ) SI_UNIT ( $, .STERADIAN. ) SOLID_ANGLE_UNIT ( ) );
#3050 = ORIENTED_EDGE ( 'NONE', *, *, #2510, .T. ) ;
#3051 = CARTESIAN_POINT ( 'NONE',  ( 2.500000000000002220, 16.94999999999999929, 5.570000000000002061 ) ) ;
#3052 = DIRECTION ( 'NONE',  ( 0.4999999999999999445, 0.0000000000000000000, -0.8660254037844387076 ) ) ;
#3053 = SHAPE_REPRESENTATION_RELATIONSHIP ( 'NONE' , 'NONE' ,  #7474, #2424 ) ;
#3054 = PRESENTATION_STYLE_ASSIGNMENT (( #4020 ) ) ;
#3055 = CARTESIAN_POINT ( 'NONE',  ( 8.299999999999998934, -4.750000000000002665, 7.320000000000000284 ) ) ;
#3056 = FILL_AREA_STYLE ('',( #1424 ) ) ;
#3057 = LINE ( 'NONE', #10049, #10006 ) ;
#3059 = ORIENTED_EDGE ( 'NONE', *, *, #8020, .F. ) ;
#3058 = CARTESIAN_POINT ( 'NONE',  ( 7.416400549788779273, 12.52068809514516268, 1.393979936967932209 ) ) ;
#3060 = ORIENTED_EDGE ( 'NONE', *, *, #6661, .T. ) ;
#3061 = CARTESIAN_POINT ( 'NONE',  ( 5.210948898480957325, 21.69999999999999929, 10.53134150105611333 ) ) ;
#3062 = DIRECTION ( 'NONE',  ( 1.000000000000000000, 0.0000000000000000000, 0.0000000000000000000 ) ) ;
#3063 = CARTESIAN_POINT ( 'NONE',  ( 8.299999999999998934, 0.9000000000000060174, 0.8000000000000153655 ) ) ;
#3064 =( NAMED_UNIT ( * ) SI_UNIT ( $, .STERADIAN. ) SOLID_ANGLE_UNIT ( ) );
#3065 =( NAMED_UNIT ( * ) SI_UNIT ( $, .STERADIAN. ) SOLID_ANGLE_UNIT ( ) );
#3066 = EDGE_LOOP ( 'NONE', ( #9980, #283, #5436, #9456 ) ) ;
#3067 = LINE ( 'NONE', #7154, #9120 ) ;
#3068 = EDGE_LOOP ( 'NONE', ( #877, #7836 ) ) ;
#3070 = EDGE_LOOP ( 'NONE', ( #6749, #5474, #5528, #2584 ) ) ;
#3069 = CARTESIAN_POINT ( 'NONE',  ( 7.416400549788805030, 15.18735476181182875, -1.393979936967921329 ) ) ;
#3071 = CARTESIAN_POINT ( 'NONE',  ( 5.432355715851507227, 13.14638873565663246, -7.315122679594202815 ) ) ;
#3072 = VERTEX_POINT ( 'NONE', #10100 ) ;
#3073 = LINE ( 'NONE', #6269, #6325 ) ;
#3074 = EDGE_CURVE ( 'NONE', #2304, #662, #6060, .T. ) ;
#3075 = ADVANCED_FACE ( 'NONE', ( #9300 ), #4313, .T. ) ;
#3076 =( LENGTH_UNIT ( ) NAMED_UNIT ( * ) SI_UNIT ( .MILLI., .METRE. ) );
#3077 = CARTESIAN_POINT ( 'NONE',  ( 5.783599450211226234, 11.93735476181182875, 1.393979936967931765 ) ) ;
#3078 = PRESENTATION_STYLE_ASSIGNMENT (( #644 ) ) ;
#3079 = PLANE ( 'NONE',  #2313 ) ;
#3080 = CARTESIAN_POINT ( 'NONE',  ( 7.949999999999986855, 21.69999999999999929, 10.35495886623547968 ) ) ;
#3081 = CARTESIAN_POINT ( 'NONE',  ( 6.191799725105590291, 15.74985476181182875, 6.056640950747342877 ) ) ;
#3082 = CARTESIAN_POINT ( 'NONE',  ( 7.949999999999986855, 21.69999999999999929, 10.35495886623547968 ) ) ;
#3083 = CARTESIAN_POINT ( 'NONE',  ( 5.990245359188421936, 12.20888873565663246, 8.661138122682926266 ) ) ;
#3084 = ORIENTED_EDGE ( 'NONE', *, *, #10502, .F. ) ;
#3085 = EDGE_CURVE ( 'NONE', #6302, #1332, #3578, .T. ) ;
#3086 = PRESENTATION_STYLE_ASSIGNMENT (( #8874 ) ) ;
#3087 = DIRECTION ( 'NONE',  ( 0.0000000000000000000, -1.000000000000000000, 0.0000000000000000000 ) ) ;
#3088 = CARTESIAN_POINT ( 'NONE',  ( 3.169680138593188534, 18.75000000000000000, -1.542016754626368336 ) ) ;
#3089 = CARTESIAN_POINT ( 'NONE',  ( 6.599999999999999645, 17.07426406871192981, -9.969999999999998863 ) ) ;
#3090 = ADVANCED_FACE ( 'NONE', ( #5861 ), #9241, .F. ) ;
#3091 = CARTESIAN_POINT ( 'NONE',  ( 6.191799725105591179, 15.45818809514516801, -6.056640950747342877 ) ) ;
#3092 = ORIENTED_EDGE ( 'NONE', *, *, #8234, .T. ) ;
#3093 = CARTESIAN_POINT ( 'NONE',  ( 8.163359049252674637, 13.60147827721596592, 0.4082002748943676096 ) ) ;
#3094 = SURFACE_SIDE_STYLE ('',( #1681 ) ) ;
#3095 = DIRECTION ( 'NONE',  ( 0.0000000000000000000, 1.000000000000000000, 0.0000000000000000000 ) ) ;
#3096 = DIRECTION ( 'NONE',  ( 0.4823445772640530538, 0.4938289719608160433, 0.7235168658960795529 ) ) ;
#3097 = DIRECTION ( 'NONE',  ( -1.376764663473659915E-16, 1.000000000000000000, 0.0000000000000000000 ) ) ;
#3098 = CARTESIAN_POINT ( 'NONE',  ( 6.599999999999999645, 16.94999999999999929, -2.225735931288070901 ) ) ;
#3099 = ORIENTED_EDGE ( 'NONE', *, *, #1638, .T. ) ;
#3100 = AXIS2_PLACEMENT_3D ( 'NONE', #5085, #59, #8352 ) ;
#3101 = CARTESIAN_POINT ( 'NONE',  ( 7.416400549788779273, 12.52068809514516268, -6.226020063032067675 ) ) ;
#3102 =( NAMED_UNIT ( * ) PLANE_ANGLE_UNIT ( ) SI_UNIT ( $, .RADIAN. ) );
#3103 = DIRECTION ( 'NONE',  ( 1.000000000000000000, -0.0000000000000000000, 0.0000000000000000000 ) ) ;
#3104 = VECTOR ( 'NONE', #8666, 1000.000000000000000 ) ;
#3105 = CARTESIAN_POINT ( 'NONE',  ( 6.599999999999999645, 17.19999999999999929, 0.0000000000000000000 ) ) ;
#3106 = CARTESIAN_POINT ( 'NONE',  ( 5.036640950747344192, 14.37485476181183408, 8.028200274894411237 ) ) ;
#3107 = FACE_OUTER_BOUND ( 'NONE', #5801, .T. ) ;
#3108 =( NAMED_UNIT ( * ) PLANE_ANGLE_UNIT ( ) SI_UNIT ( $, .RADIAN. ) );
#3109 = AXIS2_PLACEMENT_3D ( 'NONE', #2068, #7671, #9218 ) ;
#3110 = PRODUCT_DEFINITION_SHAPE ( 'NONE', 'NONE',  #10584 ) ;
#3111 = VERTEX_POINT ( 'NONE', #5079 ) ;
#3112 = CARTESIAN_POINT ( 'NONE',  ( 10.03031986140680765, 18.75000000000000000, -1.542016754626363451 ) ) ;
#3113 = SURFACE_STYLE_FILL_AREA ( #674 ) ;
#3115 = ORIENTED_EDGE ( 'NONE', *, *, #4995, .T. ) ;
#3114 = CARTESIAN_POINT ( 'NONE',  ( 6.191799725105621377, 12.24985476181183230, -1.563359049252670552 ) ) ;
#3116 = ORIENTED_EDGE ( 'NONE', *, *, #5993, .F. ) ;
#3117 = EDGE_LOOP ( 'NONE', ( #3671, #9820, #8686, #2149 ) ) ;
#3118 = CARTESIAN_POINT ( 'NONE',  ( 5.250000000000000000, 21.69999999999999929, 7.620000000000000107 ) ) ;
#3119 = DIRECTION ( 'NONE',  ( 0.0000000000000000000, 0.0000000000000000000, -1.000000000000000000 ) ) ;
#3120 = SURFACE_STYLE_FILL_AREA ( #9555 ) ;
#3121 = CARTESIAN_POINT ( 'NONE',  ( 9.950000000000001066, 17.19999999999999929, -7.620000000000000107 ) ) ;
#3122 = CARTESIAN_POINT ( 'NONE',  ( 0.0000000000000000000, 2.650000000000010125, 11.42999999999999972 ) ) ;
#3123 = LINE ( 'NONE', #8016, #4736 ) ;
#3124 = ORIENTED_EDGE ( 'NONE', *, *, #1616, .T. ) ;
#3126 = VERTEX_POINT ( 'NONE', #5172 ) ;
#3125 = CARTESIAN_POINT ( 'NONE',  ( 7.209754640811583570, 15.29222206898996461, 1.041138122682922829 ) ) ;
#3127 = CARTESIAN_POINT ( 'NONE',  ( 5.432355715851509004, 12.14638873565663602, -7.315122679594202815 ) ) ;
#3128 = CARTESIAN_POINT ( 'NONE',  ( 6.999999999999292122, 18.68925460028491869, -2.208634852016683414 ) ) ;
#3129 = CARTESIAN_POINT ( 'NONE',  ( 5.783599450211219128, 10.95564494388263199, 1.393979936967928435 ) ) ;
#3130 = CARTESIAN_POINT ( 'NONE',  ( 3.081748378972154701, 18.74999999999999645, -9.226699218060302243 ) ) ;
#3131 = DIRECTION ( 'NONE',  ( 1.000000000000000000, 0.0000000000000000000, -0.0000000000000000000 ) ) ;
#3132 = CARTESIAN_POINT ( 'NONE',  ( 9.032808121127025913, 21.70000000000000284, 5.774803848081774049 ) ) ;
#3133 = CARTESIAN_POINT ( 'NONE',  ( 6.191799725105617824, 15.95818809514516801, 9.183359049252670658 ) ) ;
#3134 =( NAMED_UNIT ( * ) PLANE_ANGLE_UNIT ( ) SI_UNIT ( $, .RADIAN. ) );
#3135 = STYLED_ITEM ( 'NONE', ( #4443 ), #4157 ) ;
#3136 = CARTESIAN_POINT ( 'NONE',  ( 7.008200274894383242, 11.99985476181183230, 9.183359049252670658 ) ) ;
#3137 = EDGE_CURVE ( 'NONE', #8534, #10454, #8391, .T. ) ;
#3138 = ORIENTED_EDGE ( 'NONE', *, *, #4444, .F. ) ;
#3139 = ORIENTED_EDGE ( 'NONE', *, *, #2347, .T. ) ;
#3140 = UNCERTAINTY_MEASURE_WITH_UNIT (LENGTH_MEASURE( 1.000000000000000082E-05 ), #5574, 'distance_accuracy_value', 'NONE');
#3141 = CARTESIAN_POINT ( 'NONE',  ( 2.500000000000001332, 16.94999999999999929, -2.050000000000000266 ) ) ;
#3142 = CARTESIAN_POINT ( 'NONE',  ( 7.000000000000000888, 18.66802573438619461, 5.404240993204781240 ) ) ;
#3143 = SURFACE_SIDE_STYLE ('',( #6230 ) ) ;
#3144 = CARTESIAN_POINT ( 'NONE',  ( 5.990245359188436147, 14.70888873565663779, -6.578861877317066842 ) ) ;
#3145 = STYLED_ITEM ( 'NONE', ( #4681 ), #5167 ) ;
#3146 = ORIENTED_EDGE ( 'NONE', *, *, #6322, .F. ) ;
#3147 = CARTESIAN_POINT ( 'NONE',  ( 7.993979936967930300, 14.06235476181183053, 0.8164005497887859564 ) ) ;
#3148 = CARTESIAN_POINT ( 'NONE',  ( 5.077622661475134969, 21.64559362513446672, 4.779774379066055623 ) ) ;
#3149 = DIRECTION ( 'NONE',  ( -0.0000000000000000000, 0.0000000000000000000, -1.000000000000000000 ) ) ;
#3150 = ADVANCED_FACE ( 'NONE', ( #1068 ), #2617, .T. ) ;
#3151 = VECTOR ( 'NONE', #2156, 1000.000000000000000 ) ;
#3152 = LINE ( 'NONE', #3962, #776 ) ;
#3153 = EDGE_CURVE ( 'NONE', #2384, #8551, #3838, .T. ) ;
#3154 =( GEOMETRIC_REPRESENTATION_CONTEXT ( 3 ) GLOBAL_UNCERTAINTY_ASSIGNED_CONTEXT ( ( #8847 ) ) GLOBAL_UNIT_ASSIGNED_CONTEXT ( ( #2018, #5198, #3820 ) ) REPRESENTATION_CONTEXT ( 'NONE', 'WORKASPACE' ) );
#3155 =( NAMED_UNIT ( * ) PLANE_ANGLE_UNIT ( ) SI_UNIT ( $, .RADIAN. ) );
#3156 = ORIENTED_EDGE ( 'NONE', *, *, #4866, .F. ) ;
#3157 = CONICAL_SURFACE ( 'NONE', #7905, 2.349269215076792428, 0.06981317007763501725 ) ;
#3158 = CARTESIAN_POINT ( 'NONE',  ( 3.249999999999998668, 17.19999999999999574, 11.42999999999999972 ) ) ;
#3159 = CARTESIAN_POINT ( 'NONE',  ( 2.148528137423860507, 16.94999999999999929, 9.845735931288077225 ) ) ;
#3160 = VECTOR ( 'NONE', #7534, 1000.000000000000000 ) ;
#3161 = SURFACE_SIDE_STYLE ('',( #8001 ) ) ;
#3162 = LINE ( 'NONE', #2230, #5995 ) ;
#3163 = CARTESIAN_POINT ( 'NONE',  ( 6.191799725105618712, 13.45818809514516445, 9.183359049252670658 ) ) ;
#3164 = CARTESIAN_POINT ( 'NONE',  ( 8.437868101443331881, 21.69999999999999574, 2.450529918447097888 ) ) ;
#3165 = VECTOR ( 'NONE', #3052, 1000.000000000000000 ) ;
#3166 = FILL_AREA_STYLE_COLOUR ( '', #2454 ) ;
#3167 = VECTOR ( 'NONE', #5071, 1000.000000000000000 ) ;
#3169 = ORIENTED_EDGE ( 'NONE', *, *, #6205, .T. ) ;
#3168 = CARTESIAN_POINT ( 'NONE',  ( 5.990245359188421936, 12.20888873565663246, 1.041138122682928380 ) ) ;
#3170 = ORIENTED_EDGE ( 'NONE', *, *, #8349, .T. ) ;
#3171 = EDGE_LOOP ( 'NONE', ( #6846, #8576, #9855, #6660 ) ) ;
#3172 = VECTOR ( 'NONE', #1144, 1000.000000000000000 ) ;
#3173 = DIRECTION ( 'NONE',  ( 1.000000000000000000, 0.0000000000000000000, 0.0000000000000000000 ) ) ;
#3174 = ADVANCED_FACE ( 'NONE', ( #5483 ), #3393, .T. ) ;
#3175 = FILL_AREA_STYLE_COLOUR ( '', #9135 ) ;
#3176 = FILL_AREA_STYLE_COLOUR ( '', #3856 ) ;
#3177 = DIRECTION ( 'NONE',  ( 0.0000000000000000000, 0.0000000000000000000, 1.000000000000000000 ) ) ;
#3178 = MECHANICAL_DESIGN_GEOMETRIC_PRESENTATION_REPRESENTATION (  '', ( #4901 ), #7237 ) ;
#3179 = VECTOR ( 'NONE', #3926, 1000.000000000000000 ) ;
#3180 = AXIS2_PLACEMENT_3D ( 'NONE', #7622, #2884, #5191 ) ;
#3182 = ORIENTED_EDGE ( 'NONE', *, *, #3779, .F. ) ;
#3181 = CARTESIAN_POINT ( 'NONE',  ( 7.416400549788779273, 14.68735476181183053, -1.393979936967932209 ) ) ;
#3183 = CARTESIAN_POINT ( 'NONE',  ( 5.206020063032072542, 12.39568809514516445, -6.803599450211211597 ) ) ;
#3184 = LINE ( 'NONE', #3394, #3858 ) ;
#3185 = CARTESIAN_POINT ( 'NONE',  ( 12.05641016151378331, 0.8999999999999913625, 10.82999999999999297 ) ) ;
#3186 = DIRECTION ( 'NONE',  ( -0.0000000000000000000, -1.000000000000000000, -0.0000000000000000000 ) ) ;
#3187 = FILL_AREA_STYLE_COLOUR ( '', #766 ) ;
#3188 = MECHANICAL_DESIGN_GEOMETRIC_PRESENTATION_REPRESENTATION (  '', ( #943 ), #3528 ) ;
#3189 = COLOUR_RGB ( '',0.2862745098039215508, 0.6431372549019607199, 0.8666666666666666963 ) ;
#3190 = DIRECTION ( 'NONE',  ( 0.4999999999999996669, 0.0000000000000000000, 0.8660254037844388186 ) ) ;
#3191 = CARTESIAN_POINT ( 'NONE',  ( 7.767644284148501832, 14.85472206898996461, 7.924877320405775194 ) ) ;
#3192 = CARTESIAN_POINT ( 'NONE',  ( 7.416400549788761509, 11.18735476181183053, 6.226020063032052576 ) ) ;
#3193 = ORIENTED_EDGE ( 'NONE', *, *, #8880, .F. ) ;
#3194 = CARTESIAN_POINT ( 'NONE',  ( 5.206020063032084977, 13.89568809514516623, -6.803599450211183175 ) ) ;
#3195 = ORIENTED_EDGE ( 'NONE', *, *, #5912, .T. ) ;
#3196 = PRESENTATION_LAYER_ASSIGNMENT (  '', '', ( #2322 ) ) ;
#3197 = AXIS2_PLACEMENT_3D ( 'NONE', #8033, #7219, #10478 ) ;
#3198 = DIRECTION ( 'NONE',  ( 0.0000000000000000000, 0.0000000000000000000, -1.000000000000000000 ) ) ;
#3199 = FILL_AREA_STYLE_COLOUR ( '', #8061 ) ;
#3200 =( LENGTH_UNIT ( ) NAMED_UNIT ( * ) SI_UNIT ( .MILLI., .METRE. ) );
#3201 = CARTESIAN_POINT ( 'NONE',  ( 7.209754640811564030, 15.45888873565663602, -8.661138122682936924 ) ) ;
#3202 = CARTESIAN_POINT ( 'NONE',  ( 5.206020063032084977, 13.41397827721596414, 0.8164005497888127127 ) ) ;
#3203 = EDGE_CURVE ( 'NONE', #1277, #2395, #5324, .T. ) ;
#3204 = LINE ( 'NONE', #7994, #3353 ) ;
#3205 = PRESENTATION_STYLE_ASSIGNMENT (( #5770 ) ) ;
#3206 = PRESENTATION_LAYER_ASSIGNMENT (  '', '', ( #7787 ) ) ;
#3207 = VECTOR ( 'NONE', #5133, 1000.000000000000000 ) ;
#3208 = CARTESIAN_POINT ( 'NONE',  ( 6.200000000000201794, 18.74304181000369596, -5.465910783974254450 ) ) ;
#3209 = CARTESIAN_POINT ( 'NONE',  ( 0.3999999999999999667, 11.89999999999999858, 11.42999999999999972 ) ) ;
#3210 = EDGE_LOOP ( 'NONE', ( #7526, #7998, #5799, #10230 ) ) ;
#3211 = CARTESIAN_POINT ( 'NONE',  ( 5.783599450211225346, 11.28897827721596592, -9.013979936967935203 ) ) ;
#3212 = DIRECTION ( 'NONE',  ( 0.0000000000000000000, 1.000000000000000000, 0.0000000000000000000 ) ) ;
#3213 = PLANE ( 'NONE',  #1648 ) ;
#3214 = EDGE_CURVE ( 'NONE', #7766, #6124, #6903, .T. ) ;
#3215 = CARTESIAN_POINT ( 'NONE',  ( 6.200000000000332356, 18.71710165481652410, 2.190513436903557487 ) ) ;
#3216 = CARTESIAN_POINT ( 'NONE',  ( 7.993979936967924971, 16.56235476181183230, 0.8164005497887917295 ) ) ;
#3217 = EDGE_CURVE ( 'NONE', #1201, #5970, #7922, .T. ) ;
#3218 = CARTESIAN_POINT ( 'NONE',  ( 7.416400549788808583, 12.53897827721596769, 9.013979936967920992 ) ) ;
#3219 = FILL_AREA_STYLE_COLOUR ( '', #9081 ) ;
#3220 = UNCERTAINTY_MEASURE_WITH_UNIT (LENGTH_MEASURE( 1.000000000000000082E-05 ), #9731, 'distance_accuracy_value', 'NONE');
#3221 = EDGE_CURVE ( 'NONE', #1411, #4151, #3026, .T. ) ;
#3223 = ORIENTED_EDGE ( 'NONE', *, *, #5896, .F. ) ;
#3222 = CARTESIAN_POINT ( 'NONE',  ( 7.008200274894393900, 11.20818809514516445, -1.563359049252665223 ) ) ;
#3224 = ORIENTED_EDGE ( 'NONE', *, *, #9518, .F. ) ;
#3225 = CYLINDRICAL_SURFACE ( 'NONE', #6727, 2.500000000000000444 ) ;
#3226 = DIRECTION ( 'NONE',  ( 0.6987395238751689108, 0.7153761792055298718, 0.0000000000000000000 ) ) ;
#3227 = CARTESIAN_POINT ( 'NONE',  ( 6.199999999999999289, 17.94999999999999929, 6.399999999999999467 ) ) ;
#3228 = DIRECTION ( 'NONE',  ( 0.0000000000000000000, 0.0000000000000000000, -1.000000000000000000 ) ) ;
#3229 = CARTESIAN_POINT ( 'NONE',  ( 5.783599450211220017, 14.95564494388263554, 9.013979936967933426 ) ) ;
#3230 =( NAMED_UNIT ( * ) PLANE_ANGLE_UNIT ( ) SI_UNIT ( $, .RADIAN. ) );
#3231 = EDGE_CURVE ( 'NONE', #8733, #5181, #3073, .T. ) ;
#3232 = EDGE_CURVE ( 'NONE', #8008, #10541, #10257, .T. ) ;
#3234 = VERTEX_POINT ( 'NONE', #4528 ) ;
#3233 = CARTESIAN_POINT ( 'NONE',  ( 7.641138122682916922, 13.33388873565663069, 0.6097546408115906980 ) ) ;
#3235 = CARTESIAN_POINT ( 'NONE',  ( 7.008200274894401893, 12.20818809514516445, -9.183359049252656447 ) ) ;
#3236 = ORIENTED_EDGE ( 'NONE', *, *, #9668, .T. ) ;
#3237 = SURFACE_STYLE_USAGE ( .BOTH. , #7208 ) ;
#3238 = CARTESIAN_POINT ( 'NONE',  ( 26.05000000000000071, -3.750000000000010658, 7.120000000000000995 ) ) ;
#3239 = DIRECTION ( 'NONE',  ( -0.8660254037844358210, 0.0000000000000000000, 0.5000000000000048850 ) ) ;
#3240 = CARTESIAN_POINT ( 'NONE',  ( 6.599999999999999645, 21.39999999999999858, 7.620000000000000107 ) ) ;
#3241 = CARTESIAN_POINT ( 'NONE',  ( 7.008200274894410775, 14.99985476181183230, 9.183359049252658224 ) ) ;
#3242 = DIRECTION ( 'NONE',  ( -0.0000000000000000000, 0.0000000000000000000, 1.000000000000000000 ) ) ;
#3243 = CARTESIAN_POINT ( 'NONE',  ( 7.993979936967890332, 11.06235476181174526, 8.436400549788764636 ) ) ;
#3244 = ORIENTED_EDGE ( 'NONE', *, *, #8349, .F. ) ;
#3245 = CARTESIAN_POINT ( 'NONE',  ( 5.036640950747344192, 12.89314494388262844, -7.211799725105586312 ) ) ;
#3246 = UNCERTAINTY_MEASURE_WITH_UNIT (LENGTH_MEASURE( 1.000000000000000082E-05 ), #2228, 'distance_accuracy_value', 'NONE');
#3247 = CARTESIAN_POINT ( 'NONE',  ( 6.999999999999668709, 18.70895134681812166, 5.421988441498417188 ) ) ;
#3248 =( LENGTH_UNIT ( ) NAMED_UNIT ( * ) SI_UNIT ( .MILLI., .METRE. ) );
#3249 = CARTESIAN_POINT ( 'NONE',  ( 7.949999999999994849, 21.69999999999999929, -4.885041133764529420 ) ) ;
#3250 = CARTESIAN_POINT ( 'NONE',  ( 6.295122679594201465, 15.02138873565663424, -8.787644284148491636 ) ) ;
#3251 = CARTESIAN_POINT ( 'NONE',  ( 5.036640950747339751, 13.35147827721596592, -0.4082002748944121295 ) ) ;
#3252 = DIRECTION ( 'NONE',  ( 0.0000000000000000000, 1.000000000000000000, 0.0000000000000000000 ) ) ;
#3253 = DIRECTION ( 'NONE',  ( 1.000000000000000000, 0.0000000000000000000, -0.0000000000000000000 ) ) ;
#3254 = CARTESIAN_POINT ( 'NONE',  ( 0.0000000000000000000, 0.0000000000000000000, 11.42999999999999972 ) ) ;
#3255 = CARTESIAN_POINT ( 'NONE',  ( 4.950000000000001954, 21.69999999999999929, -4.704524052577348847 ) ) ;
#3256 = LINE ( 'NONE', #6702, #5080 ) ;
#3257 = ORIENTED_EDGE ( 'NONE', *, *, #2414, .T. ) ;
#3258 = CARTESIAN_POINT ( 'NONE',  ( 5.206020063032072542, 11.91397827721596236, -6.803599450211211597 ) ) ;
#3259 = FACE_OUTER_BOUND ( 'NONE', #5949, .T. ) ;
#3260 = ORIENTED_EDGE ( 'NONE', *, *, #3412, .F. ) ;
#3261 =( LENGTH_UNIT ( ) NAMED_UNIT ( * ) SI_UNIT ( .MILLI., .METRE. ) );
#3262 = CARTESIAN_POINT ( 'NONE',  ( 6.200000000000708056, 18.67909150389214901, 2.213043071595834466 ) ) ;
#3263 = CARTESIAN_POINT ( 'NONE',  ( 7.008200274894410775, 15.51814494388263199, 1.563359049252657673 ) ) ;
#3264 = CARTESIAN_POINT ( 'NONE',  ( 7.008200274894408111, 13.01814494388263199, 9.183359049252660000 ) ) ;
#3265 = CARTESIAN_POINT ( 'NONE',  ( 1.901461569844016042, 17.27092694212258905, -2.349269215077992357 ) ) ;
#3266 = CARTESIAN_POINT ( 'NONE',  ( 4.099999999999999645, 17.02352941176470580, 7.620000000000000107 ) ) ;
#3267 = FACE_OUTER_BOUND ( 'NONE', #3356, .T. ) ;
#3268 = EDGE_CURVE ( 'NONE', #7964, #8971, #7811, .T. ) ;
#3269 = ORIENTED_EDGE ( 'NONE', *, *, #4023, .T. ) ;
#3270 = VECTOR ( 'NONE', #4636, 1000.000000000000114 ) ;
#3271 = DIRECTION ( 'NONE',  ( -1.000000000000000000, 9.637352644315610034E-17, 0.0000000000000000000 ) ) ;
#3273 = VERTEX_POINT ( 'NONE', #2088 ) ;
#3272 = CARTESIAN_POINT ( 'NONE',  ( 6.191799725105607166, 11.24985476181183230, -1.563359049252663890 ) ) ;
#3274 = AXIS2_PLACEMENT_3D ( 'NONE', #2433, #8195, #6444 ) ;
#3275 = EDGE_LOOP ( 'NONE', ( #806, #9253, #6072, #10222 ) ) ;
#3276 = SURFACE_STYLE_USAGE ( .BOTH. , #9609 ) ;
#3277 = MECHANICAL_DESIGN_GEOMETRIC_PRESENTATION_REPRESENTATION (  '', ( #6171 ), #5500 ) ;
#3278 = DIRECTION ( 'NONE',  ( -1.000000000000000000, 0.0000000000000000000, 0.0000000000000000000 ) ) ;
#3279 = EDGE_CURVE ( 'NONE', #5124, #8313, #9463, .T. ) ;
#3280 = CARTESIAN_POINT ( 'NONE',  ( 7.416400549788780161, 14.53897827721596414, 9.013979936967933426 ) ) ;
#3281 = EDGE_CURVE ( 'NONE', #5063, #3616, #1341, .T. ) ;
#3282 = CARTESIAN_POINT ( 'NONE',  ( 8.163359049252667532, 12.10147827721596769, -7.211799725105622727 ) ) ;
#3283 = PLANE ( 'NONE',  #240 ) ;
#3285 = ORIENTED_EDGE ( 'NONE', *, *, #9843, .T. ) ;
#3284 = CARTESIAN_POINT ( 'NONE',  ( 5.432355715851504563, 13.60472206898996639, -0.3048773204057979025 ) ) ;
#3286 = CARTESIAN_POINT ( 'NONE',  ( 6.191799725105607166, 11.24985476181183230, -9.183359049252665329 ) ) ;
#3287 = CARTESIAN_POINT ( 'NONE',  ( 8.163359049252667532, 12.12485476181183408, -8.028200274894393473 ) ) ;
#3288 = CARTESIAN_POINT ( 'NONE',  ( 6.599999999999999645, 16.97902142847850016, -6.056640950747330443 ) ) ;
#3289 = LINE ( 'NONE', #6530, #2273 ) ;
#3290 = DIRECTION ( 'NONE',  ( -0.0000000000000000000, -1.000000000000000000, -0.0000000000000000000 ) ) ;
#3291 = FILL_AREA_STYLE_COLOUR ( '', #4553 ) ;
#3292 = CARTESIAN_POINT ( 'NONE',  ( 5.206020063032084089, 15.31235476181183053, 6.803599450211182287 ) ) ;
#3293 = LINE ( 'NONE', #9774, #5709 ) ;
#3294 = CARTESIAN_POINT ( 'NONE',  ( 5.036640950747339751, 11.83318809514517334, 7.211799725105601411 ) ) ;
#3295 = ORIENTED_EDGE ( 'NONE', *, *, #3281, .F. ) ;
#3296 = CARTESIAN_POINT ( 'NONE',  ( 5.783599450211213799, 12.78897827721596414, -9.013979936967929874 ) ) ;
#3297 = CARTESIAN_POINT ( 'NONE',  ( 6.200000000000203570, 18.73765341253183081, 9.784067862013648309 ) ) ;
#3298 = ORIENTED_EDGE ( 'NONE', *, *, #5362, .T. ) ;
#3299 = CARTESIAN_POINT ( 'NONE',  ( 6.904877320405787167, 16.47972206898996461, -1.167644284148498190 ) ) ;
#3300 = DIRECTION ( 'NONE',  ( 0.0000000000000000000, 0.0000000000000000000, -1.000000000000000000 ) ) ;
#3301 = LINE ( 'NONE', #3362, #4198 ) ;
#3302 = CARTESIAN_POINT ( 'NONE',  ( 7.993979936967930300, 15.64568809514516801, -8.436400549788782399 ) ) ;
#3303 = CARTESIAN_POINT ( 'NONE',  ( 7.008200274894414328, 13.70818809514516623, -1.563359049252658117 ) ) ;
#3304 = CARTESIAN_POINT ( 'NONE',  ( 26.05000000000000071, 0.5999999999999889866, 8.119999999999999218 ) ) ;
#3305 = CARTESIAN_POINT ( 'NONE',  ( 4.950000000000000178, 17.19999999999999929, 11.42999999999999972 ) ) ;
#3306 = EDGE_CURVE ( 'NONE', #394, #3890, #7157, .T. ) ;
#3307 = ADVANCED_FACE ( 'NONE', ( #130 ), #4292, .F. ) ;
#3308 = CARTESIAN_POINT ( 'NONE',  ( 6.599999999999999645, 17.26396121657894867, 5.270243693941864649 ) ) ;
#3309 = ORIENTED_EDGE ( 'NONE', *, *, #1157, .T. ) ;
#3310 = CARTESIAN_POINT ( 'NONE',  ( 5.783599450211198700, 12.43735476181183230, -6.226020063032071228 ) ) ;
#3311 = CARTESIAN_POINT ( 'NONE',  ( 8.299999999999998934, 0.9000000000000110134, 2.074999999999999734 ) ) ;
#3312 = COLOUR_RGB ( '',0.2862745098039215508, 0.6431372549019607199, 0.8666666666666666963 ) ;
#3313 = DIRECTION ( 'NONE',  ( -0.0000000000000000000, -0.9805806756909201116, 0.1961161351381840168 ) ) ;
#3314 = CARTESIAN_POINT ( 'NONE',  ( 5.250000000000016875, 21.69999999999999929, -10.35495886623548323 ) ) ;
#3315 = CARTESIAN_POINT ( 'NONE',  ( 5.036640950747337087, 16.87485476181183586, 0.4082002748943980852 ) ) ;
#3316 = AXIS2_PLACEMENT_3D ( 'NONE', #5552, #1463, #1556 ) ;
#3317 = CARTESIAN_POINT ( 'NONE',  ( 7.416400549788778385, 13.18735476181183586, 6.226020063032068563 ) ) ;
#3318 = AXIS2_PLACEMENT_3D ( 'NONE', #7107, #1589, #8857 ) ;
#3319 =( GEOMETRIC_REPRESENTATION_CONTEXT ( 3 ) GLOBAL_UNCERTAINTY_ASSIGNED_CONTEXT ( ( #3557 ) ) GLOBAL_UNIT_ASSIGNED_CONTEXT ( ( #7606, #5232, #327 ) ) REPRESENTATION_CONTEXT ( 'NONE', 'WORKASPACE' ) );
#3320 = CARTESIAN_POINT ( 'NONE',  ( 6.599999999999999645, 17.27092694212258550, 2.349269215077992357 ) ) ;
#3321 = FILL_AREA_STYLE ('',( #1695 ) ) ;
#3322 = SURFACE_STYLE_USAGE ( .BOTH. , #6571 ) ;
#3323 = CIRCLE ( 'NONE', #4177, 2.349999999999999645 ) ;
#3324 = UNCERTAINTY_MEASURE_WITH_UNIT (LENGTH_MEASURE( 1.000000000000000082E-05 ), #5720, 'distance_accuracy_value', 'NONE');
#3325 = PLANE ( 'NONE',  #7431 ) ;
#3326 =( NAMED_UNIT ( * ) SI_UNIT ( $, .STERADIAN. ) SOLID_ANGLE_UNIT ( ) );
#3328 = ORIENTED_EDGE ( 'NONE', *, *, #2151, .F. ) ;
#3327 = CARTESIAN_POINT ( 'NONE',  ( 11.29951261211627234, 17.26396121657895222, 9.969756306058135564 ) ) ;
#3329 = CARTESIAN_POINT ( 'NONE',  ( 7.000000000000000000, 17.94999999999999929, 14.01999999999999957 ) ) ;
#3330 = ORIENTED_EDGE ( 'NONE', *, *, #10294, .T. ) ;
#3331 = ORIENTED_EDGE ( 'NONE', *, *, #2015, .F. ) ;
#3332 = CARTESIAN_POINT ( 'NONE',  ( 6.600000000000000533, 17.25000000000000000, -9.969999999999998863 ) ) ;
#3334 = EDGE_CURVE ( 'NONE', #4612, #4936, #840, .T. ) ;
#3333 = VECTOR ( 'NONE', #3380, 1000.000000000000000 ) ;
#3335 = SURFACE_STYLE_FILL_AREA ( #3980 ) ;
#3336 = SURFACE_STYLE_FILL_AREA ( #178 ) ;
#3337 = CARTESIAN_POINT ( 'NONE',  ( 11.29999999999999716, 17.25000000000000355, 2.349999999999999645 ) ) ;
#3338 = LINE ( 'NONE', #5843, #2836 ) ;
#3339 = VECTOR ( 'NONE', #5129, 1000.000000000000000 ) ;
#3341 = ORIENTED_EDGE ( 'NONE', *, *, #5184, .T. ) ;
#3340 = CARTESIAN_POINT ( 'NONE',  ( 7.008200274894414328, 13.70818809514516623, -1.563359049252658117 ) ) ;
#3342 = CARTESIAN_POINT ( 'NONE',  ( 5.432355715851499234, 16.64638873565663246, -7.315122679594210808 ) ) ;
#3343 = EDGE_CURVE ( 'NONE', #7789, #2370, #9011, .T. ) ;
#3344 = ORIENTED_EDGE ( 'NONE', *, *, #1757, .T. ) ;
#3345 = CARTESIAN_POINT ( 'NONE',  ( 5.206020063032074319, 16.33064494388263554, -8.436400549788794834 ) ) ;
#3346 = VECTOR ( 'NONE', #5722, 1000.000000000000000 ) ;
#3347 = CARTESIAN_POINT ( 'NONE',  ( 12.59999999999999964, 0.0000000000000000000, -10.82999999999999829 ) ) ;
#3348 = DIRECTION ( 'NONE',  ( 0.5547001962252289253, 0.0000000000000000000, 0.8320502943378437211 ) ) ;
#3349 = EDGE_CURVE ( 'NONE', #2988, #10289, #2404, .T. ) ;
#3350 =( REPRESENTATION_RELATIONSHIP ('NONE','NONE', #9025, #7474 ) REPRESENTATION_RELATIONSHIP_WITH_TRANSFORMATION ( #5411 )SHAPE_REPRESENTATION_RELATIONSHIP( ) );
#3351 = CARTESIAN_POINT ( 'NONE',  ( 7.993979936967932076, 14.56235476181183408, 8.436400549788777070 ) ) ;
#3352 = CARTESIAN_POINT ( 'NONE',  ( 6.599999999999999645, 17.19999999999999929, -7.620000000000000107 ) ) ;
#3353 = VECTOR ( 'NONE', #7080, 1000.000000000000000 ) ;
#3354 = CARTESIAN_POINT ( 'NONE',  ( 6.295122679594215676, 11.02138873565663246, 6.452355715851497919 ) ) ;
#3355 = VERTEX_POINT ( 'NONE', #19 ) ;
#3356 = EDGE_LOOP ( 'NONE', ( #8533, #5868, #9442, #9600, #3909, #1374, #5318, #8700 ) ) ;
#3357 = CARTESIAN_POINT ( 'NONE',  ( 5.036640950747329981, 12.85147827721596414, -8.028200274894382815 ) ) ;
#3358 = DIRECTION ( 'NONE',  ( -1.000000000000000000, 0.0000000000000000000, 0.0000000000000000000 ) ) ;
#3359 = UNCERTAINTY_MEASURE_WITH_UNIT (LENGTH_MEASURE( 1.000000000000000082E-05 ), #7912, 'distance_accuracy_value', 'NONE');
#3360 = CARTESIAN_POINT ( 'NONE',  ( 6.295122679594213011, 16.52138873565663246, -1.167644284148498413 ) ) ;
#3361 = PLANE ( 'NONE',  #1822 ) ;
#3362 = CARTESIAN_POINT ( 'NONE',  ( 9.224999999999999645, 0.8999999999999920286, 10.83000000000000007 ) ) ;
#3363 = AXIS2_PLACEMENT_3D ( 'NONE', #5344, #228, #2010 ) ;
#3364 = COLOUR_RGB ( '',0.2862745098039215508, 0.6431372549019607199, 0.8666666666666666963 ) ;
#3365 = MECHANICAL_DESIGN_GEOMETRIC_PRESENTATION_REPRESENTATION (  '', ( #72 ), #4213 ) ;
#3366 = CARTESIAN_POINT ( 'NONE',  ( 5.783599450211213799, 12.78897827721596414, -1.393979936967932209 ) ) ;
#3367 = DIRECTION ( 'NONE',  ( 0.0000000000000000000, -0.9805806756909201116, -0.1961161351381840168 ) ) ;
#3368 = FACE_BOUND ( 'NONE', #296, .T. ) ;
#3369 = DIRECTION ( 'NONE',  ( 0.0000000000000000000, 0.0000000000000000000, 1.000000000000000000 ) ) ;
#3370 = CARTESIAN_POINT ( 'NONE',  ( 5.250000000000000000, 21.69999999999999929, -4.885041133764532084 ) ) ;
#3371 = CIRCLE ( 'NONE', #5418, 2.500000000000000444 ) ;
#3372 = DIRECTION ( 'NONE',  ( 0.0000000000000000000, -0.0000000000000000000, 1.000000000000000000 ) ) ;
#3373 = VERTEX_POINT ( 'NONE', #2615 ) ;
#3374 = VECTOR ( 'NONE', #382, 1000.000000000000000 ) ;
#3375 = CARTESIAN_POINT ( 'NONE',  ( 7.008200274894383242, 11.99985476181183230, -6.056640950747333108 ) ) ;
#3376 = CARTESIAN_POINT ( 'NONE',  ( 6.599999999999999645, 17.02352941175888645, -7.620000000000000107 ) ) ;
#3377 = EDGE_LOOP ( 'NONE', ( #2947, #5481, #2883, #9400 ) ) ;
#3378 =( NAMED_UNIT ( * ) SI_UNIT ( $, .STERADIAN. ) SOLID_ANGLE_UNIT ( ) );
#3379 = ADVANCED_FACE ( 'NONE', ( #5004 ), #1752, .F. ) ;
#3380 = DIRECTION ( 'NONE',  ( -0.0000000000000000000, -0.0000000000000000000, 1.000000000000000000 ) ) ;
#3381 = CARTESIAN_POINT ( 'NONE',  ( 5.783599450211211135, 16.43735476181182875, 1.393979936967928879 ) ) ;
#3382 = VECTOR ( 'NONE', #8189, 1000.000000000000000 ) ;
#3383 = CIRCLE ( 'NONE', #4751, 0.2999999999999999334 ) ;
#3384 = CARTESIAN_POINT ( 'NONE',  ( 7.993979936967914313, 13.64568809514516801, 6.803599450211176958 ) ) ;
#3385 = SURFACE_SIDE_STYLE ('',( #1077 ) ) ;
#3386 = ORIENTED_EDGE ( 'NONE', *, *, #7556, .T. ) ;
#3387 =( GEOMETRIC_REPRESENTATION_CONTEXT ( 3 ) GLOBAL_UNCERTAINTY_ASSIGNED_CONTEXT ( ( #2113 ) ) GLOBAL_UNIT_ASSIGNED_CONTEXT ( ( #4782, #782, #4951 ) ) REPRESENTATION_CONTEXT ( 'NONE', 'WORKASPACE' ) );
#3388 = LINE ( 'NONE', #8112, #7094 ) ;
#3389 = DIRECTION ( 'NONE',  ( 0.0000000000000000000, 0.0000000000000000000, 1.000000000000000000 ) ) ;
#3391 = VERTEX_POINT ( 'NONE', #5791 ) ;
#3390 = CARTESIAN_POINT ( 'NONE',  ( 11.29951261211627056, 17.26396121657895222, 5.270243693941861096 ) ) ;
#3392 = CARTESIAN_POINT ( 'NONE',  ( 7.000000000000000000, 18.75000000000000000, -2.120707315959668104 ) ) ;
#3393 =( BOUNDED_SURFACE ( )  B_SPLINE_SURFACE ( 3, 3, ( 
 ( #7061, #10318, #1388, #5529 ),
 ( #9564, #4688, #7751, #3679 ),
 ( #9404, #7009, #2909, #474 ),
 ( #2250, #10208, #10154, #6164 ) ),
 .UNSPECIFIED., .F., .F., .F. ) 
 B_SPLINE_SURFACE_WITH_KNOTS ( ( 4, 4 ),
 ( 4, 4 ),
 ( 0.0000000000000000000, 1.000000000000000000 ),
 ( 0.0000000000000000000, 1.000000000000000000 ),
 .UNSPECIFIED. ) 
 GEOMETRIC_REPRESENTATION_ITEM ( )  RATIONAL_B_SPLINE_SURFACE ( (
 ( 1.000000000000000000, 0.3333333333333332038, 0.3333333333333332038, 1.000000000000000000),
 ( 0.9995938846793954724, 0.3331979615597983613, 0.3331979615597983613, 0.9995938846793954724),
 ( 0.9995938846793954724, 0.3331979615597983613, 0.3331979615597983613, 0.9995938846793954724),
 ( 1.000000000000000000, 0.3333333333333332038, 0.3333333333333332038, 1.000000000000000000) ) ) 
 REPRESENTATION_ITEM ( '' )  SURFACE ( )  );
#3394 = CARTESIAN_POINT ( 'NONE',  ( 7.000000000000000000, 17.94999999999999929, 14.01999999999999957 ) ) ;
#3395 =( NAMED_UNIT ( * ) SI_UNIT ( $, .STERADIAN. ) SOLID_ANGLE_UNIT ( ) );
#3396 = CARTESIAN_POINT ( 'NONE',  ( 2.100000000000006750, 9.400000000000034106, -5.919999999999996376 ) ) ;
#3397 = FILL_AREA_STYLE ('',( #3556 ) ) ;
#3398 = SURFACE_STYLE_FILL_AREA ( #7419 ) ;
#3400 = VERTEX_POINT ( 'NONE', #7978 ) ;
#3399 = CARTESIAN_POINT ( 'NONE',  ( 5.990245359188446805, 13.70888873565663602, 1.041138122682937928 ) ) ;
#3401 = CARTESIAN_POINT ( 'NONE',  ( 7.993979936967890332, 10.58064494388244725, -6.803599450211189392 ) ) ;
#3402 = VERTEX_POINT ( 'NONE', #5890 ) ;
#3403 = FILL_AREA_STYLE_COLOUR ( '', #9908 ) ;
#3404 = DIRECTION ( 'NONE',  ( -0.0000000000000000000, -0.0000000000000000000, 1.000000000000000000 ) ) ;
#3405 = DIRECTION ( 'NONE',  ( 0.0000000000000000000, 1.000000000000000000, 0.0000000000000000000 ) ) ;
#3406 = CARTESIAN_POINT ( 'NONE',  ( 6.191799725105584074, 14.24985476181183408, 6.056640950747341989 ) ) ;
#3407 = CARTESIAN_POINT ( 'NONE',  ( 2.918703862245727532, 18.65697564737531522, 5.938842350380121538 ) ) ;
#3408 = CARTESIAN_POINT ( 'NONE',  ( 6.904877320405779173, 11.27138873565663246, 8.787644284148511176 ) ) ;
#3409 = ORIENTED_EDGE ( 'NONE', *, *, #4815, .T. ) ;
#3410 = CARTESIAN_POINT ( 'NONE',  ( 5.206020063032061884, 13.33064494388263022, -8.436400549788773517 ) ) ;
#3411 = ORIENTED_EDGE ( 'NONE', *, *, #696, .T. ) ;
#3412 = EDGE_CURVE ( 'NONE', #5292, #10530, #10411, .T. ) ;
#3413 = CARTESIAN_POINT ( 'NONE',  ( 6.599999999999999645, 16.94999999999999929, 5.569999999999996732 ) ) ;
#3414 = CARTESIAN_POINT ( 'NONE',  ( 5.036640950747332646, 13.39314494388263022, 0.4082002748943825421 ) ) ;
#3415 =( NAMED_UNIT ( * ) PLANE_ANGLE_UNIT ( ) SI_UNIT ( $, .RADIAN. ) );
#3416 = CARTESIAN_POINT ( 'NONE',  ( 6.599999999999999645, 16.94999999999999929, 5.569999999999996732 ) ) ;
#3417 = CARTESIAN_POINT ( 'NONE',  ( 6.408477470715484792, 16.95000000000000639, 9.183359049252670658 ) ) ;
#3418 = DIRECTION ( 'NONE',  ( 0.0000000000000000000, 0.0000000000000000000, -1.000000000000000000 ) ) ;
#3419 = EDGE_CURVE ( 'NONE', #5970, #541, #9117, .T. ) ;
#3420 = DIRECTION ( 'NONE',  ( 0.0000000000000000000, 1.000000000000000000, 0.0000000000000000000 ) ) ;
#3421 =( LENGTH_UNIT ( ) NAMED_UNIT ( * ) SI_UNIT ( .MILLI., .METRE. ) );
#3422 = ORIENTED_EDGE ( 'NONE', *, *, #1113, .F. ) ;
#3423 = CARTESIAN_POINT ( 'NONE',  ( 6.191799725105594732, 11.95818809514516445, -6.056640950747342877 ) ) ;
#3424 = PLANE ( 'NONE',  #9775 ) ;
#3425 = EDGE_CURVE ( 'NONE', #8486, #2788, #9783, .T. ) ;
#3426 = SURFACE_STYLE_USAGE ( .BOTH. , #10112 ) ;
#3427 = FILL_AREA_STYLE_COLOUR ( '', #5893 ) ;
#3428 = CARTESIAN_POINT ( 'NONE',  ( 5.206020063032074319, 16.81235476181183586, -0.8164005497887926177 ) ) ;
#3429 = CARTESIAN_POINT ( 'NONE',  ( 5.783599450211176496, 12.28897827721596592, 6.226020063032088991 ) ) ;
#3430 = DIRECTION ( 'NONE',  ( -0.6838758462128046167, -0.7001586044559665600, 0.2051627538638380877 ) ) ;
#3431 = FILL_AREA_STYLE_COLOUR ( '', #3710 ) ;
#3432 = EDGE_LOOP ( 'NONE', ( #4878, #2000 ) ) ;
#3433 = CARTESIAN_POINT ( 'NONE',  ( 0.0000000000000000000, 11.50000000000000000, -11.42999999999999972 ) ) ;
#3434 = CARTESIAN_POINT ( 'NONE',  ( 0.0000000000000000000, 2.649999999999999911, 11.42999999999999972 ) ) ;
#3435 = ORIENTED_EDGE ( 'NONE', *, *, #2234, .T. ) ;
#3436 = DIRECTION ( 'NONE',  ( 0.0000000000000000000, 0.0000000000000000000, -1.000000000000000000 ) ) ;
#3437 =( NAMED_UNIT ( * ) SI_UNIT ( $, .STERADIAN. ) SOLID_ANGLE_UNIT ( ) );
#3438 =( NAMED_UNIT ( * ) SI_UNIT ( $, .STERADIAN. ) SOLID_ANGLE_UNIT ( ) );
#3439 = FILL_AREA_STYLE_COLOUR ( '', #3995 ) ;
#3440 =( LENGTH_UNIT ( ) NAMED_UNIT ( * ) SI_UNIT ( .MILLI., .METRE. ) );
#3441 = DIRECTION ( 'NONE',  ( 0.0000000000000000000, 0.0000000000000000000, -1.000000000000000000 ) ) ;
#3443 = VERTEX_POINT ( 'NONE', #79 ) ;
#3442 = CARTESIAN_POINT ( 'NONE',  ( 7.416400549788780161, 13.68735476181183053, -1.393979936967931765 ) ) ;
#3444 = CARTESIAN_POINT ( 'NONE',  ( 7.993979936967914313, 11.14568809514516978, -8.436400549788817926 ) ) ;
#3445 = CARTESIAN_POINT ( 'NONE',  ( 1.944626135594410110, 0.8999999999999928058, 11.00500000000000078 ) ) ;
#3446 = STYLED_ITEM ( 'NONE', ( #2726 ), #3477 ) ;
#3447 = CARTESIAN_POINT ( 'NONE',  ( 8.216190354971743659, 21.56257070629678907, -2.895969547302758240 ) ) ;
#3448 = CARTESIAN_POINT ( 'NONE',  ( 7.767644284148503608, 14.39638873565663069, 7.315122679594225907 ) ) ;
#3449 = CARTESIAN_POINT ( 'NONE',  ( 2.991223924135743673, 18.75000000000000000, 9.268039516159474189 ) ) ;
#3450 =( LENGTH_UNIT ( ) NAMED_UNIT ( * ) SI_UNIT ( .MILLI., .METRE. ) );
#3451 = EDGE_LOOP ( 'NONE', ( #5727, #8517, #1673, #7249, #1633, #7409 ) ) ;
#3452 = AXIS2_PLACEMENT_3D ( 'NONE', #5159, #4407, #6740 ) ;
#3453 = CARTESIAN_POINT ( 'NONE',  ( 6.200000000000330580, 18.72531777649773588, 9.802954768023644405 ) ) ;
#3454 = ORIENTED_EDGE ( 'NONE', *, *, #1638, .F. ) ;
#3455 = CARTESIAN_POINT ( 'NONE',  ( 5.558861877317069933, 16.66722206898996816, 0.6097546408115704919 ) ) ;
#3456 = CARTESIAN_POINT ( 'NONE',  ( 6.191799725105584074, 14.24985476181183408, -9.183359049252656447 ) ) ;
#3457 = DIRECTION ( 'NONE',  ( -0.0000000000000000000, 1.000000000000000000, -0.0000000000000000000 ) ) ;
#3458 = DIRECTION ( 'NONE',  ( 0.0000000000000000000, 0.0000000000000000000, -1.000000000000000000 ) ) ;
#3459 = B_SPLINE_CURVE_WITH_KNOTS ( 'NONE', 3,
 ( #709, #10497, #3262, #824, #10545, #4940, #3215, #4175, #5826, #2441, #1738, #6450, #6563, #9693, #4238, #5663 ),
 .UNSPECIFIED., .F., .F.,
 ( 4, 3, 3, 3, 3, 4 ),
 ( 5.075978821247461557E-15, 3.323384349150314401E-05, 6.645056420405645614E-05, 9.993306315829503423E-05, 0.0001339503478117896537, 0.0001505948449509833553 ),
 .UNSPECIFIED. ) ;
#3460 = CARTESIAN_POINT ( 'NONE',  ( 8.163359049252667532, 12.12485476181183408, -0.4082002748943939219 ) ) ;
#3461 = CARTESIAN_POINT ( 'NONE',  ( 6.599999999999999645, 16.73816651951389645, 9.183359049252670658 ) ) ;
#3462 = PLANE ( 'NONE',  #9998 ) ;
#3463 = FILL_AREA_STYLE ('',( #6654 ) ) ;
#3464 = CARTESIAN_POINT ( 'NONE',  ( 6.409950764738464812, 16.96934761898564403, -6.056640950747330443 ) ) ;
#3465 = ADVANCED_FACE ( 'NONE', ( #6722 ), #8272, .T. ) ;
#3466 = CARTESIAN_POINT ( 'NONE',  ( 1.901461569844125954, 17.27092694212337776, 9.969269215077936508 ) ) ;
#3467 = CARTESIAN_POINT ( 'NONE',  ( 2.991223924134923440, 18.75000000000000000, 1.648039516160519469 ) ) ;
#3468 = VERTEX_POINT ( 'NONE', #7627 ) ;
#3469 = CARTESIAN_POINT ( 'NONE',  ( 7.416400549788805030, 15.03897827721596414, -6.226020063032078333 ) ) ;
#3470 = LINE ( 'NONE', #3311, #6209 ) ;
#3471 = STYLED_ITEM ( 'NONE', ( #962 ), #39 ) ;
#3472 = CARTESIAN_POINT ( 'NONE',  ( 8.168612711809434046, 21.60551571010886107, 10.48761281610423346 ) ) ;
#3473 = DIRECTION ( 'NONE',  ( 0.0000000000000000000, 0.0000000000000000000, 1.000000000000000000 ) ) ;
#3474 = CARTESIAN_POINT ( 'NONE',  ( 7.993979936967930300, 15.64568809514516801, -0.8164005497887827367 ) ) ;
#3475 = EDGE_CURVE ( 'NONE', #7468, #7593, #6935, .T. ) ;
#3476 = CARTESIAN_POINT ( 'NONE',  ( 5.036640950747343304, 11.89314494388263199, 8.028200274894407684 ) ) ;
#3477 = ADVANCED_FACE ( 'NONE', ( #1962 ), #8423, .T. ) ;
#3478 = AXIS2_PLACEMENT_3D ( 'NONE', #8902, #7105, #634 ) ;
#3479 = DIRECTION ( 'NONE',  ( 0.0000000000000000000, -0.9805806756909201116, -0.1961161351381840168 ) ) ;
#3480 = CARTESIAN_POINT ( 'NONE',  ( 6.599999999999999645, 16.94999999999424745, 0.0000000000000000000 ) ) ;
#3481 = CARTESIAN_POINT ( 'NONE',  ( 4.084577011085770870, 21.69999999999999929, 9.350761827355563938 ) ) ;
#3482 = VERTEX_POINT ( 'NONE', #9331 ) ;
#3483 = CARTESIAN_POINT ( 'NONE',  ( 6.999999999999670486, 18.71710165481690069, -2.190513436903208433 ) ) ;
#3484 = ORIENTED_EDGE ( 'NONE', *, *, #2580, .F. ) ;
#3485 = CARTESIAN_POINT ( 'NONE',  ( 5.206020063032072542, 11.39568809514516623, -6.803599450211200050 ) ) ;
#3486 = VECTOR ( 'NONE', #10559, 1000.000000000000000 ) ;
#3487 = B_SPLINE_CURVE_WITH_KNOTS ( 'NONE', 3,
 ( #4439, #1096, #4290, #5053, #7563, #9868, #171, #8270, #7625, #9172, #9115, #4392, #2776, #3481, #3545, #5982, #2674, #6720, #6030, #9061 ),
 .UNSPECIFIED., .F., .F.,
 ( 4, 2, 2, 2, 2, 2, 2, 2, 2, 4 ),
 ( 0.0000000000000000000, 0.1249999999999998890, 0.2499999999999997780, 0.3749999999999998890, 0.5000000000000000000, 0.6250000000000001110, 0.7500000000000002220, 0.8125000000000001110, 0.8750000000000001110, 1.000000000000000000 ),
 .UNSPECIFIED. ) ;
#3488 = DIRECTION ( 'NONE',  ( -1.000000000000000000, 0.0000000000000000000, 0.0000000000000000000 ) ) ;
#3489 = MECHANICAL_DESIGN_GEOMETRIC_PRESENTATION_REPRESENTATION (  '', ( #5196 ), #2797 ) ;
#3490 = DIRECTION ( 'NONE',  ( 1.000000000000000000, 0.0000000000000000000, -0.0000000000000000000 ) ) ;
#3491 = CARTESIAN_POINT ( 'NONE',  ( 8.299999999999998934, -4.750000000000000000, -5.544999999999999929 ) ) ;
#3492 = COLOUR_RGB ( '',0.2862745098039215508, 0.6431372549019607199, 0.8666666666666666963 ) ;
#3493 = CARTESIAN_POINT ( 'NONE',  ( 2.810000000000000053, 0.0000000000000000000, 11.42999999999999972 ) ) ;
#3495 = VERTEX_POINT ( 'NONE', #5302 ) ;
#3494 = CARTESIAN_POINT ( 'NONE',  ( 6.191799725105594732, 12.95818809514516090, 1.563359049252661892 ) ) ;
#3496 = CARTESIAN_POINT ( 'NONE',  ( 5.783599450211206694, 16.77068809514516801, -9.013979936967928097 ) ) ;
#3497 = ORIENTED_EDGE ( 'NONE', *, *, #2801, .T. ) ;
#3498 = ADVANCED_FACE ( 'NONE', ( #6779 ), #4441, .T. ) ;
#3499 = ORIENTED_EDGE ( 'NONE', *, *, #696, .F. ) ;
#3500 = STYLED_ITEM ( 'NONE', ( #9554 ), #2392 ) ;
#3501 = CARTESIAN_POINT ( 'NONE',  ( 11.69999999999999929, -6.929999999999949978, -11.42999999999999972 ) ) ;
#3502 =( NAMED_UNIT ( * ) SI_UNIT ( $, .STERADIAN. ) SOLID_ANGLE_UNIT ( ) );
#3503 =( GEOMETRIC_REPRESENTATION_CONTEXT ( 3 ) GLOBAL_UNCERTAINTY_ASSIGNED_CONTEXT ( ( #8221 ) ) GLOBAL_UNIT_ASSIGNED_CONTEXT ( ( #1718, #5807, #259 ) ) REPRESENTATION_CONTEXT ( 'NONE', 'WORKASPACE' ) );
#3504 = CARTESIAN_POINT ( 'NONE',  ( 5.558861877317071709, 14.16722206898996284, 8.229754640811560051 ) ) ;
#3505 = DIRECTION ( 'NONE',  ( 6.883823317368279851E-17, -1.000000000000000000, 0.0000000000000000000 ) ) ;
#3506 = CARTESIAN_POINT ( 'NONE',  ( 1.966173140978199951, -6.929999999999949978, -11.83500000000000085 ) ) ;
#3507 = VECTOR ( 'NONE', #164, 1000.000000000000000 ) ;
#3508 = ORIENTED_EDGE ( 'NONE', *, *, #1594, .T. ) ;
#3509 = AXIS2_PLACEMENT_3D ( 'NONE', #843, #6511, #8852 ) ;
#3510 = ORIENTED_EDGE ( 'NONE', *, *, #9992, .T. ) ;
#3511 = CARTESIAN_POINT ( 'NONE',  ( 6.199999999999999289, 18.65697564738198011, -9.836544185262374285 ) ) ;
#3512 = CARTESIAN_POINT ( 'NONE',  ( 7.767644284148505385, 15.39638873565663069, -0.3048773204057691477 ) ) ;
#3513 = CARTESIAN_POINT ( 'NONE',  ( 5.558861877317072597, 14.08388873565663602, -8.229754640811581368 ) ) ;
#3514 = DIRECTION ( 'NONE',  ( 1.326525867060349907E-16, 1.000000000000000000, 0.0000000000000000000 ) ) ;
#3515 = DIRECTION ( 'NONE',  ( -0.0000000000000000000, -1.000000000000000000, -0.0000000000000000000 ) ) ;
#3516 = CARTESIAN_POINT ( 'NONE',  ( 6.191799725105594732, 11.95818809514516445, 1.563359049252657673 ) ) ;
#3517 = PLANE ( 'NONE',  #9086 ) ;
#3518 = DIRECTION ( 'NONE',  ( 0.0000000000000000000, 0.0000000000000000000, 1.000000000000000000 ) ) ;
#3519 = VECTOR ( 'NONE', #2877, 1000.000000000000000 ) ;
#3520 = LINE ( 'NONE', #7700, #10313 ) ;
#3521 =( GEOMETRIC_REPRESENTATION_CONTEXT ( 3 ) GLOBAL_UNCERTAINTY_ASSIGNED_CONTEXT ( ( #2373 ) ) GLOBAL_UNIT_ASSIGNED_CONTEXT ( ( #4116, #1785, #6611 ) ) REPRESENTATION_CONTEXT ( 'NONE', 'WORKASPACE' ) );
#3522 = LINE ( 'NONE', #10055, #10572 ) ;
#3523 = CARTESIAN_POINT ( 'NONE',  ( 6.199999999999999289, 17.94999999999999929, 14.01999999999999957 ) ) ;
#3524 = CARTESIAN_POINT ( 'NONE',  ( 7.416400549788791707, 16.52068809514516445, 9.013979936967926321 ) ) ;
#3525 = ORIENTED_EDGE ( 'NONE', *, *, #6451, .T. ) ;
#3526 = CARTESIAN_POINT ( 'NONE',  ( 7.416400549788805030, 15.18735476181182875, -9.013979936967919215 ) ) ;
#3527 = LINE ( 'NONE', #3694, #2459 ) ;
#3528 =( GEOMETRIC_REPRESENTATION_CONTEXT ( 3 ) GLOBAL_UNCERTAINTY_ASSIGNED_CONTEXT ( ( #9601 ) ) GLOBAL_UNIT_ASSIGNED_CONTEXT ( ( #3421, #876, #2658 ) ) REPRESENTATION_CONTEXT ( 'NONE', 'WORKASPACE' ) );
#3529 = AXIS2_PLACEMENT_3D ( 'NONE', #9094, #206, #3518 ) ;
#3530 = CIRCLE ( 'NONE', #1103, 2.500000000000000444 ) ;
#3531 = MECHANICAL_DESIGN_GEOMETRIC_PRESENTATION_REPRESENTATION (  '', ( #2491 ), #5569 ) ;
#3532 = LINE ( 'NONE', #938, #958 ) ;
#3533 = PRESENTATION_STYLE_ASSIGNMENT (( #8211 ) ) ;
#3534 = EDGE_CURVE ( 'NONE', #10015, #405, #1202, .T. ) ;
#3535 = ORIENTED_EDGE ( 'NONE', *, *, #3419, .T. ) ;
#3536 = CARTESIAN_POINT ( 'NONE',  ( 5.206020063032076095, 15.81235476181183230, -0.8164005497888051632 ) ) ;
#3537 = CARTESIAN_POINT ( 'NONE',  ( 7.008200274894401893, 12.20818809514516445, 6.056640950747341101 ) ) ;
#3538 = AXIS2_PLACEMENT_3D ( 'NONE', #6640, #9075, #3348 ) ;
#3539 = PRESENTATION_LAYER_ASSIGNMENT (  '', '', ( #8116 ) ) ;
#3540 = CARTESIAN_POINT ( 'NONE',  ( 6.599999999999999645, 17.25000000000000000, -2.349999999999999645 ) ) ;
#3541 = EDGE_CURVE ( 'NONE', #35, #1750, #345, .T. ) ;
#3542 = ADVANCED_FACE ( 'NONE', ( #7723 ), #396, .T. ) ;
#3543 =( BOUNDED_CURVE ( )  B_SPLINE_CURVE ( 3, ( #2280, #4123, #772, #664 ),
 .UNSPECIFIED., .F., .T. ) 
 B_SPLINE_CURVE_WITH_KNOTS ( ( 4, 4 ),
 ( 0.0000000000000000000, 1.000000000000000000 ),
 .UNSPECIFIED. ) 
 CURVE ( )  GEOMETRIC_REPRESENTATION_ITEM ( )  RATIONAL_B_SPLINE_CURVE ( ( 1.000000000000000000, 0.4572150582541684161, 0.4572150582541684161, 1.000000000000000000 ) ) 
 REPRESENTATION_ITEM ( '' )  );
#3544 =( GEOMETRIC_REPRESENTATION_CONTEXT ( 3 ) GLOBAL_UNCERTAINTY_ASSIGNED_CONTEXT ( ( #5471 ) ) GLOBAL_UNIT_ASSIGNED_CONTEXT ( ( #4511, #4627, #10035 ) ) REPRESENTATION_CONTEXT ( 'NONE', 'WORKASPACE' ) );
#3545 = CARTESIAN_POINT ( 'NONE',  ( 4.167191878871121524, 21.69999999999999574, 9.465196151916579481 ) ) ;
#3546 = ORIENTED_EDGE ( 'NONE', *, *, #3268, .T. ) ;
#3547 = EDGE_CURVE ( 'NONE', #8465, #1277, #4561, .T. ) ;
#3548 = STYLED_ITEM ( 'NONE', ( #2323 ), #8023 ) ;
#3549 = SURFACE_STYLE_FILL_AREA ( #6032 ) ;
#3550 = CARTESIAN_POINT ( 'NONE',  ( 7.209754640811572912, 11.29222206898997172, -6.578861877317070395 ) ) ;
#3551 = PLANE ( 'NONE',  #10463 ) ;
#3552 = LINE ( 'NONE', #1904, #183 ) ;
#3553 = VECTOR ( 'NONE', #3313, 1000.000000000000114 ) ;
#3554 = LINE ( 'NONE', #1814, #10280 ) ;
#3555 = EDGE_CURVE ( 'NONE', #2560, #8984, #3767, .T. ) ;
#3556 = FILL_AREA_STYLE_COLOUR ( '', #1251 ) ;
#3557 = UNCERTAINTY_MEASURE_WITH_UNIT (LENGTH_MEASURE( 1.000000000000000082E-05 ), #7606, 'distance_accuracy_value', 'NONE');
#3558 = LINE ( 'NONE', #4502, #1625 ) ;
#3559 = EDGE_CURVE ( 'NONE', #977, #6944, #1855, .T. ) ;
#3561 = EDGE_LOOP ( 'NONE', ( #8078, #2573, #1362, #6933 ) ) ;
#3560 = CARTESIAN_POINT ( 'NONE',  ( 5.206020063032076983, 13.31235476181182698, -0.8164005497888077167 ) ) ;
#3562 = ORIENTED_EDGE ( 'NONE', *, *, #6911, .T. ) ;
#3563 = CARTESIAN_POINT ( 'NONE',  ( 7.008200274894395676, 16.49985476181183230, -6.056640950747337548 ) ) ;
#3564 = VECTOR ( 'NONE', #9239, 1000.000000000000114 ) ;
#3565 = SURFACE_STYLE_FILL_AREA ( #7582 ) ;
#3566 = CARTESIAN_POINT ( 'NONE',  ( 8.163359049252674637, 13.60147827721596592, 8.028200274894368604 ) ) ;
#3567 = CARTESIAN_POINT ( 'NONE',  ( 7.949999999999998401, 21.69999999999999929, -2.734958866235468911 ) ) ;
#3568 = CARTESIAN_POINT ( 'NONE',  ( 5.558861877317065492, 14.58388873565663069, 7.010245359188441938 ) ) ;
#3569 = FACE_OUTER_BOUND ( 'NONE', #6825, .T. ) ;
#3570 = SURFACE_STYLE_FILL_AREA ( #9140 ) ;
#3571 = PRODUCT_DEFINITION_FORMATION_WITH_SPECIFIED_SOURCE ( 'ANY', '', #4747, .NOT_KNOWN. ) ;
#3572 = ORIENTED_EDGE ( 'NONE', *, *, #6978, .T. ) ;
#3573 = CARTESIAN_POINT ( 'NONE',  ( 5.157438894810348451, 21.57573593128806877, -3.023494246363633842 ) ) ;
#3574 = ORIENTED_EDGE ( 'NONE', *, *, #6553, .F. ) ;
#3575 = CARTESIAN_POINT ( 'NONE',  ( 7.993979936967930300, 15.64568809514516801, -0.8164005497887827367 ) ) ;
#3576 = CARTESIAN_POINT ( 'NONE',  ( 7.641138122682934686, 14.33388873565663602, -7.010245359188444603 ) ) ;
#3577 = ORIENTED_EDGE ( 'NONE', *, *, #2071, .T. ) ;
#3578 = LINE ( 'NONE', #2591, #9961 ) ;
#3579 = CARTESIAN_POINT ( 'NONE',  ( 7.416400549788779273, 12.03897827721596414, 1.393979936967932209 ) ) ;
#3580 = CARTESIAN_POINT ( 'NONE',  ( 6.599999999999999645, 16.94999999999999929, 9.133092460619714359 ) ) ;
#3581 = CARTESIAN_POINT ( 'NONE',  ( 6.599999999999999645, 18.65697564738866276, 7.620000000000000107 ) ) ;
#3582 = DIRECTION ( 'NONE',  ( 0.0000000000000000000, 0.0000000000000000000, 1.000000000000000000 ) ) ;
#3583 = EDGE_CURVE ( 'NONE', #9461, #3008, #235, .T. ) ;
#3584 = CARTESIAN_POINT ( 'NONE',  ( 6.200000000000403411, 18.74421396058624723, -2.149206760064482857 ) ) ;
#3585 = CARTESIAN_POINT ( 'NONE',  ( 7.416400549788780161, 15.70564494388263377, 6.226020063032066787 ) ) ;
#3586 = ORIENTED_EDGE ( 'NONE', *, *, #6553, .T. ) ;
#3587 = CARTESIAN_POINT ( 'NONE',  ( 7.416400549788779273, 14.20564494388263377, -9.013979936967931650 ) ) ;
#3588 = CARTESIAN_POINT ( 'NONE',  ( 6.599999999999999645, 17.19999999999999929, 7.620000000000000107 ) ) ;
#3589 = UNCERTAINTY_MEASURE_WITH_UNIT (LENGTH_MEASURE( 1.000000000000000082E-05 ), #4846, 'distance_accuracy_value', 'NONE');
#3590 = LINE ( 'NONE', #3697, #2332 ) ;
#3591 = ORIENTED_EDGE ( 'NONE', *, *, #10372, .T. ) ;
#3592 = CARTESIAN_POINT ( 'NONE',  ( 7.416400549788805030, 15.03897827721596414, 1.393979936967920663 ) ) ;
#3593 = CARTESIAN_POINT ( 'NONE',  ( 5.206020063032059220, 12.33064494388263022, 6.803599450211223143 ) ) ;
#3594 = CARTESIAN_POINT ( 'NONE',  ( 8.132528677978967835, 21.63827661291606574, 2.846222087488702979 ) ) ;
#3595 = CARTESIAN_POINT ( 'NONE',  ( 6.999999999999999112, 18.75000000000000000, -9.735099840886189071 ) ) ;
#3596 = EDGE_LOOP ( 'NONE', ( #8726, #5204 ) ) ;
#3597 = ORIENTED_EDGE ( 'NONE', *, *, #5573, .F. ) ;
#3598 = CARTESIAN_POINT ( 'NONE',  ( 7.641138122682925804, 11.41722206898996639, -8.229754640811567157 ) ) ;
#3599 = LINE ( 'NONE', #5892, #5894 ) ;
#3600 = EDGE_CURVE ( 'NONE', #5275, #3234, #3162, .T. ) ;
#3601 =( BOUNDED_CURVE ( )  B_SPLINE_CURVE ( 3, ( #2701, #4768, #108, #3413 ),
 .UNSPECIFIED., .F., .T. ) 
 B_SPLINE_CURVE_WITH_KNOTS ( ( 4, 4 ),
 ( 0.0000000000000000000, 1.000000000000000000 ),
 .UNSPECIFIED. ) 
 CURVE ( )  GEOMETRIC_REPRESENTATION_ITEM ( )  RATIONAL_B_SPLINE_CURVE ( ( 1.000000000000000000, 0.3333333333333332038, 0.3333333333333332038, 1.000000000000000000 ) ) 
 REPRESENTATION_ITEM ( '' )  );
#3602 = DIRECTION ( 'NONE',  ( 0.6838758462128041726, 0.7001586044559661159, 0.2051627538638410020 ) ) ;
#3603 = CARTESIAN_POINT ( 'NONE',  ( 7.993979936967921418, 12.08064494388263199, -6.803599450211196498 ) ) ;
#3604 = SURFACE_STYLE_USAGE ( .BOTH. , #8484 ) ;
#3606 = ORIENTED_EDGE ( 'NONE', *, *, #5819, .T. ) ;
#3605 = CARTESIAN_POINT ( 'NONE',  ( 5.432355715851507227, 13.14638873565663246, 0.3048773204057956820 ) ) ;
#3607 = ORIENTED_EDGE ( 'NONE', *, *, #1290, .T. ) ;
#3608 = CARTESIAN_POINT ( 'NONE',  ( 5.783599450211191595, 15.78897827721596414, -9.013979936967922768 ) ) ;
#3609 = EDGE_CURVE ( 'NONE', #9887, #7480, #667, .T. ) ;
#3610 = CARTESIAN_POINT ( 'NONE',  ( 7.416400549788820129, 14.03897827721596947, 9.013979936967915663 ) ) ;
#3611 = CARTESIAN_POINT ( 'NONE',  ( 8.134511918971792710, 21.63675154163616909, -2.847244072807487036 ) ) ;
#3612 = CARTESIAN_POINT ( 'NONE',  ( 7.641138122682924916, 13.41722206898996816, 7.010245359188404635 ) ) ;
#3613 = ADVANCED_FACE ( 'NONE', ( #9595 ), #616, .F. ) ;
#3614 = CARTESIAN_POINT ( 'NONE',  ( 1.184522214417185977E-15, 10.99999999999999645, -4.569999999999988738 ) ) ;
#3615 = DIRECTION ( 'NONE',  ( 0.6987395238751689108, 0.7153761792055298718, 0.0000000000000000000 ) ) ;
#3616 = VERTEX_POINT ( 'NONE', #4825 ) ;
#3617 = ORIENTED_EDGE ( 'NONE', *, *, #5440, .T. ) ;
#3618 = CARTESIAN_POINT ( 'NONE',  ( 5.783599450211176496, 12.77068809514516623, -9.013979936967910334 ) ) ;
#3619 = CARTESIAN_POINT ( 'NONE',  ( 7.000000000000000000, 18.65697564738292513, 2.216544185263754851 ) ) ;
#3620 = CARTESIAN_POINT ( 'NONE',  ( 5.432355715851502787, 16.10472206898996106, -0.3048773204057909081 ) ) ;
#3621 = AXIS2_PLACEMENT_3D ( 'NONE', #6628, #2565, #3436 ) ;
#3622 = CARTESIAN_POINT ( 'NONE',  ( 6.191799725105592067, 14.45818809514516623, -6.056640950747338437 ) ) ;
#3623 = ORIENTED_EDGE ( 'NONE', *, *, #225, .T. ) ;
#3624 = CARTESIAN_POINT ( 'NONE',  ( 6.599999999999999645, 17.27092694210341506, -7.620000000000000107 ) ) ;
#3625 = CARTESIAN_POINT ( 'NONE',  ( 7.993979936967930300, 12.16397827721596414, -0.8164005497887835139 ) ) ;
#3626 =( GEOMETRIC_REPRESENTATION_CONTEXT ( 3 ) GLOBAL_UNCERTAINTY_ASSIGNED_CONTEXT ( ( #4621 ) ) GLOBAL_UNIT_ASSIGNED_CONTEXT ( ( #193, #5317, #6111 ) ) REPRESENTATION_CONTEXT ( 'NONE', 'WORKASPACE' ) );
#3627 =( NAMED_UNIT ( * ) PLANE_ANGLE_UNIT ( ) SI_UNIT ( $, .RADIAN. ) );
#3628 = CARTESIAN_POINT ( 'NONE',  ( 4.949999999999999289, 17.19999999999999929, -2.915475947422649927 ) ) ;
#3629 = FACE_OUTER_BOUND ( 'NONE', #9342, .T. ) ;
#3630 = CARTESIAN_POINT ( 'NONE',  ( 6.190713557995390026, 16.95818809514510050, 9.183359049252670658 ) ) ;
#3631 = AXIS2_PLACEMENT_3D ( 'NONE', #6528, #8130, #7367 ) ;
#3632 = CARTESIAN_POINT ( 'NONE',  ( 6.199999999999997513, 18.75000000000000000, -2.126631248181689138 ) ) ;
#3633 = CARTESIAN_POINT ( 'NONE',  ( 7.416400549788779273, 16.02068809514516445, 9.013979936967931650 ) ) ;
#3634 = ORIENTED_EDGE ( 'NONE', *, *, #10550, .T. ) ;
#3635 = CARTESIAN_POINT ( 'NONE',  ( 7.008200274894382353, 15.20818809514516268, -9.183359049252668882 ) ) ;
#3636 = LINE ( 'NONE', #4379, #9096 ) ;
#3637 = CARTESIAN_POINT ( 'NONE',  ( 7.000000000000000888, 18.75000000000000000, -2.115099840886189853 ) ) ;
#3638 = ORIENTED_EDGE ( 'NONE', *, *, #8335, .F. ) ;
#3639 = CARTESIAN_POINT ( 'NONE',  ( 8.163359049252667532, 15.08318809514516445, 0.4082002748943792669 ) ) ;
#3640 = EDGE_CURVE ( 'NONE', #5406, #7933, #2340, .T. ) ;
#3641 = CARTESIAN_POINT ( 'NONE',  ( 7.416400549788803254, 12.02068809514516801, 9.013979936967922768 ) ) ;
#3642 = CARTESIAN_POINT ( 'NONE',  ( 6.599999999999999645, 17.25000000000000000, -5.270000000000000462 ) ) ;
#3643 = CARTESIAN_POINT ( 'NONE',  ( 6.999999999999668709, 18.71710165481693977, -9.810513436903173456 ) ) ;
#3644 = DIRECTION ( 'NONE',  ( -1.000000000000000000, -0.0000000000000000000, -0.0000000000000000000 ) ) ;
#3645 = DIRECTION ( 'NONE',  ( 0.0000000000000000000, 0.0000000000000000000, 1.000000000000000000 ) ) ;
#3646 = ORIENTED_EDGE ( 'NONE', *, *, #1775, .F. ) ;
#3647 = CARTESIAN_POINT ( 'NONE',  ( 7.500000000000000000, 0.9000000000000012434, 3.209999999999999964 ) ) ;
#3648 = B_SPLINE_CURVE_WITH_KNOTS ( 'NONE', 3,
 ( #7490, #2643, #5855, #8138, #147, #7324, #2538, #3453, #6691, #3297, #5915, #9781, #1547, #4862, #8081, #9728 ),
 .UNSPECIFIED., .F., .F.,
 ( 4, 3, 3, 3, 3, 4 ),
 ( 5.943753245856996205E-15, 3.323384349149847517E-05, 6.645056420405019487E-05, 9.993306315828823087E-05, 0.0001339503478117857777, 0.0001505948449509513984 ),
 .UNSPECIFIED. ) ;
#3649 = CARTESIAN_POINT ( 'NONE',  ( 7.418515449132929263, 10.81238888280939747, -6.787683479882659299 ) ) ;
#3650 = B_SPLINE_CURVE_WITH_KNOTS ( 'NONE', 3,
 ( #9565, #6629, #9872, #5891, #9065, #1389, #4689, #7923, #5584, #6356, #7971, #10515, #8969 ),
 .UNSPECIFIED., .F., .F.,
 ( 4, 2, 2, 1, 2, 2, 4 ),
 ( 0.0000000000000000000, 0.2500000000000299760, 0.3750000000000449640, 0.4375000000000497935, 0.4687500000000504041, 0.5000000000000510703, 1.000000000000000000 ),
 .UNSPECIFIED. ) ;
#3651 =( NAMED_UNIT ( * ) PLANE_ANGLE_UNIT ( ) SI_UNIT ( $, .RADIAN. ) );
#3652 = DIRECTION ( 'NONE',  ( 1.000000000000000000, 1.376764663473659915E-16, -0.0000000000000000000 ) ) ;
#3653 = VECTOR ( 'NONE', #335, 1000.000000000000000 ) ;
#3654 =( NAMED_UNIT ( * ) PLANE_ANGLE_UNIT ( ) SI_UNIT ( $, .RADIAN. ) );
#3655 = VECTOR ( 'NONE', #2080, 1000.000000000000000 ) ;
#3657 = EDGE_LOOP ( 'NONE', ( #890, #9083, #8924, #3309, #6956, #9217, #1442, #5280 ) ) ;
#3656 = CARTESIAN_POINT ( 'NONE',  ( 6.904877320405772956, 12.77138873565663424, 1.167644284148502853 ) ) ;
#3658 = PRESENTATION_LAYER_ASSIGNMENT (  '', '', ( #6025 ) ) ;
#3659 = EDGE_LOOP ( 'NONE', ( #4707, #7864, #4216, #5853 ) ) ;
#3660 = EDGE_CURVE ( 'NONE', #7077, #2988, #1367, .T. ) ;
#3661 = CARTESIAN_POINT ( 'NONE',  ( 5.036640950747340639, 15.39314494388263022, -7.211799725105589864 ) ) ;
#3662 = FACE_OUTER_BOUND ( 'NONE', #145, .T. ) ;
#3663 = CARTESIAN_POINT ( 'NONE',  ( 7.008200274894377024, 14.20818809514516623, 6.056640950747332219 ) ) ;
#3664 = DIRECTION ( 'NONE',  ( -0.4999999999999996669, -0.0000000000000000000, -0.8660254037844388186 ) ) ;
#3665 = COLOUR_RGB ( '',0.2862745098039215508, 0.6431372549019607199, 0.8666666666666666963 ) ;
#3666 = CARTESIAN_POINT ( 'NONE',  ( 5.206020063032076983, 13.31235476181182698, 6.803599450211193833 ) ) ;
#3667 = AXIS2_PLACEMENT_3D ( 'NONE', #2609, #7559, #8321 ) ;
#3668 = CARTESIAN_POINT ( 'NONE',  ( 1.843589838486222154, 0.8999999999999923617, 10.83000000000000007 ) ) ;
#3669 = DIRECTION ( 'NONE',  ( -0.8660254037844388186, 0.0000000000000000000, 0.4999999999999996669 ) ) ;
#3670 = B_SPLINE_CURVE_WITH_KNOTS ( 'NONE', 3,
 ( #3762, #7031, #4389, #8515, #1197, #5346, #8575, #6984, #2116, #1256, #6136, #6824, #9264, #1899, #10284, #341, #4491, #7668, #2011, #10072 ),
 .UNSPECIFIED., .F., .F.,
 ( 4, 2, 2, 2, 2, 2, 2, 2, 2, 4 ),
 ( 0.0000000000000000000, 0.1250000000000000278, 0.2500000000000000555, 0.3750000000000001110, 0.5000000000000001110, 0.6250000000000001110, 0.7500000000000002220, 0.8125000000000001110, 0.8750000000000000000, 1.000000000000000000 ),
 .UNSPECIFIED. ) ;
#3671 = ORIENTED_EDGE ( 'NONE', *, *, #2616, .F. ) ;
#3672 = EDGE_CURVE ( 'NONE', #4404, #2100, #4828, .T. ) ;
#3673 = FILL_AREA_STYLE ('',( #7746 ) ) ;
#3674 = ORIENTED_EDGE ( 'NONE', *, *, #4341, .F. ) ;
#3676 = ORIENTED_EDGE ( 'NONE', *, *, #6028, .F. ) ;
#3675 = CARTESIAN_POINT ( 'NONE',  ( 7.209754640811564919, 15.95888873565663424, -1.041138122682930600 ) ) ;
#3677 = CARTESIAN_POINT ( 'NONE',  ( 7.767644284148502720, 13.39638873565663424, -7.924877320405800951 ) ) ;
#3678 = EDGE_LOOP ( 'NONE', ( #10343, #8884, #5241, #7300, #5958, #2067 ) ) ;
#3679 = CARTESIAN_POINT ( 'NONE',  ( 6.600000000000000533, 17.26396121657888472, -5.270243693941861984 ) ) ;
#3680 = EDGE_CURVE ( 'NONE', #1355, #1765, #6191, .T. ) ;
#3681 = CARTESIAN_POINT ( 'NONE',  ( 8.163359049252656874, 12.08318809514516623, 0.4082002748944007497 ) ) ;
#3682 = CARTESIAN_POINT ( 'NONE',  ( 5.250000000000002665, 21.69999999999999929, 4.885041133764528531 ) ) ;
#3683 = PRESENTATION_STYLE_ASSIGNMENT (( #5227 ) ) ;
#3684 = PRESENTATION_STYLE_ASSIGNMENT (( #1183 ) ) ;
#3685 = VECTOR ( 'NONE', #6706, 1000.000000000000000 ) ;
#3686 = CARTESIAN_POINT ( 'NONE',  ( 6.295122679594215676, 16.22972206898997172, 8.787644284148502294 ) ) ;
#3687 = VECTOR ( 'NONE', #5564, 999.9999999999998863 ) ;
#3688 = SURFACE_STYLE_FILL_AREA ( #2096 ) ;
#3689 = CARTESIAN_POINT ( 'NONE',  ( 1.499999999999996225, 4.185714285714299265, 5.020000000000002238 ) ) ;
#3690 = CARTESIAN_POINT ( 'NONE',  ( 8.163359049252662203, 16.10147827721596414, 8.028200274894395250 ) ) ;
#3691 = ORIENTED_EDGE ( 'NONE', *, *, #3888, .T. ) ;
#3692 = CARTESIAN_POINT ( 'NONE',  ( 7.993979936967930300, 15.14568809514516268, -8.436400549788782399 ) ) ;
#3693 = ADVANCED_FACE ( 'NONE', ( #1520 ), #710, .F. ) ;
#3694 = CARTESIAN_POINT ( 'NONE',  ( 7.500000000000000000, 1.549999999999990052, -7.120000000000000107 ) ) ;
#3695 = ORIENTED_EDGE ( 'NONE', *, *, #6087, .T. ) ;
#3696 = FILL_AREA_STYLE ('',( #5394 ) ) ;
#3697 = CARTESIAN_POINT ( 'NONE',  ( 6.599999999999999645, 17.27092694210341506, 2.349269215088156670 ) ) ;
#3698 = CARTESIAN_POINT ( 'NONE',  ( 6.199999999999999289, 18.42131751191062961, -2.233289184036807207 ) ) ;
#3699 = AXIS2_PLACEMENT_3D ( 'NONE', #4419, #1781, #6852 ) ;
#3700 = CARTESIAN_POINT ( 'NONE',  ( 5.432355715851502787, 15.64638873565663069, -7.315122679594203703 ) ) ;
#3701 = EDGE_LOOP ( 'NONE', ( #8187, #3295, #9606, #6883 ) ) ;
#3702 = STYLED_ITEM ( 'NONE', ( #815 ), #1693 ) ;
#3703 = CARTESIAN_POINT ( 'NONE',  ( 7.993979936967930300, 14.66397827721596059, -0.8164005497887824037 ) ) ;
#3704 = CARTESIAN_POINT ( 'NONE',  ( 5.783599450211225346, 11.28897827721596592, 6.226020063032060570 ) ) ;
#3705 = CARTESIAN_POINT ( 'NONE',  ( 11.29999999999999893, 17.25000000000000355, -9.969999999999998863 ) ) ;
#3706 = AXIS2_PLACEMENT_3D ( 'NONE', #5849, #1601, #7318 ) ;
#3707 = VECTOR ( 'NONE', #29, 999.9999999999998863 ) ;
#3708 = EDGE_CURVE ( 'NONE', #6763, #2180, #213, .T. ) ;
#3709 = ORIENTED_EDGE ( 'NONE', *, *, #5656, .T. ) ;
#3710 = COLOUR_RGB ( '',0.2862745098039215508, 0.6431372549019607199, 0.8666666666666666963 ) ;
#3711 = LINE ( 'NONE', #7032, #5582 ) ;
#3712 = APPLICATION_PROTOCOL_DEFINITION ( 'draft international standard', 'automotive_design', 1998, #9464 ) ;
#3713 = ORIENTED_EDGE ( 'NONE', *, *, #300, .T. ) ;
#3714 = CARTESIAN_POINT ( 'NONE',  ( 26.05000000000000071, -4.750000000000000000, 0.5000000000000009992 ) ) ;
#3715 = CIRCLE ( 'NONE', #9642, 2.500000000000000444 ) ;
#3716 = CARTESIAN_POINT ( 'NONE',  ( 8.163359049252681743, 11.12485476181184474, -8.028200274894391697 ) ) ;
#3717 = AXIS2_PLACEMENT_3D ( 'NONE', #3480, #1245, #7826 ) ;
#3718 = CARTESIAN_POINT ( 'NONE',  ( 6.199999999999997513, 18.75000000000000000, -9.746631248181689244 ) ) ;
#3719 = COLOUR_RGB ( '',0.2862745098039215508, 0.6431372549019607199, 0.8666666666666666963 ) ;
#3720 = VECTOR ( 'NONE', #2547, 1000.000000000000000 ) ;
#3722 = EDGE_LOOP ( 'NONE', ( #137, #3084, #3535, #5156 ) ) ;
#3721 = CARTESIAN_POINT ( 'NONE',  ( 7.416400549788779273, 13.52068809514516445, 1.393979936967938649 ) ) ;
#3723 = ORIENTED_EDGE ( 'NONE', *, *, #7819, .T. ) ;
#3724 = CARTESIAN_POINT ( 'NONE',  ( 7.416400549788779273, 16.02068809514516445, -6.226020063032068563 ) ) ;
#3725 = DIRECTION ( 'NONE',  ( -1.000000000000000000, 0.0000000000000000000, 0.0000000000000000000 ) ) ;
#3726 = CARTESIAN_POINT ( 'NONE',  ( 7.993979936967930300, 13.58064494388263199, 8.436400549788785952 ) ) ;
#3727 = AXIS2_PLACEMENT_3D ( 'NONE', #1246, #10064, #10173 ) ;
#3728 = CARTESIAN_POINT ( 'NONE',  ( 5.206020063032073431, 13.39568809514516801, 8.436400549788787728 ) ) ;
#3729 = CARTESIAN_POINT ( 'NONE',  ( 6.599999999999999645, 17.27092694212320012, 9.969269215075408752 ) ) ;
#3730 = DIRECTION ( 'NONE',  ( -8.185976218434330542E-17, 1.000000000000000000, 0.0000000000000000000 ) ) ;
#3731 = ORIENTED_EDGE ( 'NONE', *, *, #24, .T. ) ;
#3732 = SURFACE_SIDE_STYLE ('',( #2748 ) ) ;
#3733 = CIRCLE ( 'NONE', #6431, 2.500000000000000444 ) ;
#3735 = ORIENTED_EDGE ( 'NONE', *, *, #2211, .T. ) ;
#3734 = CARTESIAN_POINT ( 'NONE',  ( 5.990245359188436147, 15.54222206898996816, -1.041138122682930156 ) ) ;
#3736 = CARTESIAN_POINT ( 'NONE',  ( 5.206020063032084089, 12.89568809514516445, -6.803599450211190280 ) ) ;
#3737 = ORIENTED_EDGE ( 'NONE', *, *, #3281, .T. ) ;
#3738 = DIRECTION ( 'NONE',  ( 1.000000000000000000, 0.0000000000000000000, 0.0000000000000000000 ) ) ;
#3739 = CARTESIAN_POINT ( 'NONE',  ( 7.699017176186970346, 11.04107708213589767, 1.111336150022810054 ) ) ;
#3740 = CARTESIAN_POINT ( 'NONE',  ( 6.599999999999999645, 17.27092694212320012, -9.969269215076820956 ) ) ;
#3741 = CARTESIAN_POINT ( 'NONE',  ( 3.250000000000000000, 17.19999999999999929, 11.42999999999999972 ) ) ;
#3742 =( BOUNDED_SURFACE ( )  B_SPLINE_SURFACE ( 3, 3, ( 
 ( #10139, #7908, #7801, #575 ),
 ( #2846, #3880, #5361, #3061 ),
 ( #9447, #7049, #8597, #4738 ),
 ( #1283, #2025, #7850, #6106 ) ),
 .UNSPECIFIED., .F., .F., .F. ) 
 B_SPLINE_SURFACE_WITH_KNOTS ( ( 4, 4 ),
 ( 4, 4 ),
 ( 0.0000000000000000000, 1.000000000000000000 ),
 ( 0.0000000000000000000, 1.000000000000000000 ),
 .UNSPECIFIED. ) 
 GEOMETRIC_REPRESENTATION_ITEM ( )  RATIONAL_B_SPLINE_SURFACE ( (
 ( 1.000000000000000000, 0.6204101701869925156, 0.6204101701869925156, 1.000000000000000000),
 ( 0.8047378541243662697, 0.4992675490332132426, 0.4992675490332132426, 0.8047378541243662697),
 ( 0.8047378541243662697, 0.4992675490332132426, 0.4992675490332132426, 0.8047378541243662697),
 ( 1.000000000000000000, 0.6204101701869925156, 0.6204101701869925156, 1.000000000000000000) ) ) 
 REPRESENTATION_ITEM ( '' )  SURFACE ( )  );
#3743 = CARTESIAN_POINT ( 'NONE',  ( 9.649944706675368522, 21.69999999999999929, 7.904152159788809584 ) ) ;
#3744 = CARTESIAN_POINT ( 'NONE',  ( 5.558861877317069933, 16.58388873565663602, 7.010245359188430392 ) ) ;
#3745 = FACE_OUTER_BOUND ( 'NONE', #4572, .T. ) ;
#3746 =( NAMED_UNIT ( * ) PLANE_ANGLE_UNIT ( ) SI_UNIT ( $, .RADIAN. ) );
#3747 = EDGE_CURVE ( 'NONE', #7976, #2134, #505, .T. ) ;
#3748 = CARTESIAN_POINT ( 'NONE',  ( 5.206020063032069878, 15.91397827721596059, 8.436400549788785952 ) ) ;
#3749 = VERTEX_POINT ( 'NONE', #2997 ) ;
#3750 = LINE ( 'NONE', #3433, #3887 ) ;
#3751 =( NAMED_UNIT ( * ) PLANE_ANGLE_UNIT ( ) SI_UNIT ( $, .RADIAN. ) );
#3752 = DIRECTION ( 'NONE',  ( 0.9578262852211514300, 0.0000000000000000000, -0.2873478855663448850 ) ) ;
#3753 = CARTESIAN_POINT ( 'NONE',  ( 10.27498147099480263, 18.71222679458387361, 9.298273896199795274 ) ) ;
#3754 = ORIENTED_EDGE ( 'NONE', *, *, #10123, .F. ) ;
#3755 = CARTESIAN_POINT ( 'NONE',  ( 7.008200274894370807, 13.51814494388263377, 1.563359049252676991 ) ) ;
#3756 = CARTESIAN_POINT ( 'NONE',  ( 7.993979936967930300, 15.56235476181183230, -6.803599450211221367 ) ) ;
#3757 = CARTESIAN_POINT ( 'NONE',  ( 7.993979936967890332, 10.58064494388244725, 8.436400549788764636 ) ) ;
#3758 = ADVANCED_FACE ( 'NONE', ( #6246 ), #6085, .T. ) ;
#3759 = EDGE_CURVE ( 'NONE', #2575, #6807, #2362, .T. ) ;
#3760 = CARTESIAN_POINT ( 'NONE',  ( 11.29853843015588666, 17.27092694212328183, -5.270730784922055712 ) ) ;
#3761 = VERTEX_POINT ( 'NONE', #8228 ) ;
#3762 = CARTESIAN_POINT ( 'NONE',  ( 5.250000000000003553, 21.69999999999999929, -2.734958866235472463 ) ) ;
#3763 = LINE ( 'NONE', #5465, #1456 ) ;
#3764 = CARTESIAN_POINT ( 'NONE',  ( 6.599999999999999645, 17.94999999998481144, -7.620000000000000107 ) ) ;
#3765 = APPLICATION_PROTOCOL_DEFINITION ( 'draft international standard', 'automotive_design', 1998, #1133 ) ;
#3766 = VERTEX_POINT ( 'NONE', #5803 ) ;
#3767 = LINE ( 'NONE', #6989, #2585 ) ;
#3768 = B_SPLINE_CURVE_WITH_KNOTS ( 'NONE', 3,
 ( #3370, #4167, #9853, #7607, #9156, #10162, #10057, #6912, #376, #6858, #6815, #6965, #5333 ),
 .UNSPECIFIED., .F., .F.,
 ( 4, 2, 2, 1, 2, 2, 4 ),
 ( 0.0000000000000000000, 0.2499999999999602540, 0.3749999999999403810, 0.4374999999999364397, 0.4687499999999395484, 0.4999999999999427125, 1.000000000000000000 ),
 .UNSPECIFIED. ) ;
#3769 = LINE ( 'NONE', #10080, #558 ) ;
#3770 = UNCERTAINTY_MEASURE_WITH_UNIT (LENGTH_MEASURE( 1.000000000000000082E-05 ), #8777, 'distance_accuracy_value', 'NONE');
#3771 = PRESENTATION_STYLE_ASSIGNMENT (( #1478 ) ) ;
#3772 = DIRECTION ( 'NONE',  ( -0.0000000000000000000, -1.000000000000000000, -0.0000000000000000000 ) ) ;
#3774 = VERTEX_POINT ( 'NONE', #739 ) ;
#3773 = CARTESIAN_POINT ( 'NONE',  ( 6.295122679594223669, 12.02138873565663424, -1.167644284148505740 ) ) ;
#3775 = CARTESIAN_POINT ( 'NONE',  ( 5.036640950747327317, 16.37485476181183230, -7.211799725105620951 ) ) ;
#3776 = VERTEX_POINT ( 'NONE', #3347 ) ;
#3777 = CARTESIAN_POINT ( 'NONE',  ( 5.036640950747340639, 15.87485476181182875, -7.211799725105589864 ) ) ;
#3778 = FACE_OUTER_BOUND ( 'NONE', #4278, .T. ) ;
#3779 = EDGE_CURVE ( 'NONE', #4546, #671, #4851, .T. ) ;
#3780 = SURFACE_SIDE_STYLE ('',( #6202 ) ) ;
#3781 = CARTESIAN_POINT ( 'NONE',  ( 7.000000000000000000, 18.18565895348289629, -9.870028231225122184 ) ) ;
#3782 = CARTESIAN_POINT ( 'NONE',  ( 7.209754640811566695, 13.45888873565663602, 6.578861877317063289 ) ) ;
#3783 = CARTESIAN_POINT ( 'NONE',  ( 2.810000000000000053, 11.49999999999999289, 11.42999999999999972 ) ) ;
#3784 = ORIENTED_EDGE ( 'NONE', *, *, #2894, .F. ) ;
#3785 = CARTESIAN_POINT ( 'NONE',  ( 3.167957166897566790, 0.8999999999999922506, 10.81000000000000050 ) ) ;
#3787 = ORIENTED_EDGE ( 'NONE', *, *, #5455, .F. ) ;
#3786 = CARTESIAN_POINT ( 'NONE',  ( 5.783599450211219128, 15.27068809514516445, -1.393979936967932209 ) ) ;
#3788 = CARTESIAN_POINT ( 'NONE',  ( 7.641138122682924916, 13.41722206898996816, -8.229754640811593802 ) ) ;
#3789 = DIRECTION ( 'NONE',  ( -0.9578262852211514300, -0.0000000000000000000, 0.2873478855663448850 ) ) ;
#3790 = CARTESIAN_POINT ( 'NONE',  ( 5.783599450211187154, 10.78897827721596769, -1.393979936967914224 ) ) ;
#3791 = CARTESIAN_POINT ( 'NONE',  ( 12.59999999999999964, 10.55000000000000071, 11.42999999999999972 ) ) ;
#3792 = CARTESIAN_POINT ( 'NONE',  ( 0.0000000000000000000, 21.69999999999999929, 11.42999999999999972 ) ) ;
#3793 = CARTESIAN_POINT ( 'NONE',  ( 5.783599450211206694, 16.77068809514516801, 6.226020063032073004 ) ) ;
#3794 = CARTESIAN_POINT ( 'NONE',  ( 7.641138122682917810, 12.33388873565663069, 8.229754640811577815 ) ) ;
#3795 = CARTESIAN_POINT ( 'NONE',  ( 7.008200274894382353, 14.72647827721596592, 6.056640950747332219 ) ) ;
#3796 = EDGE_LOOP ( 'NONE', ( #9190, #378, #7920, #4955 ) ) ;
#3797 = VERTEX_POINT ( 'NONE', #4971 ) ;
#3798 = FILL_AREA_STYLE_COLOUR ( '', #1255 ) ;
#3799 = DIRECTION ( 'NONE',  ( 0.0000000000000000000, 0.7071067811865474617, 0.7071067811865474617 ) ) ;
#3800 = LINE ( 'NONE', #9578, #1603 ) ;
#3801 = ORIENTED_EDGE ( 'NONE', *, *, #6566, .F. ) ;
#3802 = CARTESIAN_POINT ( 'NONE',  ( 5.036640950747329981, 13.85147827721596769, -0.4082002748943869275 ) ) ;
#3803 = CARTESIAN_POINT ( 'NONE',  ( 7.416400549788779273, 15.20564494388263199, -9.013979936967929874 ) ) ;
#3804 = ADVANCED_FACE ( 'NONE', ( #6593 ), #9832, .F. ) ;
#3805 = DIRECTION ( 'NONE',  ( 0.0000000000000000000, 0.7071067811865480168, -0.7071067811865470176 ) ) ;
#3806 = VECTOR ( 'NONE', #4749, 1000.000000000000000 ) ;
#3807 = CARTESIAN_POINT ( 'NONE',  ( 7.008200274894383242, 11.22647827721596769, 6.056640950747330443 ) ) ;
#3808 = LINE ( 'NONE', #1320, #5091 ) ;
#3809 = CARTESIAN_POINT ( 'NONE',  ( 0.0000000000000000000, 0.0000000000000000000, -11.42999999999999972 ) ) ;
#3810 = DIRECTION ( 'NONE',  ( 0.0000000000000000000, 0.0000000000000000000, 1.000000000000000000 ) ) ;
#3811 = PRESENTATION_LAYER_ASSIGNMENT (  '', '', ( #5332 ) ) ;
#3812 = CARTESIAN_POINT ( 'NONE',  ( 6.599999999999999645, 21.69999999999999929, 0.0000000000000000000 ) ) ;
#3813 = ADVANCED_FACE ( 'NONE', ( #799 ), #1495, .F. ) ;
#3814 =( NAMED_UNIT ( * ) SI_UNIT ( $, .STERADIAN. ) SOLID_ANGLE_UNIT ( ) );
#3815 = SURFACE_STYLE_FILL_AREA ( #4558 ) ;
#3816 = ORIENTED_EDGE ( 'NONE', *, *, #3425, .T. ) ;
#3817 = CARTESIAN_POINT ( 'NONE',  ( 7.000000000000000000, 18.42131751191167766, -5.386710815967386878 ) ) ;
#3818 = EDGE_CURVE ( 'NONE', #4265, #3853, #2531, .T. ) ;
#3819 = CARTESIAN_POINT ( 'NONE',  ( 5.074898003495615484, 21.64373058272665418, 10.46150759309987777 ) ) ;
#3820 =( NAMED_UNIT ( * ) SI_UNIT ( $, .STERADIAN. ) SOLID_ANGLE_UNIT ( ) );
#3821 =( LENGTH_UNIT ( ) NAMED_UNIT ( * ) SI_UNIT ( .MILLI., .METRE. ) );
#3823 = EDGE_LOOP ( 'NONE', ( #3260, #537, #135, #4848 ) ) ;
#3822 = CARTESIAN_POINT ( 'NONE',  ( 5.206020063032087641, 11.89568809514516623, 0.8164005497888255913 ) ) ;
#3824 = PRESENTATION_LAYER_ASSIGNMENT (  '', '', ( #7030 ) ) ;
#3825 = ORIENTED_EDGE ( 'NONE', *, *, #356, .T. ) ;
#3826 = FACE_OUTER_BOUND ( 'NONE', #4599, .T. ) ;
#3827 = DIRECTION ( 'NONE',  ( 0.0000000000000000000, -0.0000000000000000000, -1.000000000000000000 ) ) ;
#3828 = CARTESIAN_POINT ( 'NONE',  ( 7.416400549788780161, 13.68735476181183053, 6.226020063032065899 ) ) ;
#3829 = CARTESIAN_POINT ( 'NONE',  ( 4.949999999999999289, 0.0000000000000000000, 11.42999999999999972 ) ) ;
#3830 = DIRECTION ( 'NONE',  ( -0.4999999999999999445, -0.0000000000000000000, 0.8660254037844387076 ) ) ;
#3831 = ORIENTED_EDGE ( 'NONE', *, *, #2344, .T. ) ;
#3832 = CARTESIAN_POINT ( 'NONE',  ( 12.59999999999999964, 0.0000000000000000000, -3.210000000000000853 ) ) ;
#3833 = EDGE_CURVE ( 'NONE', #4953, #9367, #5567, .T. ) ;
#3834 = ORIENTED_EDGE ( 'NONE', *, *, #4332, .T. ) ;
#3836 = VERTEX_POINT ( 'NONE', #3185 ) ;
#3835 = CARTESIAN_POINT ( 'NONE',  ( 6.295122679594202353, 15.22972206898996461, 1.167644284148495304 ) ) ;
#3837 = CARTESIAN_POINT ( 'NONE',  ( 8.163359049252660427, 13.58318809514516801, -7.211799725105594305 ) ) ;
#3838 = LINE ( 'NONE', #10369, #9211 ) ;
#3839 = CARTESIAN_POINT ( 'NONE',  ( 8.163359049252681743, 11.12485476181184474, -0.4082002748943796555 ) ) ;
#3840 = CARTESIAN_POINT ( 'NONE',  ( 6.200000000000401634, 18.74421396058624723, 5.470793239935519026 ) ) ;
#3841 = VECTOR ( 'NONE', #7197, 1000.000000000000114 ) ;
#3842 = AXIS2_PLACEMENT_3D ( 'NONE', #8645, #7629, #299 ) ;
#3843 = CARTESIAN_POINT ( 'NONE',  ( 5.036640950747339751, 16.33318809514516801, 7.211799725105594305 ) ) ;
#3844 = DIRECTION ( 'NONE',  ( -1.000000000000000000, 0.0000000000000000000, -1.224646799147353207E-16 ) ) ;
#3845 = AXIS2_PLACEMENT_3D ( 'NONE', #7287, #6244, #8741 ) ;
#3846 = CARTESIAN_POINT ( 'NONE',  ( 7.993979936967921418, 12.56235476181183053, 8.436400549788803716 ) ) ;
#3847 = CARTESIAN_POINT ( 'NONE',  ( 5.206020063032084089, 14.83064494388263022, 6.803599450211182287 ) ) ;
#3848 = ORIENTED_EDGE ( 'NONE', *, *, #237, .T. ) ;
#3849 = VECTOR ( 'NONE', #2543, 1000.000000000000000 ) ;
#3850 = MECHANICAL_DESIGN_GEOMETRIC_PRESENTATION_REPRESENTATION (  '', ( #7053 ), #9091 ) ;
#3851 = CARTESIAN_POINT ( 'NONE',  ( 6.999999999999668709, 18.71710165481694332, 5.429486563096827645 ) ) ;
#3852 = CARTESIAN_POINT ( 'NONE',  ( 6.946840465791241925, 18.75000000000000000, 5.495535590270696602 ) ) ;
#3853 = VERTEX_POINT ( 'NONE', #5018 ) ;
#3854 = CARTESIAN_POINT ( 'NONE',  ( 8.163359049252656874, 14.12485476181183408, -0.4082002748944175141 ) ) ;
#3855 = CARTESIAN_POINT ( 'NONE',  ( 7.993979936967930300, 15.64568809514516801, -8.436400549788782399 ) ) ;
#3856 = COLOUR_RGB ( '',0.2862745098039215508, 0.6431372549019607199, 0.8666666666666666963 ) ;
#3857 =( LENGTH_UNIT ( ) NAMED_UNIT ( * ) SI_UNIT ( .MILLI., .METRE. ) );
#3858 = VECTOR ( 'NONE', #6315, 1000.000000000000000 ) ;
#3859 = CARTESIAN_POINT ( 'NONE',  ( 7.702110499919415432, 10.55958943737799061, 8.728269986837309702 ) ) ;
#3860 = AXIS2_PLACEMENT_3D ( 'NONE', #1982, #2953, #6110 ) ;
#3861 = CARTESIAN_POINT ( 'NONE',  ( 6.200000000000328804, 18.71710165481654897, -5.429486563096467044 ) ) ;
#3862 = EDGE_LOOP ( 'NONE', ( #4606, #1373, #2918, #2798 ) ) ;
#3863 =( GEOMETRIC_REPRESENTATION_CONTEXT ( 3 ) GLOBAL_UNCERTAINTY_ASSIGNED_CONTEXT ( ( #4727 ) ) GLOBAL_UNIT_ASSIGNED_CONTEXT ( ( #4600, #4000, #5603 ) ) REPRESENTATION_CONTEXT ( 'NONE', 'WORKASPACE' ) );
#3864 = DIRECTION ( 'NONE',  ( 0.0000000000000000000, -0.7071067811865465735, -0.7071067811865483499 ) ) ;
#3865 = CIRCLE ( 'NONE', #9790, 3.349999999999999645 ) ;
#3866 = CARTESIAN_POINT ( 'NONE',  ( 7.000000000000000000, 17.94999999999108553, 2.266761713739300355 ) ) ;
#3867 = DIRECTION ( 'NONE',  ( 0.9828721869343217676, 0.1842885350501859976, -0.0000000000000000000 ) ) ;
#3868 = STYLED_ITEM ( 'NONE', ( #3684 ), #1745 ) ;
#3869 = CARTESIAN_POINT ( 'NONE',  ( 0.4000000000000001332, 11.89999999999999858, 11.42999999999999972 ) ) ;
#3870 = EDGE_CURVE ( 'NONE', #8284, #4699, #7263, .T. ) ;
#3871 = FACE_OUTER_BOUND ( 'NONE', #2108, .T. ) ;
#3872 = EDGE_CURVE ( 'NONE', #4187, #3020, #4099, .T. ) ;
#3873 = EDGE_CURVE ( 'NONE', #9013, #3978, #8715, .T. ) ;
#3874 = UNCERTAINTY_MEASURE_WITH_UNIT (LENGTH_MEASURE( 1.000000000000000082E-05 ), #2146, 'distance_accuracy_value', 'NONE');
#3875 = FACE_OUTER_BOUND ( 'NONE', #2896, .T. ) ;
#3876 = COLOUR_RGB ( '',0.2862745098039215508, 0.6431372549019607199, 0.8666666666666666963 ) ;
#3878 = ORIENTED_EDGE ( 'NONE', *, *, #2580, .T. ) ;
#3877 = CARTESIAN_POINT ( 'NONE',  ( 7.008200274894383242, 11.99985476181183230, 1.563359049252668997 ) ) ;
#3879 = ORIENTED_EDGE ( 'NONE', *, *, #6938, .T. ) ;
#3880 = CARTESIAN_POINT ( 'NONE',  ( 2.387451946652178414, 21.69999999999999929, 6.055797455212262648 ) ) ;
#3881 =( NAMED_UNIT ( * ) SI_UNIT ( $, .STERADIAN. ) SOLID_ANGLE_UNIT ( ) );
#3882 = FACE_OUTER_BOUND ( 'NONE', #5900, .T. ) ;
#3883 = SURFACE_STYLE_USAGE ( .BOTH. , #7253 ) ;
#3884 = ADVANCED_FACE ( 'NONE', ( #9768, #4800, #9623, #2309 ), #5594, .T. ) ;
#3885 = PRESENTATION_LAYER_ASSIGNMENT (  '', '', ( #5575 ) ) ;
#3886 = CARTESIAN_POINT ( 'NONE',  ( 8.250000000000000000, 17.19999999999999929, 4.704524052577350623 ) ) ;
#3887 = VECTOR ( 'NONE', #5339, 1000.000000000000000 ) ;
#3888 = EDGE_CURVE ( 'NONE', #10031, #5777, #1769, .T. ) ;
#3889 = ORIENTED_EDGE ( 'NONE', *, *, #3873, .T. ) ;
#3890 = VERTEX_POINT ( 'NONE', #1049 ) ;
#3892 = ORIENTED_EDGE ( 'NONE', *, *, #1222, .T. ) ;
#3891 = CARTESIAN_POINT ( 'NONE',  ( 5.558861877317065492, 14.58388873565663069, -0.6097546408115596117 ) ) ;
#3893 = PRODUCT ( 'CUI_DEVICES_TB005-762-12BE', 'CUI_DEVICES_TB005-762-12BE', '', ( #8519 ) ) ;
#3894 = CARTESIAN_POINT ( 'NONE',  ( 7.993979936967930300, 13.06235476181183586, -6.803599450211221367 ) ) ;
#3895 = CARTESIAN_POINT ( 'NONE',  ( 6.599999999999999645, 17.25000000000000000, -2.349999999999999645 ) ) ;
#3896 = CARTESIAN_POINT ( 'NONE',  ( 5.783599450211225346, 11.28897827721596592, -1.393979936967938649 ) ) ;
#3897 = CARTESIAN_POINT ( 'NONE',  ( 2.100000000000000533, 9.400000000000000355, 1.699999999999999956 ) ) ;
#3898 = CARTESIAN_POINT ( 'NONE',  ( 10.86617314097819964, -6.929999999999949978, -11.83500000000000085 ) ) ;
#3899 = CARTESIAN_POINT ( 'NONE',  ( 4.982495118940366119, 21.53735729982394176, -10.51610867433772079 ) ) ;
#3900 = CARTESIAN_POINT ( 'NONE',  ( 7.993979936967930300, 15.56235476181183230, 8.436400549788777070 ) ) ;
#3901 = SURFACE_STYLE_USAGE ( .BOTH. , #591 ) ;
#3902 = CARTESIAN_POINT ( 'NONE',  ( 8.163359049252667532, 12.12485476181183408, 7.211799725105607628 ) ) ;
#3903 = VECTOR ( 'NONE', #8084, 1000.000000000000227 ) ;
#3904 = ORIENTED_EDGE ( 'NONE', *, *, #7624, .T. ) ;
#3905 = CARTESIAN_POINT ( 'NONE',  ( 7.008200274894409887, 14.49985476181183586, -6.056640950747341989 ) ) ;
#3906 = CARTESIAN_POINT ( 'NONE',  ( 3.169680138593184093, 18.75000000000000000, 1.542016754626361452 ) ) ;
#3907 = DIRECTION ( 'NONE',  ( -1.000000000000000000, -0.0000000000000000000, -0.0000000000000000000 ) ) ;
#3908 = CARTESIAN_POINT ( 'NONE',  ( 7.641138122682927580, 14.83388873565663069, -7.010245359188423286 ) ) ;
#3909 = ORIENTED_EDGE ( 'NONE', *, *, #421, .F. ) ;
#3910 = CARTESIAN_POINT ( 'NONE',  ( 5.783599450211218240, 14.93735476181183408, 1.393979936967931765 ) ) ;
#3911 = CARTESIAN_POINT ( 'NONE',  ( 5.067510803299192901, 21.63830208507924624, 4.773793436897747711 ) ) ;
#3912 = MECHANICAL_DESIGN_GEOMETRIC_PRESENTATION_REPRESENTATION (  '', ( #9665 ), #279 ) ;
#3913 =( LENGTH_UNIT ( ) NAMED_UNIT ( * ) SI_UNIT ( .MILLI., .METRE. ) );
#3914 = CARTESIAN_POINT ( 'NONE',  ( 5.206020063032087641, 11.81235476181183408, 6.803599450211181399 ) ) ;
#3915 = ORIENTED_EDGE ( 'NONE', *, *, #5113, .F. ) ;
#3916 = FILL_AREA_STYLE ('',( #8839 ) ) ;
#3917 = AXIS2_PLACEMENT_3D ( 'NONE', #9329, #3645, #8641 ) ;
#3918 = CARTESIAN_POINT ( 'NONE',  ( 6.599999999999997868, 16.94999999999999929, 5.570000000000000284 ) ) ;
#3919 = DIRECTION ( 'NONE',  ( -0.0000000000000000000, -1.000000000000000000, -0.0000000000000000000 ) ) ;
#3920 = CARTESIAN_POINT ( 'NONE',  ( 2.099999999999999645, 13.97719298245609920, 208.7460000000000093 ) ) ;
#3921 = PRESENTATION_STYLE_ASSIGNMENT (( #6936 ) ) ;
#3922 = CARTESIAN_POINT ( 'NONE',  ( 7.008200274894409887, 14.01814494388263554, 9.183359049252658224 ) ) ;
#3923 = CARTESIAN_POINT ( 'NONE',  ( 1.499999999999988454, 11.00000000000000000, -5.019999999999982698 ) ) ;
#3924 = PRESENTATION_STYLE_ASSIGNMENT (( #10395 ) ) ;
#3925 = ORIENTED_EDGE ( 'NONE', *, *, #8880, .T. ) ;
#3926 = DIRECTION ( 'NONE',  ( -3.224183510962218928E-16, 1.000000000000000000, 1.074727836987408249E-15 ) ) ;
#3927 = CARTESIAN_POINT ( 'NONE',  ( 0.0000000000000000000, 0.0000000000000000000, 11.42999999999999972 ) ) ;
#3928 = LINE ( 'NONE', #6993, #8812 ) ;
#3930 = ORIENTED_EDGE ( 'NONE', *, *, #6990, .F. ) ;
#3929 = CARTESIAN_POINT ( 'NONE',  ( 5.036640950747339751, 11.83318809514517334, -0.4082002748943991954 ) ) ;
#3931 = EDGE_LOOP ( 'NONE', ( #8699, #1386, #8862, #350, #4677, #1081 ) ) ;
#3932 = DIRECTION ( 'NONE',  ( -0.0000000000000000000, 0.0000000000000000000, -1.000000000000000000 ) ) ;
#3933 = PLANE ( 'NONE',  #1804 ) ;
#3934 = EDGE_CURVE ( 'NONE', #2361, #7215, #2064, .T. ) ;
#3935 = LINE ( 'NONE', #5631, #9247 ) ;
#3936 = SURFACE_STYLE_FILL_AREA ( #2357 ) ;
#3937 =( NAMED_UNIT ( * ) SI_UNIT ( $, .STERADIAN. ) SOLID_ANGLE_UNIT ( ) );
#3939 = ORIENTED_EDGE ( 'NONE', *, *, #10236, .F. ) ;
#3938 = CARTESIAN_POINT ( 'NONE',  ( 5.206020063032067213, 14.89568809514516445, 0.8164005497887779628 ) ) ;
#3940 = CARTESIAN_POINT ( 'NONE',  ( 5.432355715851493017, 12.10472206898996994, -7.924877320405764536 ) ) ;
#3941 = ADVANCED_FACE ( 'NONE', ( #9881 ), #4259, .T. ) ;
#3942 = CARTESIAN_POINT ( 'NONE',  ( 7.000000000000000000, 18.66802573438614488, -2.215759006795227304 ) ) ;
#3943 = CARTESIAN_POINT ( 'NONE',  ( 7.416400549788805918, 11.20564494388263022, -1.393979936967921329 ) ) ;
#3944 =( NAMED_UNIT ( * ) PLANE_ANGLE_UNIT ( ) SI_UNIT ( $, .RADIAN. ) );
#3945 = SURFACE_STYLE_FILL_AREA ( #645 ) ;
#3946 = ADVANCED_FACE ( 'NONE', ( #6045 ), #4352, .T. ) ;
#3947 = CARTESIAN_POINT ( 'NONE',  ( 9.610765808627792950, 21.69999999999999929, 7.055982757883977996 ) ) ;
#3948 = CARTESIAN_POINT ( 'NONE',  ( 5.206020063032066325, 15.89568809514516090, 8.436400549788780623 ) ) ;
#3949 = CARTESIAN_POINT ( 'NONE',  ( 10.28129613775442586, 18.65697564737697434, -5.938842350380156176 ) ) ;
#3950 = CARTESIAN_POINT ( 'NONE',  ( 6.295122679594223669, 12.22972206898996461, 8.787644284148502294 ) ) ;
#3951 = ORIENTED_EDGE ( 'NONE', *, *, #1281, .F. ) ;
#3952 = LINE ( 'NONE', #485, #1429 ) ;
#3953 = PLANE ( 'NONE',  #3197 ) ;
#3954 = PLANE ( 'NONE',  #7716 ) ;
#3955 = SURFACE_STYLE_USAGE ( .BOTH. , #653 ) ;
#3956 = CARTESIAN_POINT ( 'NONE',  ( 7.993979936967921418, 15.06235476181183230, -6.803599450211195609 ) ) ;
#3957 = ORIENTED_EDGE ( 'NONE', *, *, #9962, .T. ) ;
#3958 = CARTESIAN_POINT ( 'NONE',  ( 5.783599450211183601, 13.95564494388262844, 1.393979936967922217 ) ) ;
#3959 = FILL_AREA_STYLE_COLOUR ( '', #8106 ) ;
#3960 = PLANE ( 'NONE',  #6907 ) ;
#3961 = CYLINDRICAL_SURFACE ( 'NONE', #3274, 3.349999999999999645 ) ;
#3962 = CARTESIAN_POINT ( 'NONE',  ( 1.499999999999988454, -36.96000000000000085, -5.020000000000038654 ) ) ;
#3963 = CARTESIAN_POINT ( 'NONE',  ( 6.599999999999999645, 16.94999999999999929, -2.049999999999999822 ) ) ;
#3964 = ORIENTED_EDGE ( 'NONE', *, *, #2072, .F. ) ;
#3965 = CARTESIAN_POINT ( 'NONE',  ( 6.599999999999998757, 16.97902142847850016, 1.563359049252669886 ) ) ;
#3966 = ADVANCED_FACE ( 'NONE', ( #8336 ), #6307, .F. ) ;
#3967 = ITEM_DEFINED_TRANSFORMATION ( 'NONE', 'NONE', #8316,  #10014 ) ;
#3968 =( GEOMETRIC_REPRESENTATION_CONTEXT ( 3 ) GLOBAL_UNCERTAINTY_ASSIGNED_CONTEXT ( ( #2821 ) ) GLOBAL_UNIT_ASSIGNED_CONTEXT ( ( #173, #5942, #1036 ) ) REPRESENTATION_CONTEXT ( 'NONE', 'WORKASPACE' ) );
#3969 = DIRECTION ( 'NONE',  ( 1.326525867060349907E-16, 1.000000000000000000, 0.0000000000000000000 ) ) ;
#3970 = CARTESIAN_POINT ( 'NONE',  ( 8.163359049252672861, 13.12485476181183230, 7.211799725105622727 ) ) ;
#3971 = LINE ( 'NONE', #6456, #4340 ) ;
#3972 = COLOUR_RGB ( '',0.2862745098039215508, 0.6431372549019607199, 0.8666666666666666963 ) ;
#3973 = UNCERTAINTY_MEASURE_WITH_UNIT (LENGTH_MEASURE( 1.000000000000000082E-05 ), #488, 'distance_accuracy_value', 'NONE');
#3974 = SURFACE_STYLE_FILL_AREA ( #9700 ) ;
#3975 = FACE_OUTER_BOUND ( 'NONE', #9994, .T. ) ;
#3977 = EDGE_LOOP ( 'NONE', ( #7679, #7322, #9870, #2955, #3328, #1454 ) ) ;
#3976 = CARTESIAN_POINT ( 'NONE',  ( 7.008200274894383242, 11.70818809514516801, -1.563359049252668775 ) ) ;
#3978 = VERTEX_POINT ( 'NONE', #8706 ) ;
#3979 = DIRECTION ( 'NONE',  ( 0.0000000000000000000, 0.0000000000000000000, 1.000000000000000000 ) ) ;
#3980 = FILL_AREA_STYLE ('',( #9822 ) ) ;
#3981 = DIRECTION ( 'NONE',  ( -0.0000000000000000000, -1.000000000000000000, 0.0000000000000000000 ) ) ;
#3982 = LINE ( 'NONE', #9666, #3841 ) ;
#3983 = CARTESIAN_POINT ( 'NONE',  ( 6.224332664435228146, 16.94999999999997797, 1.510663035696495404 ) ) ;
#3984 = FILL_AREA_STYLE_COLOUR ( '', #8793 ) ;
#3985 = EDGE_CURVE ( 'NONE', #4631, #7733, #6347, .T. ) ;
#3987 = EDGE_LOOP ( 'NONE', ( #4968, #3695, #4965, #1920 ) ) ;
#3986 = CARTESIAN_POINT ( 'NONE',  ( 7.008200274894384130, 15.49985476181183230, 1.563359049252667443 ) ) ;
#3988 = CARTESIAN_POINT ( 'NONE',  ( 7.641138122682925804, 11.91722206898996639, -8.229754640811588473 ) ) ;
#3989 =( NAMED_UNIT ( * ) PLANE_ANGLE_UNIT ( ) SI_UNIT ( $, .RADIAN. ) );
#3990 = CARTESIAN_POINT ( 'NONE',  ( 6.199999999999999289, 18.75000000000000000, -5.504900159113810254 ) ) ;
#3991 =( LENGTH_UNIT ( ) NAMED_UNIT ( * ) SI_UNIT ( .MILLI., .METRE. ) );
#3992 = CARTESIAN_POINT ( 'NONE',  ( 2.499999999999996447, 16.94999999999999929, -9.670000000000003482 ) ) ;
#3993 = CARTESIAN_POINT ( 'NONE',  ( 8.163359049252656874, 15.58318809514516268, 8.028200274894404131 ) ) ;
#3994 = LINE ( 'NONE', #9723, #4530 ) ;
#3995 = COLOUR_RGB ( '',0.2862745098039215508, 0.6431372549019607199, 0.8666666666666666963 ) ;
#3996 = EDGE_CURVE ( 'NONE', #7390, #436, #1379, .T. ) ;
#3997 = CARTESIAN_POINT ( 'NONE',  ( 8.163359049252656874, 12.62485476181183408, 7.211799725105583647 ) ) ;
#3998 = ORIENTED_EDGE ( 'NONE', *, *, #3872, .T. ) ;
#3999 = CARTESIAN_POINT ( 'NONE',  ( 8.163359049252672861, 13.12485476181183230, -8.028200274894377486 ) ) ;
#4000 =( NAMED_UNIT ( * ) PLANE_ANGLE_UNIT ( ) SI_UNIT ( $, .RADIAN. ) );
#4001 = ADVANCED_FACE ( 'NONE', ( #8121 ), #5676, .F. ) ;
#4002 = EDGE_CURVE ( 'NONE', #854, #337, #3935, .T. ) ;
#4003 = FILL_AREA_STYLE ('',( #5545 ) ) ;
#4004 = CARTESIAN_POINT ( 'NONE',  ( 5.036640950747324652, 14.87485476181182875, -7.211799725105628056 ) ) ;
#4005 = VECTOR ( 'NONE', #1381, 1000.000000000000000 ) ;
#4006 = CARTESIAN_POINT ( 'NONE',  ( 7.993979936967916089, 13.08064494388263022, 0.8164005497888227048 ) ) ;
#4007 = PRESENTATION_LAYER_ASSIGNMENT (  '', '', ( #713 ) ) ;
#4008 =( LENGTH_UNIT ( ) NAMED_UNIT ( * ) SI_UNIT ( .MILLI., .METRE. ) );
#4009 = PLANE ( 'NONE',  #1094 ) ;
#4010 = VECTOR ( 'NONE', #10413, 1000.000000000000000 ) ;
#4011 = EDGE_CURVE ( 'NONE', #2289, #9535, #4897, .T. ) ;
#4012 = CARTESIAN_POINT ( 'NONE',  ( 11.30000000000000071, 17.25000000000000000, 9.969999999999998863 ) ) ;
#4013 = COLOUR_RGB ( '',0.2862745098039215508, 0.6431372549019607199, 0.8666666666666666963 ) ;
#4014 = LINE ( 'NONE', #9587, #4899 ) ;
#4015 = VERTEX_POINT ( 'NONE', #8060 ) ;
#4016 = MECHANICAL_DESIGN_GEOMETRIC_PRESENTATION_REPRESENTATION (  '', ( #909 ), #3503 ) ;
#4017 = CIRCLE ( 'NONE', #8074, 3.349999999999999645 ) ;
#4018 = CARTESIAN_POINT ( 'NONE',  ( 4.446639224109786070, 21.69999999999999574, -5.455500633918763498 ) ) ;
#4019 = VECTOR ( 'NONE', #6729, 1000.000000000000114 ) ;
#4020 = SURFACE_STYLE_USAGE ( .BOTH. , #9649 ) ;
#4021 = CARTESIAN_POINT ( 'NONE',  ( 7.008200274894414328, 13.70818809514516623, 6.056640950747340213 ) ) ;
#4022 = SURFACE_STYLE_FILL_AREA ( #1422 ) ;
#4023 = EDGE_CURVE ( 'NONE', #5192, #5014, #9614, .T. ) ;
#4024 = COLOUR_RGB ( '',0.2862745098039215508, 0.6431372549019607199, 0.8666666666666666963 ) ;
#4025 =( NAMED_UNIT ( * ) PLANE_ANGLE_UNIT ( ) SI_UNIT ( $, .RADIAN. ) );
#4026 = FACE_OUTER_BOUND ( 'NONE', #5680, .T. ) ;
#4028 = ORIENTED_EDGE ( 'NONE', *, *, #10553, .T. ) ;
#4027 = CARTESIAN_POINT ( 'NONE',  ( 5.990245359188437035, 11.20888873565663424, 1.041138122682932154 ) ) ;
#4029 = VERTEX_POINT ( 'NONE', #1485 ) ;
#4030 = VECTOR ( 'NONE', #9196, 999.9999999999998863 ) ;
#4031 = VECTOR ( 'NONE', #8556, 1000.000000000000000 ) ;
#4032 = LINE ( 'NONE', #7303, #9446 ) ;
#4033 = LINE ( 'NONE', #7194, #7096 ) ;
#4034 = DIRECTION ( 'NONE',  ( 0.7153761792055298718, -0.6987395238751689108, 0.0000000000000000000 ) ) ;
#4035 = PLANE ( 'NONE',  #3318 ) ;
#4036 = VECTOR ( 'NONE', #8470, 1000.000000000000000 ) ;
#4037 = CARTESIAN_POINT ( 'NONE',  ( 7.993979936967930300, 15.14568809514516268, 6.803599450211216038 ) ) ;
#4038 =( GEOMETRIC_REPRESENTATION_CONTEXT ( 3 ) GLOBAL_UNCERTAINTY_ASSIGNED_CONTEXT ( ( #5571 ) ) GLOBAL_UNIT_ASSIGNED_CONTEXT ( ( #4008, #9684, #6334 ) ) REPRESENTATION_CONTEXT ( 'NONE', 'WORKASPACE' ) );
#4039 = CIRCLE ( 'NONE', #2460, 3.349999999999999645 ) ;
#4040 = CARTESIAN_POINT ( 'NONE',  ( 8.299999999999998934, 0.9000000000000146771, -8.420000000000021245 ) ) ;
#4041 = DIRECTION ( 'NONE',  ( 0.0000000000000000000, 1.000000000000000000, 0.0000000000000000000 ) ) ;
#4043 = ORIENTED_EDGE ( 'NONE', *, *, #1751, .T. ) ;
#4042 = CARTESIAN_POINT ( 'NONE',  ( 7.416400549788803254, 14.18735476181183408, -1.393979936967921329 ) ) ;
#4044 = CARTESIAN_POINT ( 'NONE',  ( 7.993979936967930300, 12.06235476181183408, -6.803599450211221367 ) ) ;
#4045 = CARTESIAN_POINT ( 'NONE',  ( 8.300000000000000711, -4.750000000000000000, -5.544999999999999929 ) ) ;
#4046 =( NAMED_UNIT ( * ) SI_UNIT ( $, .STERADIAN. ) SOLID_ANGLE_UNIT ( ) );
#4047 = AXIS2_PLACEMENT_3D ( 'NONE', #3741, #10211, #6854 ) ;
#4048 = CARTESIAN_POINT ( 'NONE',  ( 6.599999999999999645, 21.39999999999999858, 0.0000000000000000000 ) ) ;
#4049 = CARTESIAN_POINT ( 'NONE',  ( 7.209754640811565807, 14.79222206898996461, 8.661138122682933371 ) ) ;
#4050 = DIRECTION ( 'NONE',  ( 0.0000000000000000000, 1.000000000000000000, -0.0000000000000000000 ) ) ;
#4051 = CARTESIAN_POINT ( 'NONE',  ( 7.641138122682923139, 10.91722206898997349, 7.010245359188410852 ) ) ;
#4052 = EDGE_LOOP ( 'NONE', ( #1461, #1872, #294, #7167 ) ) ;
#4053 = CARTESIAN_POINT ( 'NONE',  ( 7.416400549788780161, 13.68735476181183053, -9.013979936967931650 ) ) ;
#4054 = AXIS2_PLACEMENT_3D ( 'NONE', #6046, #9285, #1976 ) ;
#4055 = SURFACE_STYLE_FILL_AREA ( #751 ) ;
#4056 =( GEOMETRIC_REPRESENTATION_CONTEXT ( 3 ) GLOBAL_UNCERTAINTY_ASSIGNED_CONTEXT ( ( #9499 ) ) GLOBAL_UNIT_ASSIGNED_CONTEXT ( ( #9680, #6545, #1677 ) ) REPRESENTATION_CONTEXT ( 'NONE', 'WORKASPACE' ) );
#4057 = SURFACE_STYLE_USAGE ( .BOTH. , #7169 ) ;
#4058 = CARTESIAN_POINT ( 'NONE',  ( 7.949999999999988631, 21.69999999999999929, -10.35495886623548678 ) ) ;
#4059 = CARTESIAN_POINT ( 'NONE',  ( 5.036640950747342416, 15.37485476181183586, -7.211799725105592529 ) ) ;
#4060 = CARTESIAN_POINT ( 'NONE',  ( 5.206020063032061884, 13.33064494388263022, -0.8164005497887765195 ) ) ;
#4061 = FACE_OUTER_BOUND ( 'NONE', #6967, .T. ) ;
#4062 = PLANE ( 'NONE',  #6391 ) ;
#4063 = CARTESIAN_POINT ( 'NONE',  ( 8.249999999999989342, 21.39999999999999858, -10.53547594742268423 ) ) ;
#4064 = EDGE_CURVE ( 'NONE', #6251, #2289, #789, .T. ) ;
#4065 = VECTOR ( 'NONE', #384, 1000.000000000000000 ) ;
#4066 = VECTOR ( 'NONE', #658, 1000.000000000000000 ) ;
#4067 = DIRECTION ( 'NONE',  ( -0.5547001962252300356, -0.0000000000000000000, -0.8320502943378430549 ) ) ;
#4068 = CARTESIAN_POINT ( 'NONE',  ( 6.237708605730397871, 18.71222679458298543, -2.219104311608832703 ) ) ;
#4069 = VERTEX_POINT ( 'NONE', #6414 ) ;
#4070 = CARTESIAN_POINT ( 'NONE',  ( 8.163359049252667532, 12.12485476181183408, -8.028200274894393473 ) ) ;
#4071 = LINE ( 'NONE', #1516, #9947 ) ;
#4072 = SURFACE_STYLE_USAGE ( .BOTH. , #822 ) ;
#4073 = CARTESIAN_POINT ( 'NONE',  ( 3.859744489010553892, 21.69999999999999929, -6.251166806213403149 ) ) ;
#4074 = AXIS2_PLACEMENT_3D ( 'NONE', #1619, #810, #3300 ) ;
#4075 = CARTESIAN_POINT ( 'NONE',  ( 6.191799725105614272, 16.24985476181183230, -1.563359049252668553 ) ) ;
#4076 = EDGE_CURVE ( 'NONE', #6266, #977, #8855, .T. ) ;
#4077 = CARTESIAN_POINT ( 'NONE',  ( 5.036640950747339751, 13.35147827721596592, 7.211799725105590753 ) ) ;
#4078 = EDGE_CURVE ( 'NONE', #5289, #4559, #6258, .T. ) ;
#4079 = CARTESIAN_POINT ( 'NONE',  ( 9.340255510990607135, 21.69999999999999574, -1.368833193785092606 ) ) ;
#4080 =( NAMED_UNIT ( * ) PLANE_ANGLE_UNIT ( ) SI_UNIT ( $, .RADIAN. ) );
#4081 = SURFACE_SIDE_STYLE ('',( #7241 ) ) ;
#4082 = VERTEX_POINT ( 'NONE', #5895 ) ;
#4083 = UNCERTAINTY_MEASURE_WITH_UNIT (LENGTH_MEASURE( 1.000000000000000082E-05 ), #3440, 'distance_accuracy_value', 'NONE');
#4084 = DIRECTION ( 'NONE',  ( 0.4999999999999996669, 0.0000000000000000000, -0.8660254037844388186 ) ) ;
#4086 = ORIENTED_EDGE ( 'NONE', *, *, #1041, .T. ) ;
#4085 = FACE_OUTER_BOUND ( 'NONE', #6160, .T. ) ;
#4087 = EDGE_LOOP ( 'NONE', ( #7857, #7025, #5138, #5321 ) ) ;
#4088 = LINE ( 'NONE', #5675, #5719 ) ;
#4089 = FILL_AREA_STYLE ('',( #2301 ) ) ;
#4090 = CARTESIAN_POINT ( 'NONE',  ( 6.599999999999999645, 17.25000000000000000, 2.349999999999999645 ) ) ;
#4091 = CARTESIAN_POINT ( 'NONE',  ( 6.191799725105590291, 15.26814494388263199, 6.056640950747342877 ) ) ;
#4092 = CARTESIAN_POINT ( 'NONE',  ( 6.599999999999999645, 17.02352941176470580, -5.119999999928978696 ) ) ;
#4094 = ORIENTED_EDGE ( 'NONE', *, *, #3660, .T. ) ;
#4093 = CARTESIAN_POINT ( 'NONE',  ( 5.036640950747329981, 14.33318809514516623, -0.4082002748943869275 ) ) ;
#4095 = CARTESIAN_POINT ( 'NONE',  ( 5.036640950747341527, 10.85147827721596236, -8.028200274894405908 ) ) ;
#4096 = CARTESIAN_POINT ( 'NONE',  ( 7.416400549788779273, 12.52068809514516268, -6.226020063032067675 ) ) ;
#4097 = ADVANCED_FACE ( 'NONE', ( #1755 ), #7414, .F. ) ;
#4098 = CARTESIAN_POINT ( 'NONE',  ( 8.250000000000000000, 21.39999999999999858, -4.704524052577349735 ) ) ;
#4099 = LINE ( 'NONE', #4206, #862 ) ;
#4100 = DIRECTION ( 'NONE',  ( 0.9828721869343217676, 0.1842885350501859976, -0.0000000000000000000 ) ) ;
#4101 = CARTESIAN_POINT ( 'NONE',  ( 11.71000000000000085, -1.734723475976807094E-15, 11.42999999999999972 ) ) ;
#4102 = FACE_OUTER_BOUND ( 'NONE', #249, .T. ) ;
#4103 = CARTESIAN_POINT ( 'NONE',  ( 6.904877320405776508, 15.27138873565663069, 8.787644284148500518 ) ) ;
#4104 = DIRECTION ( 'NONE',  ( 0.9578262852211510969, 0.0000000000000000000, -0.2873478855663461617 ) ) ;
#4105 = CARTESIAN_POINT ( 'NONE',  ( 7.209754640811576465, 11.45888873565663069, 6.578861877317074836 ) ) ;
#4106 = ORIENTED_EDGE ( 'NONE', *, *, #4582, .T. ) ;
#4107 = CARTESIAN_POINT ( 'NONE',  ( 5.783599450211198700, 12.95564494388262844, -6.226020063032070340 ) ) ;
#4108 = PRESENTATION_STYLE_ASSIGNMENT (( #1675 ) ) ;
#4109 = UNCERTAINTY_MEASURE_WITH_UNIT (LENGTH_MEASURE( 1.000000000000000082E-05 ), #972, 'distance_accuracy_value', 'NONE');
#4110 = CARTESIAN_POINT ( 'NONE',  ( 5.050387622304366886, 21.62401862783257656, -2.856336115518689489 ) ) ;
#4111 =( NAMED_UNIT ( * ) PLANE_ANGLE_UNIT ( ) SI_UNIT ( $, .RADIAN. ) );
#4112 = DIRECTION ( 'NONE',  ( 1.000000000000000000, -9.637352644315610034E-17, -0.0000000000000000000 ) ) ;
#4113 = CARTESIAN_POINT ( 'NONE',  ( 7.641138122682933798, 15.33388873565663246, -7.010245359188436609 ) ) ;
#4114 = CARTESIAN_POINT ( 'NONE',  ( 7.008200274894363702, 12.72647827721596592, -1.563359049252674327 ) ) ;
#4115 = CARTESIAN_POINT ( 'NONE',  ( 8.299999999999998934, 0.9000000000000061284, -0.8000000000000119238 ) ) ;
#4116 =( LENGTH_UNIT ( ) NAMED_UNIT ( * ) SI_UNIT ( .MILLI., .METRE. ) );
#4117 = CARTESIAN_POINT ( 'NONE',  ( 6.599999999999999645, 17.94999999998481144, 5.318216198936124961 ) ) ;
#4118 = DIRECTION ( 'NONE',  ( 0.0000000000000000000, 0.0000000000000000000, 1.000000000000000000 ) ) ;
#4119 = CARTESIAN_POINT ( 'NONE',  ( 5.036640950747337087, 16.87485476181183586, 8.028200274894398802 ) ) ;
#4120 = ORIENTED_EDGE ( 'NONE', *, *, #8747, .F. ) ;
#4121 = CARTESIAN_POINT ( 'NONE',  ( 5.206020063032069878, 12.31235476181183763, -8.436400549788777070 ) ) ;
#4122 = DIRECTION ( 'NONE',  ( 0.0000000000000000000, 1.000000000000000000, 0.0000000000000000000 ) ) ;
#4123 = CARTESIAN_POINT ( 'NONE',  ( 3.169680138593190311, 18.75000000000000000, 9.162016754626357340 ) ) ;
#4124 = SURFACE_STYLE_USAGE ( .BOTH. , #6498 ) ;
#4125 = ADVANCED_FACE ( 'NONE', ( #8328 ), #1707, .T. ) ;
#4126 = CARTESIAN_POINT ( 'NONE',  ( 5.783599450211191595, 16.27068809514516445, -1.393979936967921107 ) ) ;
#4127 = CARTESIAN_POINT ( 'NONE',  ( 5.206020063032073431, 12.91397827721596236, 8.436400549788787728 ) ) ;
#4128 = CARTESIAN_POINT ( 'NONE',  ( 6.600000000000000533, 17.26396121657842642, 2.349756306058153221 ) ) ;
#4129 = FACE_OUTER_BOUND ( 'NONE', #6388, .T. ) ;
#4130 = EDGE_CURVE ( 'NONE', #5992, #9689, #4173, .T. ) ;
#4131 = CARTESIAN_POINT ( 'NONE',  ( 11.84279056191359913, 8.199999999999999289, 10.93999999999999950 ) ) ;
#4132 = FACE_BOUND ( 'NONE', #8838, .T. ) ;
#4133 = ADVANCED_FACE ( 'NONE', ( #82 ), #1858, .T. ) ;
#4134 = PLANE ( 'NONE',  #5267 ) ;
#4136 = ORIENTED_EDGE ( 'NONE', *, *, #4064, .T. ) ;
#4135 = CARTESIAN_POINT ( 'NONE',  ( 7.423146177678193069, 10.81283322915199285, 0.8277465858163054468 ) ) ;
#4137 = FILL_AREA_STYLE ('',( #9818 ) ) ;
#4138 = ORIENTED_EDGE ( 'NONE', *, *, #9448, .F. ) ;
#4139 = ORIENTED_EDGE ( 'NONE', *, *, #1614, .T. ) ;
#4140 = DIRECTION ( 'NONE',  ( 0.0000000000000000000, 0.0000000000000000000, -1.000000000000000000 ) ) ;
#4141 = CARTESIAN_POINT ( 'NONE',  ( 26.05000000000000071, 0.5999999999999889866, 0.5000000000000009992 ) ) ;
#4142 = MECHANICAL_DESIGN_GEOMETRIC_PRESENTATION_REPRESENTATION (  '', ( #5332 ), #9561 ) ;
#4143 = DIRECTION ( 'NONE',  ( 0.0000000000000000000, 0.0000000000000000000, 1.000000000000000000 ) ) ;
#4144 = DIRECTION ( 'NONE',  ( -1.000000000000000000, 9.637352644315610034E-17, 0.0000000000000000000 ) ) ;
#4145 = STYLED_ITEM ( 'NONE', ( #5214 ), #6273 ) ;
#4146 = LINE ( 'NONE', #5637, #3707 ) ;
#4148 = EDGE_LOOP ( 'NONE', ( #7861, #423, #5729, #7914 ) ) ;
#4147 = CARTESIAN_POINT ( 'NONE',  ( 6.295122679594205906, 14.22972206898996639, 1.167644284148496636 ) ) ;
#4149 = CARTESIAN_POINT ( 'NONE',  ( 5.989839740012692815, 16.70888873565660049, -6.578861877317070395 ) ) ;
#4150 = CARTESIAN_POINT ( 'NONE',  ( 5.783599450211217352, 12.27068809514516801, -9.013979936967928097 ) ) ;
#4151 = VERTEX_POINT ( 'NONE', #957 ) ;
#4152 = DIRECTION ( 'NONE',  ( 0.0000000000000000000, 1.000000000000000000, 0.0000000000000000000 ) ) ;
#4153 = CARTESIAN_POINT ( 'NONE',  ( 6.599999999999999645, 21.69999999999999929, 7.620000000000000107 ) ) ;
#4154 = CARTESIAN_POINT ( 'NONE',  ( 6.999999999999595879, 18.74040530735749499, 9.780094811668201160 ) ) ;
#4155 = CARTESIAN_POINT ( 'NONE',  ( 5.783599450211183601, 14.43735476181183230, 9.013979936967919215 ) ) ;
#4156 = LINE ( 'NONE', #4805, #9772 ) ;
#4157 = ADVANCED_FACE ( 'NONE', ( #4251 ), #4960, .T. ) ;
#4158 = CARTESIAN_POINT ( 'NONE',  ( 5.206020063032087641, 11.89568809514516623, 8.436400549788825032 ) ) ;
#4159 = VERTEX_POINT ( 'NONE', #2780 ) ;
#4160 = VERTEX_POINT ( 'NONE', #5350 ) ;
#4161 = CARTESIAN_POINT ( 'NONE',  ( 7.416400549788778385, 13.18735476181183586, -9.013979936967931650 ) ) ;
#4162 = DIRECTION ( 'NONE',  ( -0.8807377583392493881, 0.4736042662767661615, 0.0000000000000000000 ) ) ;
#4163 = CARTESIAN_POINT ( 'NONE',  ( 5.036640950747339751, 13.83318809514516623, -0.4082002748944121295 ) ) ;
#4164 = DIRECTION ( 'NONE',  ( -0.0000000000000000000, -1.000000000000000000, -0.0000000000000000000 ) ) ;
#4165 = FACE_OUTER_BOUND ( 'NONE', #2641, .T. ) ;
#4166 = CARTESIAN_POINT ( 'NONE',  ( 6.042671120528350315, 16.94999999999998153, -6.161199823579489809 ) ) ;
#4167 = CARTESIAN_POINT ( 'NONE',  ( 5.202819367983822829, 21.70000000000000284, -4.855776273774099927 ) ) ;
#4168 = CARTESIAN_POINT ( 'NONE',  ( 6.409950764738464812, 16.96934761898564403, 9.183359049252670658 ) ) ;
#4169 = ORIENTED_EDGE ( 'NONE', *, *, #7035, .F. ) ;
#4170 = CARTESIAN_POINT ( 'NONE',  ( 5.783599450211198700, 11.95564494388263022, -6.226020063032071228 ) ) ;
#4171 = LINE ( 'NONE', #4236, #3685 ) ;
#4172 = STYLED_ITEM ( 'NONE', ( #6877 ), #5306 ) ;
#4173 = CIRCLE ( 'NONE', #2439, 3.350000000000000533 ) ;
#4174 = FACE_OUTER_BOUND ( 'NONE', #2192, .T. ) ;
#4175 = CARTESIAN_POINT ( 'NONE',  ( 6.200000000000332356, 18.72531777649772167, 2.182954768023664283 ) ) ;
#4176 = CARTESIAN_POINT ( 'NONE',  ( 5.206020063032065437, 16.31235476181182875, -0.8164005497887777407 ) ) ;
#4177 = AXIS2_PLACEMENT_3D ( 'NONE', #5115, #4152, #9830 ) ;
#4178 = CARTESIAN_POINT ( 'NONE',  ( 7.416400549788778385, 12.70564494388263377, 6.226020063032068563 ) ) ;
#4179 = VECTOR ( 'NONE', #9409, 1000.000000000000000 ) ;
#4180 = CARTESIAN_POINT ( 'NONE',  ( 8.753360775890763890, 21.69999999999999574, -2.164499366080968379 ) ) ;
#4181 = FILL_AREA_STYLE ('',( #3431 ) ) ;
#4182 = STYLED_ITEM ( 'NONE', ( #2136 ), #1076 ) ;
#4183 = UNCERTAINTY_MEASURE_WITH_UNIT (LENGTH_MEASURE( 1.000000000000000082E-05 ), #8299, 'distance_accuracy_value', 'NONE');
#4184 = FILL_AREA_STYLE ('',( #8053 ) ) ;
#4185 = SURFACE_STYLE_USAGE ( .BOTH. , #1700 ) ;
#4187 = VERTEX_POINT ( 'NONE', #4400 ) ;
#4186 = CARTESIAN_POINT ( 'NONE',  ( 7.767644284148503608, 10.85472206898992198, 0.3048773204058001784 ) ) ;
#4188 = CARTESIAN_POINT ( 'NONE',  ( 6.999999999999292122, 18.69941473230046469, -2.204227918229241023 ) ) ;
#4189 = ORIENTED_EDGE ( 'NONE', *, *, #9647, .T. ) ;
#4190 = ORIENTED_EDGE ( 'NONE', *, *, #1092, .T. ) ;
#4191 = DIRECTION ( 'NONE',  ( 0.0000000000000000000, 0.0000000000000000000, 1.000000000000000000 ) ) ;
#4192 = VECTOR ( 'NONE', #4895, 1000.000000000000000 ) ;
#4193 = FILL_AREA_STYLE ('',( #7473 ) ) ;
#4194 = EDGE_CURVE ( 'NONE', #10541, #1163, #3552, .T. ) ;
#4195 =( NAMED_UNIT ( * ) PLANE_ANGLE_UNIT ( ) SI_UNIT ( $, .RADIAN. ) );
#4196 = CARTESIAN_POINT ( 'NONE',  ( 7.993979936967930300, 12.16397827721596414, -8.436400549788780623 ) ) ;
#4197 = SURFACE_STYLE_USAGE ( .BOTH. , #9760 ) ;
#4198 = VECTOR ( 'NONE', #4112, 1000.000000000000000 ) ;
#4199 = STYLED_ITEM ( 'NONE', ( #659 ), #1476 ) ;
#4201 = ORIENTED_EDGE ( 'NONE', *, *, #6003, .T. ) ;
#4200 = CARTESIAN_POINT ( 'NONE',  ( 6.191799725105619601, 13.74985476181183230, -1.563359049252665667 ) ) ;
#4202 = CARTESIAN_POINT ( 'NONE',  ( 5.783599450211187154, 10.78897827721596769, -9.013979936967913886 ) ) ;
#4203 = EDGE_LOOP ( 'NONE', ( #6208, #5278, #1331, #2115, #4760 ) ) ;
#4204 = VERTEX_POINT ( 'NONE', #8524 ) ;
#4205 = CARTESIAN_POINT ( 'NONE',  ( 5.036640950747335310, 16.83318809514516801, -8.028200274894395250 ) ) ;
#4206 = CARTESIAN_POINT ( 'NONE',  ( 1.799999999999999822, 11.00000000000000000, -5.919999999999999929 ) ) ;
#4207 = ADVANCED_FACE ( 'NONE', ( #4565 ), #10237, .F. ) ;
#4208 = PLANE ( 'NONE',  #1800 ) ;
#4209 = SURFACE_STYLE_USAGE ( .BOTH. , #8867 ) ;
#4210 = CARTESIAN_POINT ( 'NONE',  ( 5.206020063032076095, 14.31235476181183230, 6.803599450211193833 ) ) ;
#4211 = EDGE_CURVE ( 'NONE', #5399, #7593, #2939, .T. ) ;
#4212 = FACE_OUTER_BOUND ( 'NONE', #6646, .T. ) ;
#4213 =( GEOMETRIC_REPRESENTATION_CONTEXT ( 3 ) GLOBAL_UNCERTAINTY_ASSIGNED_CONTEXT ( ( #4949 ) ) GLOBAL_UNIT_ASSIGNED_CONTEXT ( ( #7807, #525, #470 ) ) REPRESENTATION_CONTEXT ( 'NONE', 'WORKASPACE' ) );
#4214 = CARTESIAN_POINT ( 'NONE',  ( 6.904877320405771179, 11.47972206898996639, 6.452355715851497031 ) ) ;
#4215 = CIRCLE ( 'NONE', #4896, 2.349999999999999201 ) ;
#4216 = ORIENTED_EDGE ( 'NONE', *, *, #8020, .T. ) ;
#4217 = CARTESIAN_POINT ( 'NONE',  ( 6.191799725105581409, 12.76814494388263022, -9.183359049252656447 ) ) ;
#4218 = SURFACE_SIDE_STYLE ('',( #748 ) ) ;
#4219 = CARTESIAN_POINT ( 'NONE',  ( 5.989839740012692815, 16.70888873565660049, 1.041138122682927714 ) ) ;
#4220 = CARTESIAN_POINT ( 'NONE',  ( 4.950559656930630936, 21.48115715052990282, -2.915792682649485101 ) ) ;
#4221 = DIRECTION ( 'NONE',  ( 0.0000000000000000000, 0.0000000000000000000, -1.000000000000000000 ) ) ;
#4222 = VECTOR ( 'NONE', #6445, 1000.000000000000000 ) ;
#4223 = VECTOR ( 'NONE', #5906, 1000.000000000000000 ) ;
#4224 = VECTOR ( 'NONE', #1592, 1000.000000000000000 ) ;
#4225 = CARTESIAN_POINT ( 'NONE',  ( 5.206020063032084977, 13.89568809514516623, 0.8164005497888127127 ) ) ;
#4226 = DIRECTION ( 'NONE',  ( 0.0000000000000000000, -1.000000000000000000, 0.0000000000000000000 ) ) ;
#4227 =( NAMED_UNIT ( * ) PLANE_ANGLE_UNIT ( ) SI_UNIT ( $, .RADIAN. ) );
#4228 = LINE ( 'NONE', #7281, #2830 ) ;
#4229 = DIRECTION ( 'NONE',  ( 0.0000000000000000000, -1.000000000000000000, 0.0000000000000000000 ) ) ;
#4230 = CARTESIAN_POINT ( 'NONE',  ( 6.042671120528350315, 16.94999999999998153, -6.161199823579489809 ) ) ;
#4231 = PRESENTATION_LAYER_ASSIGNMENT (  '', '', ( #2505 ) ) ;
#4232 = DIRECTION ( 'NONE',  ( 0.0000000000000000000, 1.000000000000000000, 0.0000000000000000000 ) ) ;
#4233 = ORIENTED_EDGE ( 'NONE', *, *, #9852, .T. ) ;
#4234 =( GEOMETRIC_REPRESENTATION_CONTEXT ( 3 ) GLOBAL_UNCERTAINTY_ASSIGNED_CONTEXT ( ( #6403 ) ) GLOBAL_UNIT_ASSIGNED_CONTEXT ( ( #5052, #4603, #6178 ) ) REPRESENTATION_CONTEXT ( 'NONE', 'WORKASPACE' ) );
#4235 = CARTESIAN_POINT ( 'NONE',  ( 7.416400549788777496, 12.18735476181183230, -9.013979936967933426 ) ) ;
#4236 = CARTESIAN_POINT ( 'NONE',  ( 9.949999999999999289, 17.19999999999999929, 11.42999999999999972 ) ) ;
#4237 = DIRECTION ( 'NONE',  ( 0.0000000000000000000, -0.7071067811865492381, -0.7071067811865457964 ) ) ;
#4238 = CARTESIAN_POINT ( 'NONE',  ( 6.199999999999999289, 18.75000000000000000, 2.120707315959846628 ) ) ;
#4239 = CARTESIAN_POINT ( 'NONE',  ( 5.206020063032069878, 15.91397827721596059, 0.8164005497887886209 ) ) ;
#4240 = MECHANICAL_DESIGN_GEOMETRIC_PRESENTATION_REPRESENTATION (  '', ( #83 ), #7103 ) ;
#4241 =( GEOMETRIC_REPRESENTATION_CONTEXT ( 3 ) GLOBAL_UNCERTAINTY_ASSIGNED_CONTEXT ( ( #9207 ) ) GLOBAL_UNIT_ASSIGNED_CONTEXT ( ( #9585, #2225, #10279 ) ) REPRESENTATION_CONTEXT ( 'NONE', 'WORKASPACE' ) );
#4242 = CARTESIAN_POINT ( 'NONE',  ( 7.993979936967930300, 12.16397827721596414, 6.803599450211214261 ) ) ;
#4243 = SURFACE_STYLE_FILL_AREA ( #3321 ) ;
#4244 = DIRECTION ( 'NONE',  ( 0.0000000000000000000, -0.0000000000000000000, 1.000000000000000000 ) ) ;
#4245 = ORIENTED_EDGE ( 'NONE', *, *, #8853, .F. ) ;
#4246 = SURFACE_STYLE_FILL_AREA ( #948 ) ;
#4247 = CARTESIAN_POINT ( 'NONE',  ( 7.000000000000000000, 18.65697564738295711, 9.836544185261589135 ) ) ;
#4248 = VERTEX_POINT ( 'NONE', #5303 ) ;
#4249 = SURFACE_SIDE_STYLE ('',( #7351 ) ) ;
#4250 = DIRECTION ( 'NONE',  ( 0.0000000000000000000, 1.000000000000000000, 0.0000000000000000000 ) ) ;
#4251 = FACE_OUTER_BOUND ( 'NONE', #2122, .T. ) ;
#4252 = B_SPLINE_CURVE_WITH_KNOTS ( 'NONE', 3,
 ( #4650, #3142, #7936, #7879, #9530, #3247, #3851, #7075, #2218, #1458, #7220, #4704, #9634, #10479, #6436, #4865 ),
 .UNSPECIFIED., .F., .F.,
 ( 4, 3, 3, 3, 3, 4 ),
 ( 5.675952188824571084E-15, 3.323384349150750115E-05, 6.645056420405987137E-05, 9.993306315830877650E-05, 0.0001339503478118115546, 0.0001505948449504207086 ),
 .UNSPECIFIED. ) ;
#4253 = SURFACE_STYLE_FILL_AREA ( #86 ) ;
#4255 = ORIENTED_EDGE ( 'NONE', *, *, #9486, .F. ) ;
#4254 = CARTESIAN_POINT ( 'NONE',  ( 7.641138122682926692, 13.83388873565663602, 0.6097546408115636085 ) ) ;
#4256 = CARTESIAN_POINT ( 'NONE',  ( 6.295122679594213011, 16.52138873565663246, -8.787644284148498741 ) ) ;
#4257 = EDGE_LOOP ( 'NONE', ( #6788, #515, #3099, #3723 ) ) ;
#4258 = EDGE_CURVE ( 'NONE', #6410, #6748, #7199, .T. ) ;
#4259 = CYLINDRICAL_SURFACE ( 'NONE', #508, 3.349999999999999645 ) ;
#4260 = CARTESIAN_POINT ( 'NONE',  ( 12.59999999999999964, -2.602085213965210642E-15, 4.410000000000000142 ) ) ;
#4261 = LINE ( 'NONE', #9287, #5407 ) ;
#4262 = CARTESIAN_POINT ( 'NONE',  ( 6.904877320405795160, 14.47972206898996106, 6.452355715851505913 ) ) ;
#4263 = DIRECTION ( 'NONE',  ( -0.0000000000000000000, -1.000000000000000000, -0.0000000000000000000 ) ) ;
#4264 = CARTESIAN_POINT ( 'NONE',  ( 2.099999999999976996, -36.96000000000000085, 1.699999999999993960 ) ) ;
#4265 = VERTEX_POINT ( 'NONE', #4618 ) ;
#4266 = EDGE_CURVE ( 'NONE', #8499, #4187, #560, .T. ) ;
#4267 = CARTESIAN_POINT ( 'NONE',  ( 4.949999999999999289, 17.19999999999999929, -10.53547594742267535 ) ) ;
#4268 = ORIENTED_EDGE ( 'NONE', *, *, #592, .T. ) ;
#4269 = CARTESIAN_POINT ( 'NONE',  ( 6.294311441242751215, 16.72972206898990066, 1.167644284148499967 ) ) ;
#4270 = CARTESIAN_POINT ( 'NONE',  ( 5.036640950747339751, 13.83318809514516623, -8.028200274894407684 ) ) ;
#4271 =( LENGTH_UNIT ( ) NAMED_UNIT ( * ) SI_UNIT ( .MILLI., .METRE. ) );
#4272 = ADVANCED_FACE ( 'NONE', ( #3107 ), #3157, .T. ) ;
#4273 = CARTESIAN_POINT ( 'NONE',  ( 5.206020063032066325, 14.81235476181183230, -8.436400549788778847 ) ) ;
#4274 = CARTESIAN_POINT ( 'NONE',  ( 7.993979936967921418, 12.56235476181183053, 0.8164005497888030538 ) ) ;
#4275 = SURFACE_STYLE_FILL_AREA ( #9093 ) ;
#4276 = CARTESIAN_POINT ( 'NONE',  ( 7.499999999999998224, -3.750000000000012879, -8.119999999999999218 ) ) ;
#4277 = CARTESIAN_POINT ( 'NONE',  ( 6.599999999999999645, 17.27092694212337776, 9.969269215077938284 ) ) ;
#4278 = EDGE_LOOP ( 'NONE', ( #8225, #7487, #7128, #4746 ) ) ;
#4279 = CARTESIAN_POINT ( 'NONE',  ( 5.783599450211226234, 11.93735476181182875, -6.226020063032066787 ) ) ;
#4280 = CARTESIAN_POINT ( 'NONE',  ( 6.599999999999999645, 16.94999999999999929, -9.845735931288073672 ) ) ;
#4281 = CARTESIAN_POINT ( 'NONE',  ( 8.241935539211706185, 21.48048075118623146, 10.53031921199565524 ) ) ;
#4282 = CARTESIAN_POINT ( 'NONE',  ( 6.599999999999999645, 17.27092694212320012, 2.349269215086773333 ) ) ;
#4283 = CARTESIAN_POINT ( 'NONE',  ( 7.416400549788779273, 16.02068809514516445, -6.226020063032068563 ) ) ;
#4284 = CARTESIAN_POINT ( 'NONE',  ( 8.163359049252660427, 16.08318809514516090, 0.4082002748944091319 ) ) ;
#4285 = CARTESIAN_POINT ( 'NONE',  ( 8.163359049252667532, 12.10147827721596769, 8.028200274894377486 ) ) ;
#4286 = UNCERTAINTY_MEASURE_WITH_UNIT (LENGTH_MEASURE( 1.000000000000000082E-05 ), #4615, 'distance_accuracy_value', 'NONE');
#4287 = CARTESIAN_POINT ( 'NONE',  ( 5.286623471394528373, 21.69999999999999929, -10.37273356758481846 ) ) ;
#4288 = CARTESIAN_POINT ( 'NONE',  ( 7.500000000000000000, -4.750000000000000000, 7.919999999999999929 ) ) ;
#4289 = DIRECTION ( 'NONE',  ( 1.000000000000000000, 0.0000000000000000000, -0.0000000000000000000 ) ) ;
#4290 = CARTESIAN_POINT ( 'NONE',  ( 4.762131898558160437, 21.70000000000000284, 5.169470081551957641 ) ) ;
#4291 = ORIENTED_EDGE ( 'NONE', *, *, #1322, .F. ) ;
#4292 = PLANE ( 'NONE',  #2058 ) ;
#4293 =( NAMED_UNIT ( * ) PLANE_ANGLE_UNIT ( ) SI_UNIT ( $, .RADIAN. ) );
#4294 =( NAMED_UNIT ( * ) SI_UNIT ( $, .STERADIAN. ) SOLID_ANGLE_UNIT ( ) );
#4296 = ORIENTED_EDGE ( 'NONE', *, *, #5439, .T. ) ;
#4295 = CARTESIAN_POINT ( 'NONE',  ( 7.008200274894363702, 13.20818809514516623, -1.563359049252674327 ) ) ;
#4297 = CARTESIAN_POINT ( 'NONE',  ( 6.904877320405787167, 16.47972206898996461, -8.787644284148498741 ) ) ;
#4298 = VERTEX_POINT ( 'NONE', #3869 ) ;
#4299 = DIRECTION ( 'NONE',  ( -0.0000000000000000000, -1.000000000000000000, 0.0000000000000000000 ) ) ;
#4300 = VECTOR ( 'NONE', #529, 1000.000000000000000 ) ;
#4301 = PRESENTATION_STYLE_ASSIGNMENT (( #1166 ) ) ;
#4302 = CARTESIAN_POINT ( 'NONE',  ( 9.224999999999999645, 0.8999999999999920286, 10.83000000000000007 ) ) ;
#4303 = VECTOR ( 'NONE', #7543, 1000.000000000000000 ) ;
#4304 = CARTESIAN_POINT ( 'NONE',  ( 5.036640950747324652, 14.87485476181182875, 8.028200274894368604 ) ) ;
#4305 = SURFACE_STYLE_USAGE ( .BOTH. , #9993 ) ;
#4306 = ADVANCED_FACE ( 'NONE', ( #8844 ), #10447, .T. ) ;
#4307 = ORIENTED_EDGE ( 'NONE', *, *, #9373, .F. ) ;
#4308 = AXIS2_PLACEMENT_3D ( 'NONE', #8582, #1263, #2778 ) ;
#4309 = CARTESIAN_POINT ( 'NONE',  ( 4.950000000000000178, 21.39999999999999858, 7.620000000000000107 ) ) ;
#4310 = CARTESIAN_POINT ( 'NONE',  ( 7.993979936967924971, 16.56235476181183230, 0.8164005497887917295 ) ) ;
#4311 = STYLED_ITEM ( 'NONE', ( #2737 ), #3966 ) ;
#4312 = ORIENTED_EDGE ( 'NONE', *, *, #10422, .F. ) ;
#4313 = PLANE ( 'NONE',  #6390 ) ;
#4314 = CARTESIAN_POINT ( 'NONE',  ( 5.783599450211192483, 14.77068809514516801, -9.013979936967919215 ) ) ;
#4315 = CARTESIAN_POINT ( 'NONE',  ( 7.008200274894383242, 11.99985476181183230, 1.563359049252668997 ) ) ;
#4316 =( LENGTH_UNIT ( ) NAMED_UNIT ( * ) SI_UNIT ( .MILLI., .METRE. ) );
#4317 = CARTESIAN_POINT ( 'NONE',  ( 9.950000000000001066, 17.19999999999999929, 7.620000000000000107 ) ) ;
#4318 = DIRECTION ( 'NONE',  ( 0.0000000000000000000, 0.0000000000000000000, -1.000000000000000000 ) ) ;
#4319 = CARTESIAN_POINT ( 'NONE',  ( 4.950000000000000178, 21.39999999999999858, 7.620000000000000107 ) ) ;
#4320 = EDGE_CURVE ( 'NONE', #4953, #9367, #4723, .T. ) ;
#4321 = PLANE ( 'NONE',  #5936 ) ;
#4322 = EDGE_CURVE ( 'NONE', #3400, #9130, #2520, .T. ) ;
#4323 = CARTESIAN_POINT ( 'NONE',  ( 8.163359049252660427, 15.60147827721596947, 8.028200274894409461 ) ) ;
#4324 = ORIENTED_EDGE ( 'NONE', *, *, #8436, .F. ) ;
#4325 = CARTESIAN_POINT ( 'NONE',  ( 8.163359049252669308, 14.62485476181183053, -8.028200274894389921 ) ) ;
#4326 = CARTESIAN_POINT ( 'NONE',  ( 1.843589838486226373, 0.0000000000000000000, 10.83000000000000007 ) ) ;
#4327 = VECTOR ( 'NONE', #8895, 1000.000000000000000 ) ;
#4328 = PRESENTATION_STYLE_ASSIGNMENT (( #10012 ) ) ;
#4329 = CARTESIAN_POINT ( 'NONE',  ( 6.191799725105591179, 14.97647827721596414, 1.563359049252657895 ) ) ;
#4330 = MECHANICAL_DESIGN_GEOMETRIC_PRESENTATION_REPRESENTATION (  '', ( #4311 ), #5035 ) ;
#4331 = CARTESIAN_POINT ( 'NONE',  ( 5.036640950747337975, 12.35147827721596414, 7.211799725105593417 ) ) ;
#4332 = EDGE_CURVE ( 'NONE', #1926, #1765, #3971, .T. ) ;
#4333 = COLOUR_RGB ( '',0.2862745098039215508, 0.6431372549019607199, 0.8666666666666666963 ) ;
#4334 = CARTESIAN_POINT ( 'NONE',  ( 6.599999999999999645, 16.94999999999999929, 9.669999999999999929 ) ) ;
#4335 = VERTEX_POINT ( 'NONE', #3055 ) ;
#4336 = DIRECTION ( 'NONE',  ( -1.000000000000000000, 0.0000000000000000000, 0.0000000000000000000 ) ) ;
#4337 = VERTEX_POINT ( 'NONE', #10503 ) ;
#4338 = VECTOR ( 'NONE', #8543, 1000.000000000000000 ) ;
#4339 = CARTESIAN_POINT ( 'NONE',  ( 1.499999999999974021, 11.00000000000000355, -2.600000000000022737 ) ) ;
#4340 = VECTOR ( 'NONE', #7188, 1000.000000000000114 ) ;
#4341 = EDGE_CURVE ( 'NONE', #1332, #2560, #66, .T. ) ;
#4342 = CARTESIAN_POINT ( 'NONE',  ( 5.110063931671283477, 21.66601707620833750, 2.820083092493815169 ) ) ;
#4343 = CARTESIAN_POINT ( 'NONE',  ( 7.500000000000000000, 0.5999999999999916511, -7.119999999999999218 ) ) ;
#4344 =( GEOMETRIC_REPRESENTATION_CONTEXT ( 3 ) GLOBAL_UNCERTAINTY_ASSIGNED_CONTEXT ( ( #10450 ) ) GLOBAL_UNIT_ASSIGNED_CONTEXT ( ( #779, #4080, #2189 ) ) REPRESENTATION_CONTEXT ( 'NONE', 'WORKASPACE' ) );
#4345 = VECTOR ( 'NONE', #4050, 1000.000000000000000 ) ;
#4347 = ORIENTED_EDGE ( 'NONE', *, *, #4793, .F. ) ;
#4346 = CARTESIAN_POINT ( 'NONE',  ( 6.295122679594202353, 12.52138873565663424, -1.167644284148493306 ) ) ;
#4348 = CARTESIAN_POINT ( 'NONE',  ( 8.163359049252662203, 16.58318809514516801, -7.211799725105605852 ) ) ;
#4349 = VERTEX_POINT ( 'NONE', #2508 ) ;
#4350 = CARTESIAN_POINT ( 'NONE',  ( 7.416400549788791707, 16.52068809514516445, -6.226020063032073004 ) ) ;
#4351 = PRESENTATION_LAYER_ASSIGNMENT (  '', '', ( #2983 ) ) ;
#4352 = CYLINDRICAL_SURFACE ( 'NONE', #5336, 3.350000000000000533 ) ;
#4353 = CARTESIAN_POINT ( 'NONE',  ( 6.999999999998143707, 18.67036368809802127, 9.834662492796919508 ) ) ;
#4354 = CARTESIAN_POINT ( 'NONE',  ( 7.993979936967930300, 14.06235476181183053, 8.436400549788785952 ) ) ;
#4355 = CARTESIAN_POINT ( 'NONE',  ( 6.599999999999999645, 17.19999999999999929, 7.620000000000000107 ) ) ;
#4356 = CARTESIAN_POINT ( 'NONE',  ( 7.008200274894377024, 14.20818809514516623, 6.056640950747332219 ) ) ;
#4357 = FILL_AREA_STYLE_COLOUR ( '', #8719 ) ;
#4358 = ORIENTED_EDGE ( 'NONE', *, *, #8599, .T. ) ;
#4359 = AXIS2_PLACEMENT_3D ( 'NONE', #4841, #7250, #1482 ) ;
#4360 = ORIENTED_EDGE ( 'NONE', *, *, #8542, .T. ) ;
#4361 = DIRECTION ( 'NONE',  ( 0.0000000000000000000, 0.0000000000000000000, 1.000000000000000000 ) ) ;
#4362 = CARTESIAN_POINT ( 'NONE',  ( 5.558861877317064604, 15.66722206898996461, 0.6097546408115604999 ) ) ;
#4363 = CARTESIAN_POINT ( 'NONE',  ( 7.641138122682926692, 13.83388873565663602, -7.010245359188437497 ) ) ;
#4364 = LINE ( 'NONE', #4674, #3564 ) ;
#4365 = ORIENTED_EDGE ( 'NONE', *, *, #110, .T. ) ;
#4366 = DIRECTION ( 'NONE',  ( 0.0000000000000000000, 1.000000000000000000, 0.0000000000000000000 ) ) ;
#4367 = CARTESIAN_POINT ( 'NONE',  ( 5.783599450211198700, 12.43735476181183230, 1.393979936967927546 ) ) ;
#4368 = CARTESIAN_POINT ( 'NONE',  ( 7.000000000000000888, 18.75000000000000000, 9.735099840886189071 ) ) ;
#4369 = FACE_OUTER_BOUND ( 'NONE', #6190, .T. ) ;
#4370 = CARTESIAN_POINT ( 'NONE',  ( 8.250000000000000000, 21.39999999999999858, 4.704524052577350623 ) ) ;
#4371 = AXIS2_PLACEMENT_3D ( 'NONE', #7604, #4318, #7542 ) ;
#4372 =( NAMED_UNIT ( * ) SI_UNIT ( $, .STERADIAN. ) SOLID_ANGLE_UNIT ( ) );
#4373 = CARTESIAN_POINT ( 'NONE',  ( 1.901461569844016042, 17.27092694212258905, 2.349269215077992357 ) ) ;
#4374 = CARTESIAN_POINT ( 'NONE',  ( 6.200000000000000178, 18.75000000000000000, -2.115099840886190297 ) ) ;
#4375 = CARTESIAN_POINT ( 'NONE',  ( 7.008200274894395676, 16.49985476181183230, 9.183359049252665329 ) ) ;
#4376 = VERTEX_POINT ( 'NONE', #7344 ) ;
#4377 = EDGE_LOOP ( 'NONE', ( #8996, #2710, #9557, #4043 ) ) ;
#4378 = CARTESIAN_POINT ( 'NONE',  ( 6.191799725105615160, 14.74985476181183230, -9.183359049252667106 ) ) ;
#4379 = CARTESIAN_POINT ( 'NONE',  ( 12.59999999999999964, 0.8999999999999910294, 11.42999999999999972 ) ) ;
#4380 = VECTOR ( 'NONE', #3190, 1000.000000000000114 ) ;
#4381 = COLOUR_RGB ( '',0.2862745098039215508, 0.6431372549019607199, 0.8666666666666666963 ) ;
#4382 = CARTESIAN_POINT ( 'NONE',  ( 7.997158744933679841, 21.69999999999999574, 10.38421344411343306 ) ) ;
#4383 =( NAMED_UNIT ( * ) SI_UNIT ( $, .STERADIAN. ) SOLID_ANGLE_UNIT ( ) );
#4384 = CARTESIAN_POINT ( 'NONE',  ( 7.416400549788805030, 15.52068809514516978, 1.393979936967920663 ) ) ;
#4385 = EDGE_CURVE ( 'NONE', #1428, #365, #12, .T. ) ;
#4386 = CARTESIAN_POINT ( 'NONE',  ( 5.206020063032084089, 12.41397827721596592, 8.436400549788810821 ) ) ;
#4387 = AXIS2_PLACEMENT_3D ( 'NONE', #1425, #10240, #7844 ) ;
#4388 = DIRECTION ( 'NONE',  ( 0.6987395238751689108, 0.7153761792055298718, 0.0000000000000000000 ) ) ;
#4389 = CARTESIAN_POINT ( 'NONE',  ( 4.762131898557540488, 21.69999999999999929, -2.450529918446823441 ) ) ;
#4390 = ADVANCED_FACE ( 'NONE', ( #2557 ), #1100, .T. ) ;
#4391 = AXIS2_PLACEMENT_3D ( 'NONE', #1433, #5580, #3062 ) ;
#4392 = CARTESIAN_POINT ( 'NONE',  ( 3.745098452046798698, 21.70000000000000284, 8.730408129066846712 ) ) ;
#4393 = VERTEX_POINT ( 'NONE', #1694 ) ;
#4394 = PRESENTATION_LAYER_ASSIGNMENT (  '', '', ( #5763 ) ) ;
#4395 = SURFACE_STYLE_USAGE ( .BOTH. , #8477 ) ;
#4396 = EDGE_LOOP ( 'NONE', ( #4539, #10316, #8943 ) ) ;
#4397 = EDGE_CURVE ( 'NONE', #6897, #5941, #383, .T. ) ;
#4398 = CARTESIAN_POINT ( 'NONE',  ( 5.036640950747327317, 11.37485476181183053, -7.211799725105619174 ) ) ;
#4399 = FACE_OUTER_BOUND ( 'NONE', #3977, .T. ) ;
#4400 = CARTESIAN_POINT ( 'NONE',  ( 1.800000000000002931, 11.00000000000000000, -5.469999999999998863 ) ) ;
#4401 = PLANE ( 'NONE',  #1244 ) ;
#4402 = CARTESIAN_POINT ( 'NONE',  ( 4.025000000000000355, -1.040834085586084257E-14, 10.83000000000000007 ) ) ;
#4404 = VERTEX_POINT ( 'NONE', #778 ) ;
#4403 = CARTESIAN_POINT ( 'NONE',  ( 8.163359049252656874, 13.08318809514516445, 0.4082002748944030257 ) ) ;
#4405 = CARTESIAN_POINT ( 'NONE',  ( 5.783599450211191595, 16.27068809514516445, -9.013979936967922768 ) ) ;
#4406 = VECTOR ( 'NONE', #3772, 1000.000000000000000 ) ;
#4407 = DIRECTION ( 'NONE',  ( 0.0000000000000000000, -1.000000000000000000, 0.0000000000000000000 ) ) ;
#4408 = CARTESIAN_POINT ( 'NONE',  ( 6.191799725105615160, 14.74985476181183230, 6.056640950747330443 ) ) ;
#4409 = CARTESIAN_POINT ( 'NONE',  ( 8.089981537138871914, 21.66599314068625404, -2.820112913137726718 ) ) ;
#4410 = CARTESIAN_POINT ( 'NONE',  ( 7.993979936967930300, 13.06235476181183586, 8.436400549788777070 ) ) ;
#4411 = PLANE ( 'NONE',  #6049 ) ;
#4412 =( BOUNDED_SURFACE ( )  B_SPLINE_SURFACE ( 3, 3, ( 
 ( #10381, #6180, #2171, #6284 ),
 ( #3089, #5454, #9418, #5340 ),
 ( #443, #8678, #5497, #4764 ),
 ( #542, #1402, #4705, #10221 ) ),
 .UNSPECIFIED., .F., .F., .F. ) 
 B_SPLINE_SURFACE_WITH_KNOTS ( ( 4, 4 ),
 ( 4, 4 ),
 ( 0.0000000000000000000, 1.000000000000000000 ),
 ( 0.0000000000000000000, 1.000000000000000000 ),
 .UNSPECIFIED. ) 
 GEOMETRIC_REPRESENTATION_ITEM ( )  RATIONAL_B_SPLINE_SURFACE ( (
 ( 1.000000000000000000, 0.3333333333333332038, 0.3333333333333332038, 1.000000000000000000),
 ( 0.8047378541243649375, 0.2682459513747881830, 0.2682459513747881830, 0.8047378541243649375),
 ( 0.8047378541243649375, 0.2682459513747881830, 0.2682459513747881830, 0.8047378541243649375),
 ( 1.000000000000000000, 0.3333333333333332038, 0.3333333333333332038, 1.000000000000000000) ) ) 
 REPRESENTATION_ITEM ( '' )  SURFACE ( )  );
#4413 = ORIENTED_EDGE ( 'NONE', *, *, #7735, .T. ) ;
#4414 = CARTESIAN_POINT ( 'NONE',  ( 10.69999999999999751, 16.94999999999999929, -5.570000000000000284 ) ) ;
#4415 = CARTESIAN_POINT ( 'NONE',  ( 5.206020063032069878, 16.39568809514516090, 0.8164005497887886209 ) ) ;
#4416 = CARTESIAN_POINT ( 'NONE',  ( 7.767644284148502720, 13.85472206898996994, -7.315122679594239230 ) ) ;
#4417 = CARTESIAN_POINT ( 'NONE',  ( 8.250000000000000000, 17.19999999999999929, 2.915475947422649927 ) ) ;
#4418 = ORIENTED_EDGE ( 'NONE', *, *, #5555, .F. ) ;
#4419 = CARTESIAN_POINT ( 'NONE',  ( 6.599999999999999645, 16.94999999999424745, 7.620000000000000107 ) ) ;
#4420 = CARTESIAN_POINT ( 'NONE',  ( 5.036640950747337975, 12.83318809514516268, -0.4082002748944088544 ) ) ;
#4421 = DIRECTION ( 'NONE',  ( 0.0000000000000000000, 1.000000000000000000, 0.0000000000000000000 ) ) ;
#4422 = CARTESIAN_POINT ( 'NONE',  ( 9.224999999999999645, 0.9000000000000100142, -8.420000000000019469 ) ) ;
#4423 =( LENGTH_UNIT ( ) NAMED_UNIT ( * ) SI_UNIT ( .MILLI., .METRE. ) );
#4424 = CARTESIAN_POINT ( 'NONE',  ( 7.641138122682920475, 15.91722206898996461, 7.010245359188413516 ) ) ;
#4425 = SURFACE_STYLE_USAGE ( .BOTH. , #3385 ) ;
#4426 = LINE ( 'NONE', #2657, #7790 ) ;
#4427 = CARTESIAN_POINT ( 'NONE',  ( 5.783599450211191595, 15.78897827721596414, 6.226020063032078333 ) ) ;
#4428 = ORIENTED_EDGE ( 'NONE', *, *, #9528, .T. ) ;
#4429 = CARTESIAN_POINT ( 'NONE',  ( 7.416400549788780161, 14.53897827721596414, -6.226020063032067675 ) ) ;
#4430 = CARTESIAN_POINT ( 'NONE',  ( 7.000000000000000000, 18.66147085691061491, 2.216224772235839691 ) ) ;
#4431 = CARTESIAN_POINT ( 'NONE',  ( 12.59999999999999964, 11.05000000000000071, 11.42999999999999972 ) ) ;
#4432 = CARTESIAN_POINT ( 'NONE',  ( 2.099999999999999645, 13.97719298245609920, -9.319999999999966533 ) ) ;
#4433 = ORIENTED_EDGE ( 'NONE', *, *, #10068, .T. ) ;
#4434 = CARTESIAN_POINT ( 'NONE',  ( 7.993979936967930300, 15.08064494388263022, 0.8164005497887782958 ) ) ;
#4435 = CARTESIAN_POINT ( 'NONE',  ( 8.163359049252667532, 12.12485476181183408, 7.211799725105607628 ) ) ;
#4436 = CARTESIAN_POINT ( 'NONE',  ( 6.999999999999795719, 18.73234883560357744, -9.793891282717057223 ) ) ;
#4437 = ADVANCED_FACE ( 'NONE', ( #5718 ), #1743, .T. ) ;
#4438 = FILL_AREA_STYLE_COLOUR ( '', #3719 ) ;
#4439 = CARTESIAN_POINT ( 'NONE',  ( 5.250000000000002665, 21.69999999999999929, 4.885041133764528531 ) ) ;
#4440 = ORIENTED_EDGE ( 'NONE', *, *, #5713, .F. ) ;
#4441 = PLANE ( 'NONE',  #4308 ) ;
#4442 = CARTESIAN_POINT ( 'NONE',  ( 7.420835830751209450, 10.81261105598069960, -6.789963352972527844 ) ) ;
#4443 = PRESENTATION_STYLE_ASSIGNMENT (( #8483 ) ) ;
#4444 = EDGE_CURVE ( 'NONE', #10528, #9141, #4944, .T. ) ;
#4445 = CARTESIAN_POINT ( 'NONE',  ( 1.500000000000015321, 11.00000000000000355, 10.22000000000005215 ) ) ;
#4446 = ADVANCED_FACE ( 'NONE', ( #4998 ), #7399, .T. ) ;
#4447 = CARTESIAN_POINT ( 'NONE',  ( 0.0000000000000000000, 0.9000000000000011324, -3.209999999999999964 ) ) ;
#4449 = ORIENTED_EDGE ( 'NONE', *, *, #3014, .T. ) ;
#4448 = CARTESIAN_POINT ( 'NONE',  ( 7.767644284148505385, 12.89638873565663069, -0.3048773204057703134 ) ) ;
#4450 = ORIENTED_EDGE ( 'NONE', *, *, #3759, .T. ) ;
#4451 = CARTESIAN_POINT ( 'NONE',  ( 7.416400549788779273, 15.53897827721596236, -6.226020063032068563 ) ) ;
#4452 = CARTESIAN_POINT ( 'NONE',  ( 5.783599450211212911, 13.78897827721596414, 6.226020063032067675 ) ) ;
#4453 = CARTESIAN_POINT ( 'NONE',  ( 1.799999999999999822, 11.00000000000000000, 1.699999999999999956 ) ) ;
#4454 = CARTESIAN_POINT ( 'NONE',  ( 7.767644284148500056, 13.35472206898996816, 7.924877320405793846 ) ) ;
#4455 = EDGE_CURVE ( 'NONE', #2055, #6124, #10161, .T. ) ;
#4456 = SURFACE_STYLE_FILL_AREA ( #1171 ) ;
#4457 = CARTESIAN_POINT ( 'NONE',  ( 8.299999999999998934, 0.9000000000000148992, -6.819999999999978080 ) ) ;
#4458 = ORIENTED_EDGE ( 'NONE', *, *, #2894, .T. ) ;
#4459 = VERTEX_POINT ( 'NONE', #375 ) ;
#4460 = CARTESIAN_POINT ( 'NONE',  ( 6.191799725105587626, 12.74985476181183763, -9.183359049252658224 ) ) ;
#4461 = CARTESIAN_POINT ( 'NONE',  ( 7.000000000000000000, 17.94999999999999929, -1.219999999999999973 ) ) ;
#4463 = ORIENTED_EDGE ( 'NONE', *, *, #5107, .F. ) ;
#4462 = CARTESIAN_POINT ( 'NONE',  ( 7.416400549788779273, 15.68735476181183586, -1.393979936967932209 ) ) ;
#4464 = COLOUR_RGB ( '',0.2862745098039215508, 0.6431372549019607199, 0.8666666666666666963 ) ;
#4465 = PRODUCT_DEFINITION_SHAPE ( 'NONE', 'NONE',  #6536 ) ;
#4466 = CARTESIAN_POINT ( 'NONE',  ( 6.191799725105587626, 12.74985476181183763, -9.183359049252658224 ) ) ;
#4467 = ORIENTED_EDGE ( 'NONE', *, *, #7673, .T. ) ;
#4468 = CARTESIAN_POINT ( 'NONE',  ( 11.29999999999999893, 17.07426406871192981, -2.349999999999999645 ) ) ;
#4469 = CARTESIAN_POINT ( 'NONE',  ( 5.036640950747343304, 12.37485476181183230, 0.4082002748944111858 ) ) ;
#4470 = DIRECTION ( 'NONE',  ( 0.0000000000000000000, 0.0000000000000000000, 1.000000000000000000 ) ) ;
#4471 = FACE_OUTER_BOUND ( 'NONE', #7147, .T. ) ;
#4472 = CARTESIAN_POINT ( 'NONE',  ( 7.008200274894397452, 16.70818809514516445, 6.056640950747336660 ) ) ;
#4473 = ADVANCED_FACE ( 'NONE', ( #3745 ), #3032, .F. ) ;
#4474 = CARTESIAN_POINT ( 'NONE',  ( 6.599999999999999645, 16.94999999999999929, -5.569999999999995843 ) ) ;
#4475 = AXIS2_PLACEMENT_3D ( 'NONE', #3920, #8002, #3969 ) ;
#4476 = CARTESIAN_POINT ( 'NONE',  ( 6.200000000001177014, 18.72743090741203176, -2.179469421719244515 ) ) ;
#4477 = CARTESIAN_POINT ( 'NONE',  ( 5.783599450211206694, 16.77068809514516801, 6.226020063032073004 ) ) ;
#4478 = EDGE_LOOP ( 'NONE', ( #1059, #9573, #4701, #1597 ) ) ;
#4479 = VERTEX_POINT ( 'NONE', #7015 ) ;
#4480 = CARTESIAN_POINT ( 'NONE',  ( 7.416400549788805030, 15.52068809514516978, -6.226020063032078333 ) ) ;
#4481 =( NAMED_UNIT ( * ) PLANE_ANGLE_UNIT ( ) SI_UNIT ( $, .RADIAN. ) );
#4482 = FACE_OUTER_BOUND ( 'NONE', #10420, .T. ) ;
#4483 = CARTESIAN_POINT ( 'NONE',  ( 6.199999999999999289, 18.65697564738195879, -2.216544185263823241 ) ) ;
#4484 = CARTESIAN_POINT ( 'NONE',  ( 5.783599450211192483, 15.93735476181183053, -6.226020063032080110 ) ) ;
#4485 = VECTOR ( 'NONE', #1225, 1000.000000000000000 ) ;
#4486 = EDGE_LOOP ( 'NONE', ( #684, #1702, #2482, #6995 ) ) ;
#4487 = CARTESIAN_POINT ( 'NONE',  ( 5.206020063032076095, 15.33064494388263377, -0.8164005497888051632 ) ) ;
#4488 = CARTESIAN_POINT ( 'NONE',  ( 8.163359049252656874, 11.62485476181183053, 7.211799725105582759 ) ) ;
#4489 = LINE ( 'NONE', #8572, #4036 ) ;
#4490 = CLOSED_SHELL ( 'NONE', ( #8075, #3804, #3758, #9321 ) ) ;
#4491 = CARTESIAN_POINT ( 'NONE',  ( 4.446639224110006339, 21.69999999999999929, 2.164499366081347187 ) ) ;
#4492 = EDGE_LOOP ( 'NONE', ( #8664, #3508, #61 ) ) ;
#4493 = AXIS2_PLACEMENT_3D ( 'NONE', #4790, #4034, #3226 ) ;
#4494 = DIRECTION ( 'NONE',  ( -8.185976218434330542E-17, 1.000000000000000000, 0.0000000000000000000 ) ) ;
#4495 = CARTESIAN_POINT ( 'NONE',  ( 0.0000000000000000000, 0.0000000000000000000, 38.09999999999999432 ) ) ;
#4496 = VERTEX_POINT ( 'NONE', #6910 ) ;
#4497 = DIRECTION ( 'NONE',  ( -0.0000000000000000000, -0.0000000000000000000, -1.000000000000000000 ) ) ;
#4498 = FILL_AREA_STYLE_COLOUR ( '', #8241 ) ;
#4499 = MECHANICAL_DESIGN_GEOMETRIC_PRESENTATION_REPRESENTATION (  '', ( #3135 ), #5349 ) ;
#4500 = DIRECTION ( 'NONE',  ( -1.376764663473659915E-16, 1.000000000000000000, 0.0000000000000000000 ) ) ;
#4501 = AXIS2_PLACEMENT_3D ( 'NONE', #6974, #7614, #489 ) ;
#4502 = CARTESIAN_POINT ( 'NONE',  ( 2.099999999999999201, 9.400000000000009237, -9.319999999999966533 ) ) ;
#4503 = VECTOR ( 'NONE', #5108, 1000.000000000000000 ) ;
#4505 = ORIENTED_EDGE ( 'NONE', *, *, #2307, .T. ) ;
#4504 = CARTESIAN_POINT ( 'NONE',  ( 7.641138122682934686, 12.91722206898996994, -0.6097546408115628314 ) ) ;
#4506 = CARTESIAN_POINT ( 'NONE',  ( 5.990245359188414831, 16.04222206898996106, -8.661138122682924489 ) ) ;
#4507 = ORIENTED_EDGE ( 'NONE', *, *, #2272, .T. ) ;
#4508 = ORIENTED_EDGE ( 'NONE', *, *, #2707, .T. ) ;
#4509 = CARTESIAN_POINT ( 'NONE',  ( 5.036640950747327317, 15.89314494388263022, -7.211799725105620951 ) ) ;
#4510 = SURFACE_STYLE_FILL_AREA ( #1216 ) ;
#4511 =( LENGTH_UNIT ( ) NAMED_UNIT ( * ) SI_UNIT ( .MILLI., .METRE. ) );
#4512 = CARTESIAN_POINT ( 'NONE',  ( 7.416400549788779273, 14.68735476181183053, 6.226020063032069451 ) ) ;
#4513 = EDGE_CURVE ( 'NONE', #449, #1240, #4694, .T. ) ;
#4514 = DIRECTION ( 'NONE',  ( -1.000000000000000000, 0.0000000000000000000, 0.0000000000000000000 ) ) ;
#4515 = CARTESIAN_POINT ( 'NONE',  ( 5.990245359188446805, 13.70888873565663602, 8.661138122682935148 ) ) ;
#4516 = VECTOR ( 'NONE', #9276, 1000.000000000000000 ) ;
#4517 = CARTESIAN_POINT ( 'NONE',  ( 9.224999999999999645, 0.8999999999999920286, 6.820000000000000284 ) ) ;
#4518 = CARTESIAN_POINT ( 'NONE',  ( 8.042561105189653503, 21.57573593128806877, 3.023494246363633398 ) ) ;
#4519 = VERTEX_POINT ( 'NONE', #4474 ) ;
#4520 = COLOUR_RGB ( '',0.2862745098039215508, 0.6431372549019607199, 0.8666666666666666963 ) ;
#4521 = PLANE ( 'NONE',  #7949 ) ;
#4522 = ORIENTED_EDGE ( 'NONE', *, *, #2307, .F. ) ;
#4523 =( GEOMETRIC_REPRESENTATION_CONTEXT ( 3 ) GLOBAL_UNCERTAINTY_ASSIGNED_CONTEXT ( ( #10171 ) ) GLOBAL_UNIT_ASSIGNED_CONTEXT ( ( #3076, #8820, #3437 ) ) REPRESENTATION_CONTEXT ( 'NONE', 'WORKASPACE' ) );
#4525 = ORIENTED_EDGE ( 'NONE', *, *, #6003, .F. ) ;
#4524 = CARTESIAN_POINT ( 'NONE',  ( 5.432355715851494793, 15.60472206898995928, -0.3048773204057745323 ) ) ;
#4526 = CARTESIAN_POINT ( 'NONE',  ( 7.641138122682934686, 12.91722206898996994, -8.229754640811568933 ) ) ;
#4527 = EDGE_CURVE ( 'NONE', #10134, #612, #7817, .T. ) ;
#4528 = CARTESIAN_POINT ( 'NONE',  ( 7.500000000000000000, -3.750000000000002665, -7.120000000000000107 ) ) ;
#4529 = CARTESIAN_POINT ( 'NONE',  ( 8.163359049252655097, 10.60147827721590552, 0.4082002748944132398 ) ) ;
#4530 = VECTOR ( 'NONE', #3242, 1000.000000000000000 ) ;
#4531 = LINE ( 'NONE', #430, #3151 ) ;
#4532 =( NAMED_UNIT ( * ) PLANE_ANGLE_UNIT ( ) SI_UNIT ( $, .RADIAN. ) );
#4533 = EDGE_CURVE ( 'NONE', #1355, #7111, #2915, .T. ) ;
#4534 = SURFACE_STYLE_FILL_AREA ( #2654 ) ;
#4535 = AXIS2_PLACEMENT_3D ( 'NONE', #2712, #10111, #2819 ) ;
#4536 = CARTESIAN_POINT ( 'NONE',  ( 5.036640950747327317, 16.37485476181183230, 8.028200274894377486 ) ) ;
#4537 = AXIS2_PLACEMENT_3D ( 'NONE', #4557, #8797, #4775 ) ;
#4538 = CARTESIAN_POINT ( 'NONE',  ( 7.993979936967914313, 15.58064494388263022, 8.436400549788817926 ) ) ;
#4539 = ORIENTED_EDGE ( 'NONE', *, *, #5656, .F. ) ;
#4540 = CARTESIAN_POINT ( 'NONE',  ( 5.036640950747344192, 14.37485476181183408, -7.211799725105587200 ) ) ;
#4541 = SURFACE_STYLE_FILL_AREA ( #1243 ) ;
#4542 = UNCERTAINTY_MEASURE_WITH_UNIT (LENGTH_MEASURE( 1.000000000000000082E-05 ), #4423, 'distance_accuracy_value', 'NONE');
#4543 = PRESENTATION_STYLE_ASSIGNMENT (( #1747 ) ) ;
#4544 = CARTESIAN_POINT ( 'NONE',  ( 6.599999999999999645, 17.02352941176470580, -7.620000000000000107 ) ) ;
#4545 = LINE ( 'NONE', #7774, #10470 ) ;
#4546 = VERTEX_POINT ( 'NONE', #8671 ) ;
#4547 = CARTESIAN_POINT ( 'NONE',  ( 5.783599450211217352, 15.28897827721596769, -1.393979936967932209 ) ) ;
#4548 = CARTESIAN_POINT ( 'NONE',  ( 8.163359049252656874, 15.58318809514516268, -7.211799725105596082 ) ) ;
#4549 = CARTESIAN_POINT ( 'NONE',  ( 5.783599450211226234, 11.45564494388263022, 9.013979936967931650 ) ) ;
#4550 = AXIS2_PLACEMENT_3D ( 'NONE', #8193, #872, #7384 ) ;
#4551 =( NAMED_UNIT ( * ) SI_UNIT ( $, .STERADIAN. ) SOLID_ANGLE_UNIT ( ) );
#4552 = ORIENTED_EDGE ( 'NONE', *, *, #1537, .T. ) ;
#4553 = COLOUR_RGB ( '',0.2862745098039215508, 0.6431372549019607199, 0.8666666666666666963 ) ;
#4554 =( GEOMETRIC_REPRESENTATION_CONTEXT ( 3 ) GLOBAL_UNCERTAINTY_ASSIGNED_CONTEXT ( ( #3589 ) ) GLOBAL_UNIT_ASSIGNED_CONTEXT ( ( #4846, #899, #7309 ) ) REPRESENTATION_CONTEXT ( 'NONE', 'WORKASPACE' ) );
#4555 = CARTESIAN_POINT ( 'NONE',  ( 7.000000000000000000, 18.66802573438618040, -9.835759006795219861 ) ) ;
#4556 = COLOUR_RGB ( '',0.2862745098039215508, 0.6431372549019607199, 0.8666666666666666963 ) ;
#4557 = CARTESIAN_POINT ( 'NONE',  ( 6.599999999999999645, 21.69999999999999929, 0.0000000000000000000 ) ) ;
#4558 = FILL_AREA_STYLE ('',( #6671 ) ) ;
#4559 = VERTEX_POINT ( 'NONE', #480 ) ;
#4560 = FILL_AREA_STYLE_COLOUR ( '', #10296 ) ;
#4561 = LINE ( 'NONE', #7791, #4831 ) ;
#4562 = VECTOR ( 'NONE', #1465, 1000.000000000000000 ) ;
#4563 = STYLED_ITEM ( 'NONE', ( #4803 ), #8992 ) ;
#4564 = COLOUR_RGB ( '',0.2862745098039215508, 0.6431372549019607199, 0.8666666666666666963 ) ;
#4565 = FACE_OUTER_BOUND ( 'NONE', #6559, .T. ) ;
#4566 = CARTESIAN_POINT ( 'NONE',  ( 6.199999999999999289, 18.75000000000000000, 0.0000000000000000000 ) ) ;
#4567 = AXIS2_PLACEMENT_3D ( 'NONE', #2484, #922, #148 ) ;
#4568 = CARTESIAN_POINT ( 'NONE',  ( 6.599999999999999645, 17.02352941175888645, 7.620000000000000107 ) ) ;
#4570 = ORIENTED_EDGE ( 'NONE', *, *, #9992, .F. ) ;
#4569 = CARTESIAN_POINT ( 'NONE',  ( 5.036640950747339751, 11.87485476181183763, 0.4082002748944231207 ) ) ;
#4571 = CARTESIAN_POINT ( 'NONE',  ( 7.008200274894395676, 16.49985476181183230, -6.056640950747337548 ) ) ;
#4572 = EDGE_LOOP ( 'NONE', ( #5265, #7744, #1398, #8042, #5433, #6241 ) ) ;
#4573 = CARTESIAN_POINT ( 'NONE',  ( 6.191799725105617824, 15.95818809514516801, -6.056640950747332219 ) ) ;
#4574 =( NAMED_UNIT ( * ) SI_UNIT ( $, .STERADIAN. ) SOLID_ANGLE_UNIT ( ) );
#4575 = CARTESIAN_POINT ( 'NONE',  ( 8.250000000000000000, 21.69999999999999929, 11.42999999999999972 ) ) ;
#4576 = CARTESIAN_POINT ( 'NONE',  ( 6.599999999999999645, 17.25000000000000000, -5.270000000000000462 ) ) ;
#4577 = AXIS2_PLACEMENT_3D ( 'NONE', #5136, #8560, #6122 ) ;
#4578 = CARTESIAN_POINT ( 'NONE',  ( 5.990245359188420160, 13.54222206898996639, 6.578861877317078388 ) ) ;
#4579 = CARTESIAN_POINT ( 'NONE',  ( 7.989051101519075715, 21.69999999999999929, 2.911341501056096348 ) ) ;
#4580 = VERTEX_POINT ( 'NONE', #4641 ) ;
#4581 = SURFACE_STYLE_FILL_AREA ( #4683 ) ;
#4582 = EDGE_CURVE ( 'NONE', #3797, #9430, #7871, .T. ) ;
#4583 = MECHANICAL_DESIGN_GEOMETRIC_PRESENTATION_REPRESENTATION (  '', ( #2175 ), #7623 ) ;
#4585 = EDGE_LOOP ( 'NONE', ( #7173, #8740, #6789, #10400 ) ) ;
#4584 = CARTESIAN_POINT ( 'NONE',  ( 7.209754640811564030, 15.45888873565663602, -1.041138122682930822 ) ) ;
#4586 = CARTESIAN_POINT ( 'NONE',  ( 5.990245359188432595, 13.04222206898996461, -8.661138122682926266 ) ) ;
#4587 = CARTESIAN_POINT ( 'NONE',  ( 10.69999999999999751, 16.94999999999999929, -2.049999999999999822 ) ) ;
#4588 = CARTESIAN_POINT ( 'NONE',  ( 5.036640950747327317, 10.89314494388263022, 0.4082002748943820980 ) ) ;
#4589 = CARTESIAN_POINT ( 'NONE',  ( 5.250000000000000000, 21.69999999999999929, -4.885041133764532084 ) ) ;
#4590 = LINE ( 'NONE', #9406, #9290 ) ;
#4591 =( NAMED_UNIT ( * ) PLANE_ANGLE_UNIT ( ) SI_UNIT ( $, .RADIAN. ) );
#4592 = CARTESIAN_POINT ( 'NONE',  ( 5.432355715851502787, 16.10472206898996106, 7.315122679594211696 ) ) ;
#4593 = AXIS2_PLACEMENT_3D ( 'NONE', #2562, #1900, #6777 ) ;
#4594 = PLANE ( 'NONE',  #8584 ) ;
#4595 = ADVANCED_FACE ( 'NONE', ( #2868 ), #4696, .F. ) ;
#4596 = CARTESIAN_POINT ( 'NONE',  ( 7.993979936967930300, 12.64568809514516090, 6.803599450211214261 ) ) ;
#4597 = CARTESIAN_POINT ( 'NONE',  ( 5.783599450211219128, 14.78897827721596236, 6.226020063032068563 ) ) ;
#4598 = EDGE_LOOP ( 'NONE', ( #6526, #8223, #7799, #185 ) ) ;
#4599 = EDGE_LOOP ( 'NONE', ( #1637, #4838, #3964, #461, #10175 ) ) ;
#4600 =( LENGTH_UNIT ( ) NAMED_UNIT ( * ) SI_UNIT ( .MILLI., .METRE. ) );
#4601 = ORIENTED_EDGE ( 'NONE', *, *, #6451, .F. ) ;
#4602 = ADVANCED_FACE ( 'NONE', ( #1303 ), #4594, .F. ) ;
#4603 =( NAMED_UNIT ( * ) PLANE_ANGLE_UNIT ( ) SI_UNIT ( $, .RADIAN. ) );
#4604 = DIRECTION ( 'NONE',  ( -1.000000000000000000, 0.0000000000000000000, 0.0000000000000000000 ) ) ;
#4605 = CARTESIAN_POINT ( 'NONE',  ( 6.962913914258709980, 18.65697564737699210, 9.842917365997955415 ) ) ;
#4606 = ORIENTED_EDGE ( 'NONE', *, *, #9517, .T. ) ;
#4607 = CARTESIAN_POINT ( 'NONE',  ( 7.416400549788820129, 14.52068809514516623, 1.393979936967915556 ) ) ;
#4608 = CARTESIAN_POINT ( 'NONE',  ( 26.05000000000000071, 1.349999999999990097, -8.869999999999999218 ) ) ;
#4609 = CARTESIAN_POINT ( 'NONE',  ( 5.783599450211219128, 10.95564494388263199, 9.013979936967928097 ) ) ;
#4610 = CARTESIAN_POINT ( 'NONE',  ( 6.200000000000709832, 18.67909150389218809, -5.406956928404176743 ) ) ;
#4611 = CARTESIAN_POINT ( 'NONE',  ( 6.600000000000000533, 17.25698273513623349, -9.969999999999998863 ) ) ;
#4612 = VERTEX_POINT ( 'NONE', #1604 ) ;
#4613 =( NAMED_UNIT ( * ) SI_UNIT ( $, .STERADIAN. ) SOLID_ANGLE_UNIT ( ) );
#4614 = CARTESIAN_POINT ( 'NONE',  ( 1.500000000000014211, 4.185714285714299265, -10.21999999999993136 ) ) ;
#4615 =( LENGTH_UNIT ( ) NAMED_UNIT ( * ) SI_UNIT ( .MILLI., .METRE. ) );
#4616 = ORIENTED_EDGE ( 'NONE', *, *, #4793, .T. ) ;
#4617 = CARTESIAN_POINT ( 'NONE',  ( 6.599999999999999645, 17.02352941175888645, -5.119999999953706471 ) ) ;
#4618 = CARTESIAN_POINT ( 'NONE',  ( 8.299999999999998934, -4.750000000000000000, -7.320000000000000284 ) ) ;
#4619 = EDGE_CURVE ( 'NONE', #892, #3776, #3994, .T. ) ;
#4620 = CARTESIAN_POINT ( 'NONE',  ( 12.09999999999999964, 10.55000000000000071, -11.43000000000000327 ) ) ;
#4621 = UNCERTAINTY_MEASURE_WITH_UNIT (LENGTH_MEASURE( 1.000000000000000082E-05 ), #193, 'distance_accuracy_value', 'NONE');
#4622 = CARTESIAN_POINT ( 'NONE',  ( 1.499999999999994893, 11.00000000000000000, 5.020000000000009344 ) ) ;
#4623 = CARTESIAN_POINT ( 'NONE',  ( 6.599999999999999645, 16.86478841540089846, -6.254498333299414625 ) ) ;
#4625 = VERTEX_POINT ( 'NONE', #3082 ) ;
#4624 = CARTESIAN_POINT ( 'NONE',  ( 5.990245359188433483, 12.04222206898997172, -1.041138122682929712 ) ) ;
#4626 = ORIENTED_EDGE ( 'NONE', *, *, #9373, .T. ) ;
#4627 =( NAMED_UNIT ( * ) PLANE_ANGLE_UNIT ( ) SI_UNIT ( $, .RADIAN. ) );
#4628 = DIRECTION ( 'NONE',  ( 0.0000000000000000000, -0.0000000000000000000, 1.000000000000000000 ) ) ;
#4629 = CARTESIAN_POINT ( 'NONE',  ( 7.209754640811560478, 12.95888873565663779, 6.578861877317073059 ) ) ;
#4630 = CARTESIAN_POINT ( 'NONE',  ( 1.800000000000005596, 11.00000000000000178, -2.149999999999968825 ) ) ;
#4631 = VERTEX_POINT ( 'NONE', #2256 ) ;
#4632 = CARTESIAN_POINT ( 'NONE',  ( 1.500000000000000000, -36.96000000000000085, -10.22000000000000064 ) ) ;
#4634 = ORIENTED_EDGE ( 'NONE', *, *, #7522, .F. ) ;
#4633 = CARTESIAN_POINT ( 'NONE',  ( 7.008200274894410775, 14.99985476181183230, 1.563359049252657007 ) ) ;
#4635 = CARTESIAN_POINT ( 'NONE',  ( 5.990245359188422825, 13.20888873565663069, -6.578861877317072171 ) ) ;
#4636 = DIRECTION ( 'NONE',  ( -0.9578262852211486544, 0.0000000000000000000, -0.2873478855663544329 ) ) ;
#4637 = CARTESIAN_POINT ( 'NONE',  ( 7.993979936967914313, 10.66397827721597480, -0.8164005497888121576 ) ) ;
#4638 = CARTESIAN_POINT ( 'NONE',  ( 0.0000000000000000000, 0.8999999999999929168, 10.83000000000000007 ) ) ;
#4639 = CARTESIAN_POINT ( 'NONE',  ( 8.206355231326678989, 21.69999999999999929, 5.012082904503620817 ) ) ;
#4640 = CARTESIAN_POINT ( 'NONE',  ( 5.036640950747337087, 16.87485476181183586, 8.028200274894398802 ) ) ;
#4641 = CARTESIAN_POINT ( 'NONE',  ( 7.500000000000000000, 0.5999999999999885425, -0.4999999999999993339 ) ) ;
#4642 = CARTESIAN_POINT ( 'NONE',  ( 5.206020063032059220, 12.81235476181183053, 6.803599450211223143 ) ) ;
#4643 = CARTESIAN_POINT ( 'NONE',  ( 5.206020063032084977, 15.39568809514516978, 8.436400549788817926 ) ) ;
#4644 = EDGE_LOOP ( 'NONE', ( #6408, #10335, #4744, #472, #2400 ) ) ;
#4645 = VECTOR ( 'NONE', #1296, 1000.000000000000000 ) ;
#4646 = CARTESIAN_POINT ( 'NONE',  ( 6.191799725105584074, 14.24985476181183408, -9.183359049252656447 ) ) ;
#4647 = UNCERTAINTY_MEASURE_WITH_UNIT (LENGTH_MEASURE( 1.000000000000000082E-05 ), #3913, 'distance_accuracy_value', 'NONE');
#4648 = CARTESIAN_POINT ( 'NONE',  ( 2.500000000000001332, 16.94999999999999929, 2.049999999999999822 ) ) ;
#4649 = CIRCLE ( 'NONE', #3100, 2.349999999999999201 ) ;
#4650 = CARTESIAN_POINT ( 'NONE',  ( 7.000000000000000000, 18.65697564738283987, 5.403455814738181928 ) ) ;
#4651 = CARTESIAN_POINT ( 'NONE',  ( 6.599999999999999645, 17.25000000000000000, -2.349999999999999645 ) ) ;
#4652 = ORIENTED_EDGE ( 'NONE', *, *, #10225, .F. ) ;
#4653 = CARTESIAN_POINT ( 'NONE',  ( 7.993979936967930300, 14.14568809514516623, -0.8164005497887845131 ) ) ;
#4654 = EDGE_CURVE ( 'NONE', #7468, #5627, #1500, .T. ) ;
#4655 =( NAMED_UNIT ( * ) PLANE_ANGLE_UNIT ( ) SI_UNIT ( $, .RADIAN. ) );
#4656 = VECTOR ( 'NONE', #1153, 1000.000000000000000 ) ;
#4657 = B_SPLINE_SURFACE_WITH_KNOTS ( 'NONE', 3, 1, ( 
 ( #9131, #7422 ),
 ( #89, #5112 ),
 ( #33, #4149 ),
 ( #6637, #8332 ),
 ( #7363, #3342 ),
 ( #9879, #5846 ),
 ( #5064, #8285 ),
 ( #3496, #7479 ),
 ( #965, #4256 ),
 ( #136, #4297 ),
 ( #6737, #1046 ),
 ( #2022, #8532 ),
 ( #1863, #2689 ),
 ( #4348, #5991 ),
 ( #8487, #1972 ),
 ( #250, #9225 ),
 ( #4571, #2786 ),
 ( #6835, #5205 ),
 ( #8432, #460 ),
 ( #1212, #1111 ),
 ( #3775, #307 ),
 ( #5263, #351 ),
 ( #6882, #10135 ),
 ( #2843, #4506 ),
 ( #10193, #6148 ),
 ( #9386, #5358 ),
 ( #8592, #1278 ),
 ( #7510, #8409 ),
 ( #9165, #286 ),
 ( #9259, #9049 ),
 ( #991, #1740 ),
 ( #4283, #940 ),
 ( #123, #9907 ),
 ( #6285, #6866 ),
 ( #4484, #9534 ),
 ( #2220, #6082 ),
 ( #386, #3700 ),
 ( #1403, #8141 ),
 ( #7127, #10481 ),
 ( #812, #9787 ),
 ( #9635, #2327 ),
 ( #756, #7327 ),
 ( #8933, #3201 ),
 ( #3302, #6548 ),
 ( #4813, #2489 ),
 ( #9682, #4706 ),
 ( #7172, #4113 ),
 ( #6439, #8085 ),
 ( #5767, #2428 ),
 ( #3091, #8878 ),
 ( #5609, #10382 ),
 ( #5652, #1622 ),
 ( #4059, #9733 ),
 ( #654, #6378 ),
 ( #7276, #10534 ),
 ( #7990, #2377 ),
 ( #4924, #3250 ),
 ( #8831, #1554 ),
 ( #6486, #5698 ),
 ( #5548, #6331 ),
 ( #4867, #99 ),
 ( #7938, #603 ),
 ( #3956, #3908 ),
 ( #9579, #2265 ),
 ( #1507, #8781 ),
 ( #1460, #4765 ),
 ( #10428, #3144 ),
 ( #8035, #701 ),
 ( #4004, #7221 ),
 ( #273, #926 ),
 ( #4273, #5130 ),
 ( #4314, #7540 ),
 ( #6809, #8987 ),
 ( #4982, #869 ),
 ( #7379, #1927 ),
 ( #5225, #9242 ),
 ( #1132, #6009 ),
 ( #8450, #6849 ),
 ( #2700, #3576 ),
 ( #9088, #1016 ),
 ( #6752, #5169 ),
 ( #3622, #2648 ),
 ( #7443, #8390 ),
 ( #6005, #8346 ),
 ( #9999, #1129 ),
 ( #9941, #923 ),
 ( #7649, #3513 ),
 ( #107, #5916 ),
 ( #3456, #2589 ),
 ( #1780, #7493 ),
 ( #2804, #6805 ),
 ( #6649, #9149 ),
 ( #9238, #1832 ),
 ( #1924, #4416 ),
 ( #1065, #4363 ),
 ( #9891, #9299 ),
 ( #5859, #5077 ),
 ( #198, #7536 ),
 ( #8300, #978 ),
 ( #10098, #5126 ),
 ( #5961, #7596 ),
 ( #4270, #9193 ),
 ( #269, #320 ),
 ( #149, #5221 ),
 ( #5028, #10048 ),
 ( #6058, #6693 ),
 ( #2751, #8448 ),
 ( #8243, #3788 ),
 ( #5279, #3677 ),
 ( #3837, #6162 ),
 ( #2086, #9462 ),
 ( #5378, #9403 ),
 ( #8716, #8612 ),
 ( #2959, #1295 ),
 ( #6955, #4635 ),
 ( #9354, #1228 ),
 ( #1387, #3071 ),
 ( #6116, #1340 ),
 ( #7060, #6214 ),
 ( #424, #4586 ),
 ( #1990, #4687 ),
 ( #8500, #7008 ),
 ( #3025, #6901 ),
 ( #6267, #4526 ),
 ( #7863, #7921 ),
 ( #9515, #473 ),
 ( #3894, #7112 ),
 ( #2203, #7810 ),
 ( #10256, #1178 ),
 ( #7749, #584 ),
 ( #2150, #8665 ),
 ( #3736, #10367 ),
 ( #10153, #5437 ),
 ( #10207, #2908 ),
 ( #528, #5482 ),
 ( #10317, #6314 ),
 ( #4466, #7696 ),
 ( #363, #2859 ),
 ( #8552, #2037 ),
 ( #5325, #8128 ),
 ( #7202, #9717 ),
 ( #8913, #10519 ),
 ( #5744, #1494 ),
 ( #4096, #2412 ),
 ( #9563, #34 ),
 ( #8819, #10566 ),
 ( #8973, #1598 ),
 ( #3183, #7314 ),
 ( #7260, #3127 ),
 ( #8767, #3940 ),
 ( #9763, #1443 ),
 ( #4150, #1536 ),
 ( #7977, #4849 ),
 ( #3235, #2467 ),
 ( #738, #5590 ),
 ( #640, #3988 ),
 ( #3287, #10466 ),
 ( #4909, #6420 ),
 ( #4044, #797 ),
 ( #4967, #6525 ),
 ( #1664, #852 ),
 ( #8174, #4748 ),
 ( #7364, #5587 ),
 ( #8689, #7838 ),
 ( #7033, #1550 ),
 ( #10287, #5764 ),
 ( #7892, #7273 ),
 ( #2425, #10531 ),
 ( #5696, #8929 ),
 ( #1618, #297 ),
 ( #5105, #6781 ),
 ( #9176, #3598 ),
 ( #1037, #2889 ),
 ( #10024, #175 ),
 ( #8326, #2728 ),
 ( #6097, #3550 ),
 ( #10129, #8523 ),
 ( #1963, #5257 ),
 ( #999, #9118 ),
 ( #3485, #9970 ),
 ( #4398, #8424 ),
 ( #6725, #8480 ),
 ( #5984, #1154 ),
 ( #2677, #5943 ),
 ( #7519, #6829 ),
 ( #1101, #1203 ),
 ( #7566, #9333 ),
 ( #1809, #10077 ),
 ( #3716, #238 ),
 ( #2779, #8371 ),
 ( #1856, #6033 ),
 ( #5149, #2016 ),
 ( #9271, #4442 ),
 ( #7672, #3649 ) ),
 .UNSPECIFIED., .F., .F., .F.,
 ( 4, 2, 2, 2, 2, 2, 2, 2, 2, 2, 2, 2, 2, 2, 2, 2, 2, 2, 2, 2, 2, 2, 2, 2, 2, 2, 2, 2, 2, 2, 2, 2, 2, 2, 2, 2, 2, 2, 2, 2, 2, 2, 2, 2, 2, 2, 2, 2, 2, 2, 2, 2, 2, 2, 2, 2, 2, 2, 2, 2, 2, 2, 2, 2, 2, 2, 2, 2, 2, 2, 2, 2, 2, 2, 2, 2, 2, 2, 2, 2, 2, 2, 2, 2, 2, 2, 2, 2, 2, 2, 2, 2, 2, 2, 2, 2, 4 ),
 ( 2, 2 ),
 ( 0.0000000000000000000, 0.01052513428086159983, 0.02105026856172309904, 0.03157540284258469887, 0.04210053712344630217, 0.05262567140430789853, 0.06315080568516939774, 0.07367593996603100104, 0.08420107424689260434, 0.09472620852775419376, 0.1052513428086160052, 0.1157764770894769979, 0.1263016113703389898, 0.1368267456512000102, 0.1473518799320620021, 0.1578770142129239940, 0.1684021484937849866, 0.1789272827746470063, 0.1894524170555079989, 0.1999775513363699908, 0.2105026856172310112, 0.2210278198980930031, 0.2315529541789549950, 0.2420780884598159877, 0.2526032227406779795, 0.2631283570215390277, 0.2736534913024010196, 0.2841786255832630115, 0.2947037598641240042, 0.3052288941449859960, 0.3157540284258469887, 0.3262791627067089806, 0.3368042969875699733, 0.3473294312684320206, 0.3578545655492940125, 0.3683796998301550052, 0.3789048341110169971, 0.3894299683918779897, 0.3999551026727399816, 0.4104802369536009743, 0.4210053712344630217, 0.4315305055153250136, 0.4420556397961860062, 0.4525807740770479981, 0.4631059083579089908, 0.4736310426387709827, 0.4841561769196319753, 0.4946813112004940227, 0.5052064454813559591, 0.5157315797622169518, 0.5262567140430790547, 0.5367818483239400473, 0.5473069826048020392, 0.5578321168856630319, 0.5683572511665250238, 0.5788823854473870156, 0.5894075197282480083, 0.5999326540091100002, 0.6104577882899709929, 0.6209829225708329847, 0.6315080568516939774, 0.6420331911325559693, 0.6525583254134179612, 0.6630834596942789538, 0.6736085939751409457, 0.6841337282560020494, 0.6946588625368640413, 0.7051839968177250340, 0.7157091310985870258, 0.7262342653794490177, 0.7367593996603100104, 0.7472845339411720023, 0.7578096682220329949, 0.7683348025028949868, 0.7788599367837559795, 0.7893850710646179714, 0.7999102053454799632, 0.8104353396263409559, 0.8209604739072029478, 0.8314856081880640515, 0.8420107424689260434, 0.8525358767497870360, 0.8630610110306490279, 0.8735861453115110198, 0.8841112795923720125, 0.8946364138732340043, 0.9051615481540949970, 0.9156866824349569889, 0.9262118167158189808, 0.9367369509966799734, 0.9472620852775419653, 0.9577872195584029580, 0.9683123538392649499, 0.9788374881201260536, 0.9893626224009880454, 0.9998877566818490381, 1.000000000000000000 ),
 ( -1.716749282661887541E-14, 0.1270273264120397594 ),
 .UNSPECIFIED. ) ;
#4658 = CARTESIAN_POINT ( 'NONE',  ( 7.008200274894383242, 11.70818809514516801, 6.056640950747330443 ) ) ;
#4659 = EDGE_CURVE ( 'NONE', #7806, #8733, #3293, .T. ) ;
#4660 = MECHANICAL_DESIGN_GEOMETRIC_PRESENTATION_REPRESENTATION (  '', ( #8708 ), #4826 ) ;
#4661 = DIRECTION ( 'NONE',  ( 3.224183510962235692E-16, 1.000000000000000000, 1.074727836987408840E-15 ) ) ;
#4662 = SURFACE_STYLE_USAGE ( .BOTH. , #548 ) ;
#4663 = ORIENTED_EDGE ( 'NONE', *, *, #6608, .T. ) ;
#4664 = DIRECTION ( 'NONE',  ( 0.0000000000000000000, 0.7071067811865480168, -0.7071067811865470176 ) ) ;
#4665 = SURFACE_STYLE_FILL_AREA ( #6985 ) ;
#4666 = CARTESIAN_POINT ( 'NONE',  ( 8.299999999999998934, -4.750000000000000000, 0.3000000000000004885 ) ) ;
#4667 = CARTESIAN_POINT ( 'NONE',  ( 7.000000000000000000, 18.18565895348298156, -5.369971768774884247 ) ) ;
#4668 = EDGE_CURVE ( 'NONE', #1124, #6251, #2418, .T. ) ;
#4669 = B_SPLINE_CURVE_WITH_KNOTS ( 'NONE', 3,
 ( #10025, #9121, #6034, #2678 ),
 .UNSPECIFIED., .F., .F.,
 ( 4, 4 ),
 ( 4.963378114446095149E-15, 0.0007087569161300749611 ),
 .UNSPECIFIED. ) ;
#4670 = EDGE_CURVE ( 'NONE', #6509, #919, #7320, .T. ) ;
#4671 = CARTESIAN_POINT ( 'NONE',  ( 9.650046336322056106, 21.70000000000000284, -0.2841520378793664370 ) ) ;
#4672 =( LENGTH_UNIT ( ) NAMED_UNIT ( * ) SI_UNIT ( .MILLI., .METRE. ) );
#4673 =( NAMED_UNIT ( * ) PLANE_ANGLE_UNIT ( ) SI_UNIT ( $, .RADIAN. ) );
#4674 = CARTESIAN_POINT ( 'NONE',  ( 8.300000000000000711, -4.750000000000000000, 0.3000000000000009881 ) ) ;
#4676 = ORIENTED_EDGE ( 'NONE', *, *, #3934, .F. ) ;
#4675 = CARTESIAN_POINT ( 'NONE',  ( 5.432355715851501010, 11.64638873565663602, 0.3048773204058063957 ) ) ;
#4677 = ORIENTED_EDGE ( 'NONE', *, *, #5086, .T. ) ;
#4678 = LINE ( 'NONE', #7149, #8800 ) ;
#4679 = FILL_AREA_STYLE ('',( #7739 ) ) ;
#4680 = CARTESIAN_POINT ( 'NONE',  ( 6.199999999999999289, 18.42131751191106304, 9.853289184031222447 ) ) ;
#4681 = PRESENTATION_STYLE_ASSIGNMENT (( #4792 ) ) ;
#4682 = ORIENTED_EDGE ( 'NONE', *, *, #2970, .T. ) ;
#4683 = FILL_AREA_STYLE ('',( #3984 ) ) ;
#4684 = DIRECTION ( 'NONE',  ( 0.5547001962252287033, 0.0000000000000000000, -0.8320502943378438321 ) ) ;
#4686 = VERTEX_POINT ( 'NONE', #6368 ) ;
#4685 = CARTESIAN_POINT ( 'NONE',  ( 5.432355715851490352, 14.64638873565662891, 0.3048773204057644293 ) ) ;
#4687 = CARTESIAN_POINT ( 'NONE',  ( 6.295122679594196136, 13.02138873565663069, -8.787644284148491636 ) ) ;
#4688 = CARTESIAN_POINT ( 'NONE',  ( 1.900487387883720958, 17.26396121657888472, -9.969756306058139117 ) ) ;
#4689 = CARTESIAN_POINT ( 'NONE',  ( 8.179013299456739716, 21.59423026471715801, -10.49383821603435862 ) ) ;
#4690 = CARTESIAN_POINT ( 'NONE',  ( 7.695910417005329407, 11.04085490896459909, 1.114388672331679819 ) ) ;
#4691 = CARTESIAN_POINT ( 'NONE',  ( 2.991223924135396395, 18.75000000000000000, -9.268039516159578994 ) ) ;
#4692 = FILL_AREA_STYLE ('',( #3187 ) ) ;
#4693 = CARTESIAN_POINT ( 'NONE',  ( 8.859439452222030553, 21.69999999999999929, 9.688417277702381369 ) ) ;
#4694 = CIRCLE ( 'NONE', #5047, 0.2999999999999999334 ) ;
#4695 = CARTESIAN_POINT ( 'NONE',  ( 6.295122679594223669, 15.72972206898996816, 8.787644284148504070 ) ) ;
#4696 = PLANE ( 'NONE',  #7726 ) ;
#4697 = CARTESIAN_POINT ( 'NONE',  ( 5.206020063032069878, 12.31235476181183763, 6.803599450211228472 ) ) ;
#4698 = CARTESIAN_POINT ( 'NONE',  ( 5.036640950747342416, 14.85147827721596592, 7.211799725105591641 ) ) ;
#4699 = VERTEX_POINT ( 'NONE', #10417 ) ;
#4700 = CIRCLE ( 'NONE', #5045, 2.301783801065286905 ) ;
#4701 = ORIENTED_EDGE ( 'NONE', *, *, #1152, .T. ) ;
#4702 =( BOUNDED_SURFACE ( )  B_SPLINE_SURFACE ( 3, 3, ( 
 ( #9865, #9005, #5833, #1034 ),
 ( #1746, #1696, #5049, #126 ),
 ( #168, #4999, #9113, #8322 ),
 ( #4334, #5099, #832, #2610 ) ),
 .UNSPECIFIED., .F., .F., .F. ) 
 B_SPLINE_SURFACE_WITH_KNOTS ( ( 4, 4 ),
 ( 4, 4 ),
 ( 0.0000000000000000000, 1.000000000000000000 ),
 ( 0.0000000000000000000, 1.000000000000000000 ),
 .UNSPECIFIED. ) 
 GEOMETRIC_REPRESENTATION_ITEM ( )  RATIONAL_B_SPLINE_SURFACE ( (
 ( 1.000000000000000000, 0.3333333333333332038, 0.3333333333333332038, 1.000000000000000000),
 ( 0.8047378541243649375, 0.2682459513747881830, 0.2682459513747881830, 0.8047378541243649375),
 ( 0.8047378541243649375, 0.2682459513747881830, 0.2682459513747881830, 0.8047378541243649375),
 ( 1.000000000000000000, 0.3333333333333332038, 0.3333333333333332038, 1.000000000000000000) ) ) 
 REPRESENTATION_ITEM ( '' )  SURFACE ( )  );
#4703 = COLOUR_RGB ( '',0.2862745098039215508, 0.6431372549019607199, 0.8666666666666666963 ) ;
#4704 = CARTESIAN_POINT ( 'NONE',  ( 6.999999999999835687, 18.74679581112656734, 5.476942631403623807 ) ) ;
#4705 = CARTESIAN_POINT ( 'NONE',  ( 2.500000000000000444, 16.94999999999999929, -5.569999999999996732 ) ) ;
#4706 = CARTESIAN_POINT ( 'NONE',  ( 7.767644284148493838, 15.35472206898996461, -7.315122679594207256 ) ) ;
#4707 = ORIENTED_EDGE ( 'NONE', *, *, #6658, .F. ) ;
#4708 = CARTESIAN_POINT ( 'NONE',  ( 5.036640950747324652, 14.87485476181182875, 0.4082002748943680537 ) ) ;
#4709 = COLOUR_RGB ( '',0.2862745098039215508, 0.6431372549019607199, 0.8666666666666666963 ) ;
#4710 = CIRCLE ( 'NONE', #1934, 2.187500000039471981 ) ;
#4711 = SURFACE_STYLE_FILL_AREA ( #6382 ) ;
#4712 = AXIS2_PLACEMENT_3D ( 'NONE', #6674, #9918, #4799 ) ;
#4713 = CARTESIAN_POINT ( 'NONE',  ( 7.008200274894393900, 10.72647827721596059, 6.056640950747334884 ) ) ;
#4714 = CARTESIAN_POINT ( 'NONE',  ( 2.500000000000001332, 16.94999999999999929, 2.049999999999999822 ) ) ;
#4715 = CARTESIAN_POINT ( 'NONE',  ( 6.191799725105618712, 11.97647827721596592, -6.056640950747326890 ) ) ;
#4716 = LINE ( 'NONE', #2990, #6067 ) ;
#4717 = VECTOR ( 'NONE', #221, 1000.000000000000000 ) ;
#4718 = CARTESIAN_POINT ( 'NONE',  ( 0.0000000000000000000, 2.602085213965210642E-15, -4.410000000000001030 ) ) ;
#4719 = ADVANCED_FACE ( 'NONE', ( #859 ), #8063, .T. ) ;
#4720 = SURFACE_STYLE_FILL_AREA ( #2123 ) ;
#4721 = CARTESIAN_POINT ( 'NONE',  ( 5.036640950747340639, 14.83318809514516268, 7.211799725105588088 ) ) ;
#4722 = CIRCLE ( 'NONE', #64, 0.2999999999999999334 ) ;
#4723 = LINE ( 'NONE', #507, #8756 ) ;
#4724 = MECHANICAL_DESIGN_GEOMETRIC_PRESENTATION_REPRESENTATION (  '', ( #9459 ), #7234 ) ;
#4725 = FILL_AREA_STYLE_COLOUR ( '', #3492 ) ;
#4726 = EDGE_CURVE ( 'NONE', #5392, #4891, #4156, .T. ) ;
#4727 = UNCERTAINTY_MEASURE_WITH_UNIT (LENGTH_MEASURE( 1.000000000000000082E-05 ), #4600, 'distance_accuracy_value', 'NONE');
#4728 = CARTESIAN_POINT ( 'NONE',  ( 7.000000000000000888, 18.75000000000000000, 2.115099840886189408 ) ) ;
#4729 = VECTOR ( 'NONE', #2331, 1000.000000000000000 ) ;
#4730 = ADVANCED_FACE ( 'NONE', ( #9675 ), #7266, .F. ) ;
#4731 = PRESENTATION_LAYER_ASSIGNMENT (  '', '', ( #5749 ) ) ;
#4732 = LINE ( 'NONE', #457, #4406 ) ;
#4734 = ORIENTED_EDGE ( 'NONE', *, *, #10372, .F. ) ;
#4733 = CARTESIAN_POINT ( 'NONE',  ( 6.904877320405791608, 12.27138873565663246, 1.167644284148495526 ) ) ;
#4735 = CARTESIAN_POINT ( 'NONE',  ( 10.69999999999999751, 16.94999999999999929, 2.049999999999999822 ) ) ;
#4736 = VECTOR ( 'NONE', #5585, 1000.000000000000000 ) ;
#4737 = ORIENTED_EDGE ( 'NONE', *, *, #4533, .F. ) ;
#4738 = CARTESIAN_POINT ( 'NONE',  ( 5.157438894810378649, 21.57573593128806877, 10.64349424636364816 ) ) ;
#4739 = DIRECTION ( 'NONE',  ( -0.0000000000000000000, -1.000000000000000000, -0.0000000000000000000 ) ) ;
#4740 = FACE_OUTER_BOUND ( 'NONE', #5492, .T. ) ;
#4741 = CIRCLE ( 'NONE', #75, 2.349269215077949724 ) ;
#4742 = CARTESIAN_POINT ( 'NONE',  ( 8.250000000000000000, 21.69999999999999929, -4.704524052577350623 ) ) ;
#4743 =( NAMED_UNIT ( * ) PLANE_ANGLE_UNIT ( ) SI_UNIT ( $, .RADIAN. ) );
#4744 = ORIENTED_EDGE ( 'NONE', *, *, #3609, .T. ) ;
#4746 = ORIENTED_EDGE ( 'NONE', *, *, #8479, .F. ) ;
#4745 = CARTESIAN_POINT ( 'NONE',  ( 5.036640950747342416, 15.37485476181183586, 0.4082002748944065229 ) ) ;
#4747 = PRODUCT ( 'TB005-762-03P_Blue - S', 'TB005-762-03P_Blue - S', '', ( #6987 ) ) ;
#4748 = CARTESIAN_POINT ( 'NONE',  ( 6.295122679594205906, 11.72972206898996461, -6.452355715851505025 ) ) ;
#4749 = DIRECTION ( 'NONE',  ( 0.0000000000000000000, 0.0000000000000000000, 1.000000000000000000 ) ) ;
#4750 = VECTOR ( 'NONE', #2169, 1000.000000000000000 ) ;
#4751 = AXIS2_PLACEMENT_3D ( 'NONE', #1684, #7452, #4118 ) ;
#4752 = CARTESIAN_POINT ( 'NONE',  ( 7.008200274894393900, 11.20818809514516445, -1.563359049252665223 ) ) ;
#4753 = CARTESIAN_POINT ( 'NONE',  ( 2.918703862245374925, 18.65697564737530811, -9.301157649619955947 ) ) ;
#4754 = CARTESIAN_POINT ( 'NONE',  ( 2.099999999999992539, 4.799999999999973177, 9.320000000000009166 ) ) ;
#4755 = CARTESIAN_POINT ( 'NONE',  ( 5.160987486980617156, 21.68890396532729525, -10.40920181682652057 ) ) ;
#4756 = CARTESIAN_POINT ( 'NONE',  ( 5.036640950747342416, 15.33318809514516801, 7.211799725105591641 ) ) ;
#4757 = CARTESIAN_POINT ( 'NONE',  ( 6.962913914258614945, 18.65697564737697789, -5.397082634002029700 ) ) ;
#4758 = CARTESIAN_POINT ( 'NONE',  ( 6.904877320405796937, 12.47972206898996639, 6.452355715851506801 ) ) ;
#4759 = AXIS2_PLACEMENT_3D ( 'NONE', #6826, #9216, #996 ) ;
#4760 = ORIENTED_EDGE ( 'NONE', *, *, #10179, .T. ) ;
#4761 = CARTESIAN_POINT ( 'NONE',  ( 5.783599450211183601, 14.43735476181183230, -6.226020063032076557 ) ) ;
#4762 = CARTESIAN_POINT ( 'NONE',  ( 9.250000000000000000, 16.94999999999999929, 208.7460000000000093 ) ) ;
#4763 = CARTESIAN_POINT ( 'NONE',  ( 5.077622661476241639, 21.64559362513512752, -2.840225620933472861 ) ) ;
#4764 = CARTESIAN_POINT ( 'NONE',  ( 6.600000000000000533, 16.94999999999999929, -5.394264068711929205 ) ) ;
#4765 = CARTESIAN_POINT ( 'NONE',  ( 6.295122679594231663, 14.72972206898996994, -6.452355715851492590 ) ) ;
#4766 = ORIENTED_EDGE ( 'NONE', *, *, #2015, .T. ) ;
#4767 = CARTESIAN_POINT ( 'NONE',  ( 8.163359049252656874, 13.64314494388263377, -0.4082002748944175141 ) ) ;
#4768 = CARTESIAN_POINT ( 'NONE',  ( 10.70000000000000107, 16.94999999999999929, 9.669999999999999929 ) ) ;
#4769 = PLANE ( 'NONE',  #755 ) ;
#4770 = DIRECTION ( 'NONE',  ( 0.0000000000000000000, 1.000000000000000000, 0.0000000000000000000 ) ) ;
#4771 = FACE_OUTER_BOUND ( 'NONE', #2014, .T. ) ;
#4772 = VERTEX_POINT ( 'NONE', #10040 ) ;
#4773 = LINE ( 'NONE', #7999, #5539 ) ;
#4774 = STYLED_ITEM ( 'NONE', ( #2886 ), #2424 ) ;
#4775 = DIRECTION ( 'NONE',  ( -1.000000000000000000, 0.0000000000000000000, 0.0000000000000000000 ) ) ;
#4776 = DIRECTION ( 'NONE',  ( -0.0000000000000000000, -1.000000000000000000, 0.0000000000000000000 ) ) ;
#4777 = CARTESIAN_POINT ( 'NONE',  ( 6.191799725105619601, 13.74985476181183230, 6.056640950747333996 ) ) ;
#4778 = DIRECTION ( 'NONE',  ( 0.0000000000000000000, -0.0000000000000000000, 1.000000000000000000 ) ) ;
#4779 = ADVANCED_FACE ( 'NONE', ( #3569 ), #9162, .T. ) ;
#4780 = FACE_OUTER_BOUND ( 'NONE', #6286, .T. ) ;
#4781 = SURFACE_STYLE_FILL_AREA ( #4184 ) ;
#4782 =( LENGTH_UNIT ( ) NAMED_UNIT ( * ) SI_UNIT ( .MILLI., .METRE. ) );
#4784 = ORIENTED_EDGE ( 'NONE', *, *, #966, .F. ) ;
#4783 = CARTESIAN_POINT ( 'NONE',  ( 7.209754640811573800, 11.79222206898996816, 1.041138122682926825 ) ) ;
#4785 = ORIENTED_EDGE ( 'NONE', *, *, #10027, .F. ) ;
#4786 = CARTESIAN_POINT ( 'NONE',  ( 6.599999999999999645, 17.19999999999999929, 0.0000000000000000000 ) ) ;
#4787 = EDGE_CURVE ( 'NONE', #854, #5005, #9233, .T. ) ;
#4788 = DIRECTION ( 'NONE',  ( -0.0000000000000000000, -1.000000000000000000, -0.0000000000000000000 ) ) ;
#4789 = CARTESIAN_POINT ( 'NONE',  ( 6.599999999999999645, 17.02352941175888645, 0.0000000000000000000 ) ) ;
#4790 = CARTESIAN_POINT ( 'NONE',  ( 2.099999999999999645, 4.799999999999990052, 9.320000000000000284 ) ) ;
#4791 = ADVANCED_FACE ( 'NONE', ( #4212 ), #43, .T. ) ;
#4792 = SURFACE_STYLE_USAGE ( .BOTH. , #7306 ) ;
#4793 = EDGE_CURVE ( 'NONE', #2614, #3443, #9080, .T. ) ;
#4794 = CARTESIAN_POINT ( 'NONE',  ( 11.29853843015598436, 17.27092694212258905, 2.349269215077992357 ) ) ;
#4795 = EDGE_LOOP ( 'NONE', ( #9551, #2499, #5577, #5114, #7007, #1145, #4840 ) ) ;
#4797 = EDGE_LOOP ( 'NONE', ( #1908, #8115, #3024, #5672, #1321, #2335, #6149, #2996 ) ) ;
#4796 = CARTESIAN_POINT ( 'NONE',  ( 7.993979936967921418, 14.64568809514516268, -0.8164005497888086049 ) ) ;
#4798 = VERTEX_POINT ( 'NONE', #7485 ) ;
#4799 = DIRECTION ( 'NONE',  ( 1.000000000000000000, 0.0000000000000000000, -0.0000000000000000000 ) ) ;
#4800 = FACE_BOUND ( 'NONE', #10192, .T. ) ;
#4801 = ADVANCED_FACE ( 'NONE', ( #1123 ), #4411, .F. ) ;
#4802 = FILL_AREA_STYLE ('',( #8822 ) ) ;
#4803 = PRESENTATION_STYLE_ASSIGNMENT (( #1497 ) ) ;
#4804 = CARTESIAN_POINT ( 'NONE',  ( 5.432355715851506339, 15.14638873565663779, 7.924877320405797398 ) ) ;
#4805 = CARTESIAN_POINT ( 'NONE',  ( 0.0000000000000000000, 11.05000000000000071, 11.42999999999999972 ) ) ;
#4806 = CARTESIAN_POINT ( 'NONE',  ( 8.163359049252656874, 12.08318809514516623, 8.028200274894402355 ) ) ;
#4807 = EDGE_LOOP ( 'NONE', ( #169, #6590, #8981, #6213, #992, #7059 ) ) ;
#4808 = CARTESIAN_POINT ( 'NONE',  ( 6.191799725105619601, 13.26814494388262666, -9.183359049252667106 ) ) ;
#4809 = SURFACE_SIDE_STYLE ('',( #9478 ) ) ;
#4810 = FILL_AREA_STYLE_COLOUR ( '', #1807 ) ;
#4811 = CARTESIAN_POINT ( 'NONE',  ( 8.753360775890214995, 21.69999999999999929, -9.784499366081238492 ) ) ;
#4812 = B_SPLINE_CURVE_WITH_KNOTS ( 'NONE', 3,
 ( #6521, #5740, #9017, #7360 ),
 .UNSPECIFIED., .F., .F.,
 ( 4, 4 ),
 ( 4.504257524855856970E-15, 0.0007087569161301447837 ),
 .UNSPECIFIED. ) ;
#4813 = CARTESIAN_POINT ( 'NONE',  ( 8.163359049252672861, 15.62485476181182875, -8.028200274894377486 ) ) ;
#4814 = CARTESIAN_POINT ( 'NONE',  ( 8.163359049252656874, 12.60147827721596059, 0.4082002748944030257 ) ) ;
#4815 = EDGE_CURVE ( 'NONE', #365, #5074, #9438, .T. ) ;
#4816 = CARTESIAN_POINT ( 'NONE',  ( 6.599999999999999645, 17.19999999999999929, 7.620000000000000107 ) ) ;
#4817 = CARTESIAN_POINT ( 'NONE',  ( 6.200000000001936407, 18.70170425002353198, -2.202153541687486893 ) ) ;
#4818 =( NAMED_UNIT ( * ) SI_UNIT ( $, .STERADIAN. ) SOLID_ANGLE_UNIT ( ) );
#4819 = LINE ( 'NONE', #3254, #9125 ) ;
#4820 = CARTESIAN_POINT ( 'NONE',  ( 6.200000000000168932, 18.74863319779746007, -5.488133351365967805 ) ) ;
#4821 = DIRECTION ( 'NONE',  ( 0.0000000000000000000, 0.0000000000000000000, -1.000000000000000000 ) ) ;
#4822 = CARTESIAN_POINT ( 'NONE',  ( 4.950000000000000178, 21.39999999999999858, 2.915475947422649927 ) ) ;
#4823 = CARTESIAN_POINT ( 'NONE',  ( 2.500000000000001332, 16.94999999999999929, 5.570000000000002949 ) ) ;
#4824 = CARTESIAN_POINT ( 'NONE',  ( 6.599999999999998757, 16.97902142847850016, -6.056640950747330443 ) ) ;
#4825 = CARTESIAN_POINT ( 'NONE',  ( 12.59999999999999964, 0.9000000000000050182, -10.83000000000000007 ) ) ;
#4826 =( GEOMETRIC_REPRESENTATION_CONTEXT ( 3 ) GLOBAL_UNCERTAINTY_ASSIGNED_CONTEXT ( ( #7043 ) ) GLOBAL_UNIT_ASSIGNED_CONTEXT ( ( #5866, #6655, #4372 ) ) REPRESENTATION_CONTEXT ( 'NONE', 'WORKASPACE' ) );
#4827 = CARTESIAN_POINT ( 'NONE',  ( 5.206020063032084977, 13.89568809514516623, 8.436400549788812597 ) ) ;
#4828 =( BOUNDED_CURVE ( )  B_SPLINE_CURVE ( 3, ( #9543, #6341, #7841, #8744 ),
 .UNSPECIFIED., .F., .T. ) 
 B_SPLINE_CURVE_WITH_KNOTS ( ( 4, 4 ),
 ( 0.0000000000000000000, 1.000000000000000000 ),
 .UNSPECIFIED. ) 
 CURVE ( )  GEOMETRIC_REPRESENTATION_ITEM ( )  RATIONAL_B_SPLINE_CURVE ( ( 1.000000000000000000, 0.4572150582541685826, 0.4572150582541685826, 1.000000000000000000 ) ) 
 REPRESENTATION_ITEM ( '' )  );
#4829 = CARTESIAN_POINT ( 'NONE',  ( 5.202851056565331866, 21.69999999999999218, 10.38420732482446596 ) ) ;
#4830 = SURFACE_STYLE_USAGE ( .BOTH. , #1366 ) ;
#4831 = VECTOR ( 'NONE', #9174, 1000.000000000000000 ) ;
#4832 = CARTESIAN_POINT ( 'NONE',  ( 9.224999999999999645, 0.9000000000000010214, 0.8000000000000124789 ) ) ;
#4833 = ORIENTED_EDGE ( 'NONE', *, *, #2546, .F. ) ;
#4834 = UNCERTAINTY_MEASURE_WITH_UNIT (LENGTH_MEASURE( 1.000000000000000082E-05 ), #7995, 'distance_accuracy_value', 'NONE');
#4835 = CARTESIAN_POINT ( 'NONE',  ( 9.224999999999999645, 0.9000000000000010214, 3.209999999999999964 ) ) ;
#4836 =( LENGTH_UNIT ( ) NAMED_UNIT ( * ) SI_UNIT ( .MILLI., .METRE. ) );
#4838 = ORIENTED_EDGE ( 'NONE', *, *, #2548, .T. ) ;
#4837 = CARTESIAN_POINT ( 'NONE',  ( 5.036640950747341527, 11.33318809514516445, -0.4082002748944045800 ) ) ;
#4839 = EDGE_LOOP ( 'NONE', ( #9797, #2628, #5959, #7421 ) ) ;
#4840 = ORIENTED_EDGE ( 'NONE', *, *, #897, .T. ) ;
#4841 = CARTESIAN_POINT ( 'NONE',  ( 6.599999999999999645, 17.25000000000000000, 2.049999999999999822 ) ) ;
#4842 = CARTESIAN_POINT ( 'NONE',  ( 12.59999999999999964, 16.30000000000000071, -3.209999999999999964 ) ) ;
#4843 = CARTESIAN_POINT ( 'NONE',  ( 7.000000000000000000, 17.94999999999999929, 6.399999999999999467 ) ) ;
#4844 = CARTESIAN_POINT ( 'NONE',  ( 0.0000000000000000000, 0.8999999999999914735, 10.83000000000000007 ) ) ;
#4845 = CLOSED_SHELL ( 'NONE', ( #5674, #2880, #9611, #8208, #3174, #4390, #7753, #8474, #4730, #6981, #8618, #7782, #842, #5586, #8082, #9123, #3045, #4272, #3379, #9126, #4801, #8414, #10435, #2338, #1014, #1376, #4473, #3075, #5956, #6194, #7387, #2305, #8525, #4779, #2882, #568, #4719, #5828, #6918, #887, #9187, #9308, #6516, #6855, #3150, #8856, #7445, #8745, #4850, #10085, #5304, #3307, #8994, #2480, #7279, #7357, #632, #9533, #3613, #2685, #4207, #370, #5128, #1941, #6026, #2392, #8398, #6898, #2407, #7507, #8023, #9341, #3941, #6503, #10297, #763, #1476, #3477, #1416, #6534, #8175, #3498, #4437, #7768, #3542, #302, #6591, #4125, #1297, #10448, #2644, #4791, #1739, #9199, #8890, #5565, #6138, #1358, #91, #2942, #6719, #4602, #6255, #8092, #39, #8067, #3966, #4133, #5167, #1512, #2417, #8558, #7970, #2741, #9275, #6478, #3465, #7106, #5563, #9708, #971, #7621, #1029, #1309, #7168, #10418, #3946, #1693, #4306, #8527, #8802, #2079, #5490, #7632, #9188, #4595, #3090, #6645, #5050, #9967, #4157, #5470, #5463, #7102, #7428, #4097, #1691, #6395, #6656, #6963, #7956, #2430, #5431, #6939, #7042, #765, #1630, #5506, #1486, #1076, #7834, #10163, #2469, #4446, #3884, #496, #3693, #177, #10487, #7794, #5306, #6273, #2095, #8992, #9195, #8889, #5771, #1745, #293, #4001, #5178, #7832, #8012, #5686, #2888, #9769 ) ) ;
#4846 =( LENGTH_UNIT ( ) NAMED_UNIT ( * ) SI_UNIT ( .MILLI., .METRE. ) );
#4848 = ORIENTED_EDGE ( 'NONE', *, *, #5423, .T. ) ;
#4847 = CARTESIAN_POINT ( 'NONE',  ( 6.191799725105589403, 15.24985476181183053, -1.563359049252658117 ) ) ;
#4849 = CARTESIAN_POINT ( 'NONE',  ( 6.295122679594223669, 12.02138873565663424, -8.787644284148504070 ) ) ;
#4850 = ADVANCED_FACE ( 'NONE', ( #9991 ), #5021, .F. ) ;
#4851 = LINE ( 'NONE', #6362, #8536 ) ;
#4852 = CARTESIAN_POINT ( 'NONE',  ( 2.991223924135512302, 18.75000000000000000, -5.971960483840177858 ) ) ;
#4853 = PLANE ( 'NONE',  #6406 ) ;
#4854 = CARTESIAN_POINT ( 'NONE',  ( 4.098480311762870062E-15, 2.649999999999960387, -4.570000000000002949 ) ) ;
#4855 = CARTESIAN_POINT ( 'NONE',  ( 5.036640950747329981, 15.83318809514516445, 7.211799725105617398 ) ) ;
#4856 = CARTESIAN_POINT ( 'NONE',  ( 6.946840465791156660, 18.75000000000000000, -5.495535590270679727 ) ) ;
#4857 = AXIS2_PLACEMENT_3D ( 'NONE', #2837, #6098, #2730 ) ;
#4858 = CARTESIAN_POINT ( 'NONE',  ( 5.206020063032072542, 11.39568809514516623, 8.436400549788800163 ) ) ;
#4859 = ORIENTED_EDGE ( 'NONE', *, *, #6070, .T. ) ;
#4860 = CARTESIAN_POINT ( 'NONE',  ( 5.206020063032076983, 13.31235476181182698, -8.436400549788807268 ) ) ;
#4861 = EDGE_CURVE ( 'NONE', #174, #9510, #2693, .T. ) ;
#4862 = CARTESIAN_POINT ( 'NONE',  ( 6.200000000000165379, 18.74954171588527174, 9.746333261643622237 ) ) ;
#4863 = CIRCLE ( 'NONE', #5530, 3.349999999999999645 ) ;
#4864 = FILL_AREA_STYLE ('',( #4810 ) ) ;
#4865 = CARTESIAN_POINT ( 'NONE',  ( 6.999999999999999112, 18.75000000000000000, 5.504900159113811142 ) ) ;
#4866 = EDGE_CURVE ( 'NONE', #2147, #3495, #2817, .T. ) ;
#4867 = CARTESIAN_POINT ( 'NONE',  ( 8.163359049252656874, 15.12485476181183053, -8.028200274894414790 ) ) ;
#4868 = PRESENTATION_LAYER_ASSIGNMENT (  '', '', ( #8907 ) ) ;
#4869 = CARTESIAN_POINT ( 'NONE',  ( 5.783599450211189819, 13.28897827721596236, -1.393979936967914446 ) ) ;
#4870 = CARTESIAN_POINT ( 'NONE',  ( 3.249999999999998668, 17.19999999999999574, 11.42999999999999972 ) ) ;
#4871 = CARTESIAN_POINT ( 'NONE',  ( 3.250000000000000000, 17.19999999999999929, 11.42999999999999972 ) ) ;
#4872 = LINE ( 'NONE', #874, #1709 ) ;
#4873 = VECTOR ( 'NONE', #4299, 1000.000000000000000 ) ;
#4874 = CARTESIAN_POINT ( 'NONE',  ( 6.599999999999999645, 17.27092694210341506, -9.969269215078204738 ) ) ;
#4875 = B_SPLINE_CURVE_WITH_KNOTS ( 'NONE', 3,
 ( #7853, #3781, #1334, #6948 ),
 .UNSPECIFIED., .F., .F.,
 ( 4, 4 ),
 ( 4.587683761328667916E-15, 0.0007087569161301098724 ),
 .UNSPECIFIED. ) ;
#4876 = VECTOR ( 'NONE', #10132, 1000.000000000000114 ) ;
#4877 = CARTESIAN_POINT ( 'NONE',  ( 3.146410161513774284, -6.929999999999949978, -12.02999999999999758 ) ) ;
#4878 = ORIENTED_EDGE ( 'NONE', *, *, #9528, .F. ) ;
#4879 = CARTESIAN_POINT ( 'NONE',  ( 7.993979936967930300, 12.06235476181183408, -6.803599450211221367 ) ) ;
#4880 = CARTESIAN_POINT ( 'NONE',  ( 7.000000000000000000, 18.65697564738294645, -5.403455814737692542 ) ) ;
#4881 = CARTESIAN_POINT ( 'NONE',  ( 7.000000000000000888, 18.75000000000000000, 9.735099840886189071 ) ) ;
#4882 = SURFACE_STYLE_FILL_AREA ( #6664 ) ;
#4883 = VECTOR ( 'NONE', #6427, 1000.000000000000000 ) ;
#4884 = CARTESIAN_POINT ( 'NONE',  ( 8.163359049252662203, 16.62485476181182875, -0.4082002748943984738 ) ) ;
#4885 = VECTOR ( 'NONE', #5476, 1000.000000000000227 ) ;
#4886 = CARTESIAN_POINT ( 'NONE',  ( 5.783599450211198700, 12.95564494388262844, 9.013979936967928097 ) ) ;
#4887 = CARTESIAN_POINT ( 'NONE',  ( 1.900000000000001688, 17.25000000000000355, -2.349999999999999645 ) ) ;
#4888 = EDGE_CURVE ( 'NONE', #10530, #6266, #1056, .T. ) ;
#4889 =( NAMED_UNIT ( * ) SI_UNIT ( $, .STERADIAN. ) SOLID_ANGLE_UNIT ( ) );
#4891 = VERTEX_POINT ( 'NONE', #9509 ) ;
#4890 = CARTESIAN_POINT ( 'NONE',  ( 7.008200274894387682, 11.49985476181183230, 1.563359049252677435 ) ) ;
#4892 = ORIENTED_EDGE ( 'NONE', *, *, #635, .T. ) ;
#4893 = VECTOR ( 'NONE', #8504, 1000.000000000000000 ) ;
#4894 = CARTESIAN_POINT ( 'NONE',  ( 6.599999999999999645, 17.27092694212320012, -5.270730784923179257 ) ) ;
#4895 = DIRECTION ( 'NONE',  ( -1.000000000000000000, -0.0000000000000000000, 0.0000000000000000000 ) ) ;
#4896 = AXIS2_PLACEMENT_3D ( 'NONE', #5616, #3212, #6448 ) ;
#4897 = LINE ( 'NONE', #10404, #6699 ) ;
#4898 = LINE ( 'NONE', #3227, #1233 ) ;
#4899 = VECTOR ( 'NONE', #5461, 1000.000000000000000 ) ;
#4900 = CARTESIAN_POINT ( 'NONE',  ( 7.993979936967921418, 15.06235476181183230, 8.436400549788803716 ) ) ;
#4901 = STYLED_ITEM ( 'NONE', ( #1238 ), #8474 ) ;
#4902 = STYLED_ITEM ( 'NONE', ( #2691 ), #2095 ) ;
#4903 = CARTESIAN_POINT ( 'NONE',  ( 8.163359049252656874, 12.14314494388263554, -8.028200274894414790 ) ) ;
#4904 = CARTESIAN_POINT ( 'NONE',  ( 8.250000000000000000, 21.69999999999999929, -2.915475947422649927 ) ) ;
#4905 = FILL_AREA_STYLE_COLOUR ( '', #7187 ) ;
#4907 = ORIENTED_EDGE ( 'NONE', *, *, #1537, .F. ) ;
#4906 = CARTESIAN_POINT ( 'NONE',  ( 6.904877320405766739, 13.77138873565663602, 1.167644284148508627 ) ) ;
#4908 = CARTESIAN_POINT ( 'NONE',  ( 6.191799725105599173, 11.45818809514516623, -6.056640950747336660 ) ) ;
#4909 = CARTESIAN_POINT ( 'NONE',  ( 8.163359049252656874, 12.08318809514516623, -7.211799725105596970 ) ) ;
#4910 = CARTESIAN_POINT ( 'NONE',  ( 8.122428454936599707, 21.64556204168943410, -4.779751174876406772 ) ) ;
#4911 = VECTOR ( 'NONE', #3131, 1000.000000000000000 ) ;
#4912 = FACE_OUTER_BOUND ( 'NONE', #3796, .T. ) ;
#4913 =( GEOMETRIC_REPRESENTATION_CONTEXT ( 3 ) GLOBAL_UNCERTAINTY_ASSIGNED_CONTEXT ( ( #623 ) ) GLOBAL_UNIT_ASSIGNED_CONTEXT ( ( #8958, #4025, #9059 ) ) REPRESENTATION_CONTEXT ( 'NONE', 'WORKASPACE' ) );
#4914 = CARTESIAN_POINT ( 'NONE',  ( 6.904877320405768515, 15.47972206898996994, 6.452355715851496143 ) ) ;
#4915 = CARTESIAN_POINT ( 'NONE',  ( 10.11825162102783437, 18.75000000000000711, -6.013300781939721951 ) ) ;
#4916 = CARTESIAN_POINT ( 'NONE',  ( 7.209754640811553372, 10.95888873565662891, 6.578861877317062401 ) ) ;
#4917 = EDGE_CURVE ( 'NONE', #10134, #9402, #6051, .T. ) ;
#4918 = VERTEX_POINT ( 'NONE', #3614 ) ;
#4919 = CARTESIAN_POINT ( 'NONE',  ( 6.191799725105618712, 12.97647827721596592, -6.056640950747326002 ) ) ;
#4920 = CARTESIAN_POINT ( 'NONE',  ( 10.97482679280572171, 21.39999999999999858, -5.995540144432555785 ) ) ;
#4921 = VECTOR ( 'NONE', #1483, 1000.000000000000000 ) ;
#4922 = CARTESIAN_POINT ( 'NONE',  ( 8.250000000000000000, 21.39999999999999858, -11.43000000000000327 ) ) ;
#4923 = CARTESIAN_POINT ( 'NONE',  ( 9.040284767641828978, 21.69999999999999929, -5.768475298724608180 ) ) ;
#4924 = CARTESIAN_POINT ( 'NONE',  ( 6.191799725105589403, 15.24985476181183053, -9.183359049252658224 ) ) ;
#4925 = CARTESIAN_POINT ( 'NONE',  ( 6.191799725105619601, 13.26814494388262666, -1.563359049252665667 ) ) ;
#4926 = SURFACE_STYLE_USAGE ( .BOTH. , #2493 ) ;
#4927 = DIRECTION ( 'NONE',  ( 0.0000000000000000000, -0.7071067811865480168, -0.7071067811865470176 ) ) ;
#4928 = B_SPLINE_CURVE_WITH_KNOTS ( 'NONE', 3,
 ( #4374, #3632, #2046, #3584, #2869, #6069, #4476, #7703, #6488, #4817, #7175, #10536, #8833, #1557, #9789, #4984 ),
 .UNSPECIFIED., .F., .F.,
 ( 4, 3, 3, 3, 3, 4 ),
 ( 8.673617379884035472E-19, 3.459422188649495766E-05, 6.920741127230045295E-05, 0.0001035169635104281295, 0.0001372649979643167134, 0.0001506191642558758032 ),
 .UNSPECIFIED. ) ;
#4929 = LINE ( 'NONE', #10538, #7770 ) ;
#4930 = EDGE_CURVE ( 'NONE', #5498, #7933, #2462, .T. ) ;
#4931 = PRESENTATION_LAYER_ASSIGNMENT (  '', '', ( #83 ) ) ;
#4932 = STYLED_ITEM ( 'NONE', ( #2329 ), #8527 ) ;
#4933 = LINE ( 'NONE', #9042, #6606 ) ;
#4934 = EDGE_CURVE ( 'NONE', #612, #10541, #8658, .T. ) ;
#4935 = DIRECTION ( 'NONE',  ( 0.0000000000000000000, 1.000000000000000000, 0.0000000000000000000 ) ) ;
#4936 = VERTEX_POINT ( 'NONE', #7855 ) ;
#4937 = CARTESIAN_POINT ( 'NONE',  ( 5.036640950747343304, 11.89314494388263199, -7.211799725105584535 ) ) ;
#4938 = CARTESIAN_POINT ( 'NONE',  ( 2.099999999999997424, 4.799999999999997158, 5.919999999999989271 ) ) ;
#4939 = CARTESIAN_POINT ( 'NONE',  ( 6.600000000000000533, 17.25000000000000000, 9.969999999999998863 ) ) ;
#4940 = CARTESIAN_POINT ( 'NONE',  ( 6.200000000000332356, 18.70895134681765626, 2.198011558501921758 ) ) ;
#4941 =( GEOMETRIC_REPRESENTATION_CONTEXT ( 3 ) GLOBAL_UNCERTAINTY_ASSIGNED_CONTEXT ( ( #1577 ) ) GLOBAL_UNIT_ASSIGNED_CONTEXT ( ( #1724, #5078, #8244 ) ) REPRESENTATION_CONTEXT ( 'NONE', 'WORKASPACE' ) );
#4942 = CARTESIAN_POINT ( 'NONE',  ( 6.191799725105614272, 15.76814494388263377, -1.563359049252668553 ) ) ;
#4943 = CARTESIAN_POINT ( 'NONE',  ( 5.036640950747332646, 13.39314494388263022, 8.028200274894384592 ) ) ;
#4944 = LINE ( 'NONE', #8157, #9607 ) ;
#4945 = AXIS2_PLACEMENT_3D ( 'NONE', #9429, #8743, #1417 ) ;
#4946 = CARTESIAN_POINT ( 'NONE',  ( 5.210948898480920022, 21.70000000000000639, -4.708658498943906423 ) ) ;
#4947 = DIRECTION ( 'NONE',  ( -0.9578262852211494316, 0.0000000000000000000, -0.2873478855663518239 ) ) ;
#4948 = ORIENTED_EDGE ( 'NONE', *, *, #897, .F. ) ;
#4949 = UNCERTAINTY_MEASURE_WITH_UNIT (LENGTH_MEASURE( 1.000000000000000082E-05 ), #7807, 'distance_accuracy_value', 'NONE');
#4950 = FACE_BOUND ( 'NONE', #9504, .T. ) ;
#4951 =( NAMED_UNIT ( * ) SI_UNIT ( $, .STERADIAN. ) SOLID_ANGLE_UNIT ( ) );
#4953 = VERTEX_POINT ( 'NONE', #5316 ) ;
#4952 = CARTESIAN_POINT ( 'NONE',  ( 7.209754640811572912, 11.29222206898997172, 1.041138122682930156 ) ) ;
#4954 = CARTESIAN_POINT ( 'NONE',  ( 6.999999999999832134, 18.74679581112655313, -2.143057368596426482 ) ) ;
#4955 = ORIENTED_EDGE ( 'NONE', *, *, #8672, .F. ) ;
#4956 = ORIENTED_EDGE ( 'NONE', *, *, #9410, .F. ) ;
#4957 = LINE ( 'NONE', #9821, #1432 ) ;
#4958 = EDGE_CURVE ( 'NONE', #6600, #1778, #187, .T. ) ;
#4959 =( LENGTH_UNIT ( ) NAMED_UNIT ( * ) SI_UNIT ( .MILLI., .METRE. ) );
#4960 = PLANE ( 'NONE',  #4857 ) ;
#4961 = DIRECTION ( 'NONE',  ( -0.1776267739252007927, 0.9473427942677389302, 0.2664401608878024796 ) ) ;
#4962 = LINE ( 'NONE', #7255, #8923 ) ;
#4963 = LINE ( 'NONE', #7476, #4224 ) ;
#4965 = ORIENTED_EDGE ( 'NONE', *, *, #5945, .T. ) ;
#4964 = CARTESIAN_POINT ( 'NONE',  ( 5.990245359188420160, 13.54222206898996639, -1.041138122682920386 ) ) ;
#4966 = CARTESIAN_POINT ( 'NONE',  ( 7.695910417005329407, 10.55914509103539878, -6.505611327668319177 ) ) ;
#4967 = CARTESIAN_POINT ( 'NONE',  ( 7.416400549788803254, 12.02068809514516801, -6.226020063032078333 ) ) ;
#4968 = ORIENTED_EDGE ( 'NONE', *, *, #10180, .T. ) ;
#4969 = ORIENTED_EDGE ( 'NONE', *, *, #9584, .T. ) ;
#4970 = CARTESIAN_POINT ( 'NONE',  ( 6.190713557995390026, 16.95818809514510050, -6.056640950747330443 ) ) ;
#4971 = CARTESIAN_POINT ( 'NONE',  ( 9.949999999999999289, 17.19999999999999929, -11.43000000000000149 ) ) ;
#4972 = DIRECTION ( 'NONE',  ( -0.0000000000000000000, -1.000000000000000000, -0.0000000000000000000 ) ) ;
#4973 = CARTESIAN_POINT ( 'NONE',  ( 12.59999999999999964, -2.602085213965210642E-15, 10.83000000000000007 ) ) ;
#4974 = CARTESIAN_POINT ( 'NONE',  ( 8.163359049252674637, 14.08318809514516623, 8.028200274894368604 ) ) ;
#4975 = CARTESIAN_POINT ( 'NONE',  ( 7.420835830751209450, 10.81261105598069960, 8.450036647027468817 ) ) ;
#4976 = ORIENTED_EDGE ( 'NONE', *, *, #7631, .T. ) ;
#4977 = CARTESIAN_POINT ( 'NONE',  ( 6.191799725105596508, 13.95818809514516801, -6.056640950747336660 ) ) ;
#4978 = LINE ( 'NONE', #9085, #6555 ) ;
#4979 = UNCERTAINTY_MEASURE_WITH_UNIT (LENGTH_MEASURE( 1.000000000000000082E-05 ), #1975, 'distance_accuracy_value', 'NONE');
#4980 = FILL_AREA_STYLE ('',( #7535 ) ) ;
#4981 = DIRECTION ( 'NONE',  ( 6.883823317368279851E-17, -1.000000000000000000, 0.0000000000000000000 ) ) ;
#4982 = CARTESIAN_POINT ( 'NONE',  ( 7.008200274894408111, 14.70818809514516090, -9.183359049252656447 ) ) ;
#4983 = CARTESIAN_POINT ( 'NONE',  ( 5.206020063032076983, 12.83064494388263199, -0.8164005497888077167 ) ) ;
#4984 = CARTESIAN_POINT ( 'NONE',  ( 6.199999999999999289, 18.65697564738195879, -2.216544185263823241 ) ) ;
#4985 = DIRECTION ( 'NONE',  ( 0.0000000000000000000, -0.0000000000000000000, 1.000000000000000000 ) ) ;
#4986 = DIRECTION ( 'NONE',  ( -0.0000000000000000000, 1.000000000000000000, 0.0000000000000000000 ) ) ;
#4987 = CARTESIAN_POINT ( 'NONE',  ( 6.237086085741635699, 18.65697564737525838, -2.222917365998132944 ) ) ;
#4988 = ORIENTED_EDGE ( 'NONE', *, *, #10309, .T. ) ;
#4989 = CARTESIAN_POINT ( 'NONE',  ( 7.008200274894383242, 11.70818809514516801, -9.183359049252668882 ) ) ;
#4990 = CARTESIAN_POINT ( 'NONE',  ( 10.28129613775487172, 18.65697564737693881, -1.681157649620810490 ) ) ;
#4991 = VERTEX_POINT ( 'NONE', #2142 ) ;
#4992 = LINE ( 'NONE', #7338, #2681 ) ;
#4993 = PLANE ( 'NONE',  #8763 ) ;
#4994 = CARTESIAN_POINT ( 'NONE',  ( 5.206020063032073431, 16.41397827721596414, 0.8164005497887925067 ) ) ;
#4995 = EDGE_CURVE ( 'NONE', #6266, #3373, #7642, .T. ) ;
#4996 = EDGE_CURVE ( 'NONE', #1411, #10243, #7690, .T. ) ;
#4997 = CARTESIAN_POINT ( 'NONE',  ( 7.008200274894363702, 13.20818809514516623, 6.056640950747325114 ) ) ;
#4998 = FACE_OUTER_BOUND ( 'NONE', #1665, .T. ) ;
#4999 = CARTESIAN_POINT ( 'NONE',  ( 11.05147186257613967, 16.94999999999999929, 9.845735931288070120 ) ) ;
#5000 = EDGE_CURVE ( 'NONE', #2723, #6748, #9291, .T. ) ;
#5001 = CARTESIAN_POINT ( 'NONE',  ( 8.299999999999998934, -3.750000000000000000, 0.5000000000000009992 ) ) ;
#5003 = VERTEX_POINT ( 'NONE', #2796 ) ;
#5002 = CARTESIAN_POINT ( 'NONE',  ( 6.295122679594211235, 11.22972206898996461, 1.167644284148499967 ) ) ;
#5004 = FACE_OUTER_BOUND ( 'NONE', #9766, .T. ) ;
#5005 = VERTEX_POINT ( 'NONE', #3668 ) ;
#5006 = ORIENTED_EDGE ( 'NONE', *, *, #8363, .F. ) ;
#5007 = EDGE_CURVE ( 'NONE', #7821, #4559, #467, .T. ) ;
#5008 = FILL_AREA_STYLE_COLOUR ( '', #7569 ) ;
#5009 = DIRECTION ( 'NONE',  ( 0.0000000000000000000, -0.1961161351381840445, -0.9805806756909202226 ) ) ;
#5010 = LINE ( 'NONE', #9016, #4503 ) ;
#5011 = LINE ( 'NONE', #8280, #4019 ) ;
#5012 = FACE_OUTER_BOUND ( 'NONE', #1766, .T. ) ;
#5014 = VERTEX_POINT ( 'NONE', #3729 ) ;
#5013 = CARTESIAN_POINT ( 'NONE',  ( 7.209754640811593340, 14.29222206898996994, 1.041138122682918610 ) ) ;
#5015 = CARTESIAN_POINT ( 'NONE',  ( 5.783599450211187154, 11.27068809514516623, -9.013979936967913886 ) ) ;
#5016 = ORIENTED_EDGE ( 'NONE', *, *, #1420, .T. ) ;
#5017 = CARTESIAN_POINT ( 'NONE',  ( 8.132528677980644716, 21.63827661291498572, -4.773777912510634991 ) ) ;
#5018 = CARTESIAN_POINT ( 'NONE',  ( 8.299999999999998934, -4.750000000000002665, -7.919999999999999929 ) ) ;
#5019 = LINE ( 'NONE', #9771, #4380 ) ;
#5020 = CARTESIAN_POINT ( 'NONE',  ( 5.990245359188417495, 14.54222206898996639, 6.578861877317079276 ) ) ;
#5021 = PLANE ( 'NONE',  #7740 ) ;
#5022 = CARTESIAN_POINT ( 'NONE',  ( 5.206020063032087641, 11.81235476181183408, 6.803599450211181399 ) ) ;
#5023 = ORIENTED_EDGE ( 'NONE', *, *, #8738, .F. ) ;
#5024 = CARTESIAN_POINT ( 'NONE',  ( 5.157438894810347563, 21.39999999999999858, -3.023494246363636062 ) ) ;
#5025 = CARTESIAN_POINT ( 'NONE',  ( 5.206020063032073431, 12.91397827721596236, -6.803599450211211597 ) ) ;
#5026 = CARTESIAN_POINT ( 'NONE',  ( 8.042561105189632187, 21.39999999999999858, -10.64349424636364461 ) ) ;
#5027 = CARTESIAN_POINT ( 'NONE',  ( 5.036640950747335310, 16.83318809514516801, -0.4082002748943943660 ) ) ;
#5028 = CARTESIAN_POINT ( 'NONE',  ( 6.191799725105619601, 13.74985476181183230, -9.183359049252667106 ) ) ;
#5029 = DIRECTION ( 'NONE',  ( -1.000000000000000000, -6.883823317368279851E-17, 0.0000000000000000000 ) ) ;
#5030 = CARTESIAN_POINT ( 'NONE',  ( 7.500000000000000000, 1.549999999999990052, 7.120000000000000995 ) ) ;
#5031 = CARTESIAN_POINT ( 'NONE',  ( 5.036640950747344192, 12.89314494388262844, 0.4082002748944102977 ) ) ;
#5032 = DIRECTION ( 'NONE',  ( -0.0000000000000000000, 0.0000000000000000000, -1.000000000000000000 ) ) ;
#5033 = DIRECTION ( 'NONE',  ( 0.0000000000000000000, -0.0000000000000000000, -1.000000000000000000 ) ) ;
#5034 = CARTESIAN_POINT ( 'NONE',  ( 12.59999999999999964, 0.0000000000000000000, 11.42999999999999972 ) ) ;
#5035 =( GEOMETRIC_REPRESENTATION_CONTEXT ( 3 ) GLOBAL_UNCERTAINTY_ASSIGNED_CONTEXT ( ( #3359 ) ) GLOBAL_UNIT_ASSIGNED_CONTEXT ( ( #7912, #8813, #5523 ) ) REPRESENTATION_CONTEXT ( 'NONE', 'WORKASPACE' ) );
#5036 = DIRECTION ( 'NONE',  ( -1.000000000000000000, 0.0000000000000000000, 0.0000000000000000000 ) ) ;
#5037 = ORIENTED_EDGE ( 'NONE', *, *, #495, .F. ) ;
#5038 = VECTOR ( 'NONE', #9681, 1000.000000000000000 ) ;
#5039 = CARTESIAN_POINT ( 'NONE',  ( 5.783599450211217352, 12.27068809514516801, -9.013979936967928097 ) ) ;
#5040 = CARTESIAN_POINT ( 'NONE',  ( 11.05147186257614145, 16.94999999999999929, -9.845735931288071896 ) ) ;
#5041 = MECHANICAL_DESIGN_GEOMETRIC_PRESENTATION_REPRESENTATION (  '', ( #10445 ), #5872 ) ;
#5042 = DIRECTION ( 'NONE',  ( 0.0000000000000000000, 0.0000000000000000000, -1.000000000000000000 ) ) ;
#5043 = CARTESIAN_POINT ( 'NONE',  ( 4.993974467541034024, 21.69999999999999574, -10.22808051700987519 ) ) ;
#5044 = CARTESIAN_POINT ( 'NONE',  ( 5.206020063032073431, 16.89568809514516445, 0.8164005497887925067 ) ) ;
#5045 = AXIS2_PLACEMENT_3D ( 'NONE', #5595, #3186, #7925 ) ;
#5046 = CARTESIAN_POINT ( 'NONE',  ( 5.206020063032069878, 11.83064494388263732, 6.803599450211228472 ) ) ;
#5047 = AXIS2_PLACEMENT_3D ( 'NONE', #6068, #3844, #2969 ) ;
#5048 = LINE ( 'NONE', #6504, #10113 ) ;
#5049 = CARTESIAN_POINT ( 'NONE',  ( 11.29999999999999538, 17.07426406871192626, 5.269999999999998685 ) ) ;
#5050 = ADVANCED_FACE ( 'NONE', ( #7054 ), #6259, .F. ) ;
#5051 = VECTOR ( 'NONE', #6417, 1000.000000000000000 ) ;
#5052 =( LENGTH_UNIT ( ) NAMED_UNIT ( * ) SI_UNIT ( .MILLI., .METRE. ) );
#5053 = CARTESIAN_POINT ( 'NONE',  ( 4.340560547778155254, 21.69999999999999929, 5.551582722298728179 ) ) ;
#5054 = ORIENTED_EDGE ( 'NONE', *, *, #5945, .F. ) ;
#5055 = PRESENTATION_LAYER_ASSIGNMENT (  '', '', ( #909 ) ) ;
#5056 = CARTESIAN_POINT ( 'NONE',  ( 7.000000000000000888, 18.75000000000000000, -2.115099840886189853 ) ) ;
#5057 = CARTESIAN_POINT ( 'NONE',  ( 6.999999999999999112, 18.75000000000000000, 5.504900159113811142 ) ) ;
#5058 = EDGE_CURVE ( 'NONE', #3766, #671, #7742, .T. ) ;
#5059 = SURFACE_STYLE_USAGE ( .BOTH. , #2623 ) ;
#5060 = EDGE_CURVE ( 'NONE', #1224, #2202, #314, .T. ) ;
#5061 = UNCERTAINTY_MEASURE_WITH_UNIT (LENGTH_MEASURE( 1.000000000000000082E-05 ), #5734, 'distance_accuracy_value', 'NONE');
#5063 = VERTEX_POINT ( 'NONE', #5583 ) ;
#5062 = CARTESIAN_POINT ( 'NONE',  ( 7.767644284148502720, 13.39638873565663424, -0.3048773204057997344 ) ) ;
#5064 = CARTESIAN_POINT ( 'NONE',  ( 5.206020063032074319, 16.81235476181183586, -8.436400549788794834 ) ) ;
#5065 = ORIENTED_EDGE ( 'NONE', *, *, #1205, .F. ) ;
#5066 = CARTESIAN_POINT ( 'NONE',  ( 11.71000000000000263, 8.199999999999997513, 11.43000000000000149 ) ) ;
#5067 =( NAMED_UNIT ( * ) SI_UNIT ( $, .STERADIAN. ) SOLID_ANGLE_UNIT ( ) );
#5068 = CARTESIAN_POINT ( 'NONE',  ( 0.3999999999999999667, 11.50000000000000000, -11.43000000000000327 ) ) ;
#5069 = LINE ( 'NONE', #7368, #6717 ) ;
#5070 = CARTESIAN_POINT ( 'NONE',  ( 7.416400549788777496, 14.02068809514516445, 9.013979936967938755 ) ) ;
#5071 = DIRECTION ( 'NONE',  ( 1.000000000000000000, -0.0000000000000000000, 0.0000000000000000000 ) ) ;
#5072 = CARTESIAN_POINT ( 'NONE',  ( 7.641138122682925804, 11.41722206898996639, 7.010245359188433056 ) ) ;
#5073 = ORIENTED_EDGE ( 'NONE', *, *, #5000, .F. ) ;
#5074 = VERTEX_POINT ( 'NONE', #3121 ) ;
#5075 = ORIENTED_EDGE ( 'NONE', *, *, #643, .T. ) ;
#5076 = PRESENTATION_STYLE_ASSIGNMENT (( #9034 ) ) ;
#5077 = CARTESIAN_POINT ( 'NONE',  ( 6.904877320405766739, 13.77138873565663602, -6.452355715851492590 ) ) ;
#5078 =( NAMED_UNIT ( * ) PLANE_ANGLE_UNIT ( ) SI_UNIT ( $, .RADIAN. ) );
#5079 = CARTESIAN_POINT ( 'NONE',  ( 3.249999999999999556, 17.19999999999999929, 1.795391361283482139E-15 ) ) ;
#5080 = VECTOR ( 'NONE', #1685, 1000.000000000000000 ) ;
#5081 =( GEOMETRIC_REPRESENTATION_CONTEXT ( 3 ) GLOBAL_UNCERTAINTY_ASSIGNED_CONTEXT ( ( #7242 ) ) GLOBAL_UNIT_ASSIGNED_CONTEXT ( ( #3991, #6426, #8229 ) ) REPRESENTATION_CONTEXT ( 'NONE', 'WORKASPACE' ) );
#5082 = CARTESIAN_POINT ( 'NONE',  ( 5.206020063032072542, 12.39568809514516445, 0.8164005497887859564 ) ) ;
#5083 = CARTESIAN_POINT ( 'NONE',  ( 7.500000000000000000, -4.750000000000002665, 0.3000000000000004885 ) ) ;
#5084 = LINE ( 'NONE', #1882, #3207 ) ;
#5085 = CARTESIAN_POINT ( 'NONE',  ( 6.599999999999999645, 17.25000000000000000, 0.0000000000000000000 ) ) ;
#5086 = EDGE_CURVE ( 'NONE', #6446, #10030, #4898, .T. ) ;
#5087 = CARTESIAN_POINT ( 'NONE',  ( 12.04641016151377997, -6.929999999999949978, -12.03000000000001002 ) ) ;
#5088 = CIRCLE ( 'NONE', #256, 0.2999999999999999334 ) ;
#5089 = DIRECTION ( 'NONE',  ( 0.0000000000000000000, 1.000000000000000000, -0.0000000000000000000 ) ) ;
#5090 = ORIENTED_EDGE ( 'NONE', *, *, #5760, .T. ) ;
#5091 = VECTOR ( 'NONE', #6338, 1000.000000000000000 ) ;
#5092 = CARTESIAN_POINT ( 'NONE',  ( 10.27498147099595904, 18.71222679458384519, 1.678273896200175752 ) ) ;
#5093 = CARTESIAN_POINT ( 'NONE',  ( 8.161198952361946368, 21.61312725632222964, 10.48323374728354018 ) ) ;
#5094 = CARTESIAN_POINT ( 'NONE',  ( 1.500000000000000000, -36.96000000000000085, 5.019999999999959606 ) ) ;
#5095 = CARTESIAN_POINT ( 'NONE',  ( 8.163359049252662203, 16.58318809514516801, 0.4082002748943936443 ) ) ;
#5096 = AXIS2_PLACEMENT_3D ( 'NONE', #6381, #3252, #1509 ) ;
#5097 = CARTESIAN_POINT ( 'NONE',  ( 5.783599450211198700, 12.43735476181183230, 9.013979936967926321 ) ) ;
#5098 = CARTESIAN_POINT ( 'NONE',  ( 2.225173207194267366, 21.57573593128806877, -5.995540144432570884 ) ) ;
#5099 = CARTESIAN_POINT ( 'NONE',  ( 10.70000000000000107, 16.94999999999999929, 9.669999999999999929 ) ) ;
#5100 = CIRCLE ( 'NONE', #969, 3.350000000000000533 ) ;
#5101 = LINE ( 'NONE', #1312, #6755 ) ;
#5102 =( NAMED_UNIT ( * ) PLANE_ANGLE_UNIT ( ) SI_UNIT ( $, .RADIAN. ) );
#5103 = ORIENTED_EDGE ( 'NONE', *, *, #10039, .T. ) ;
#5104 = PRESENTATION_STYLE_ASSIGNMENT (( #7469 ) ) ;
#5105 = CARTESIAN_POINT ( 'NONE',  ( 7.416400549788805918, 11.68735476181182698, -9.013979936967920992 ) ) ;
#5106 = CARTESIAN_POINT ( 'NONE',  ( 6.599999999999999645, 21.69999999999999929, 7.620000000000000107 ) ) ;
#5107 = EDGE_CURVE ( 'NONE', #5475, #5005, #6308, .T. ) ;
#5108 = DIRECTION ( 'NONE',  ( -0.0000000000000000000, -0.0000000000000000000, -1.000000000000000000 ) ) ;
#5109 = CARTESIAN_POINT ( 'NONE',  ( 6.221398899178970154, 16.94999999999998508, -6.092722400460273136 ) ) ;
#5111 = ORIENTED_EDGE ( 'NONE', *, *, #10498, .F. ) ;
#5110 = CARTESIAN_POINT ( 'NONE',  ( 7.008200274894411663, 12.70818809514516801, -1.563359049252658117 ) ) ;
#5112 = CARTESIAN_POINT ( 'NONE',  ( 6.294311441242751215, 16.72972206898990066, -6.452355715851499696 ) ) ;
#5113 = EDGE_CURVE ( 'NONE', #7789, #6472, #6467, .T. ) ;
#5114 = ORIENTED_EDGE ( 'NONE', *, *, #6850, .T. ) ;
#5115 = CARTESIAN_POINT ( 'NONE',  ( 6.599999999999999645, 17.25000000000000000, 7.620000000000000107 ) ) ;
#5116 = CARTESIAN_POINT ( 'NONE',  ( 7.000000000000000888, 18.75000000000000000, 9.735099840886189071 ) ) ;
#5117 = EDGE_CURVE ( 'NONE', #6446, #9013, #7380, .T. ) ;
#5118 = DIRECTION ( 'NONE',  ( -0.0000000000000000000, -1.000000000000000000, -0.0000000000000000000 ) ) ;
#5119 = EDGE_CURVE ( 'NONE', #9526, #3978, #6354, .T. ) ;
#5120 = CARTESIAN_POINT ( 'NONE',  ( 6.191799725105615160, 14.74985476181183230, 6.056640950747330443 ) ) ;
#5121 = CARTESIAN_POINT ( 'NONE',  ( 6.599999999999999645, 16.73816651951390000, -6.056640950747330443 ) ) ;
#5122 = LINE ( 'NONE', #1575, #3346 ) ;
#5123 = ORIENTED_EDGE ( 'NONE', *, *, #7225, .T. ) ;
#5124 = VERTEX_POINT ( 'NONE', #3886 ) ;
#5125 = CARTESIAN_POINT ( 'NONE',  ( 5.558861877317069933, 16.58388873565663602, -0.6097546408115700478 ) ) ;
#5126 = CARTESIAN_POINT ( 'NONE',  ( 5.558861877317079703, 13.66722206898996639, -7.010245359188416181 ) ) ;
#5127 = DIRECTION ( 'NONE',  ( 0.0000000000000000000, 0.0000000000000000000, -1.000000000000000000 ) ) ;
#5128 = ADVANCED_FACE ( 'NONE', ( #2246 ), #10362, .F. ) ;
#5129 = DIRECTION ( 'NONE',  ( -0.4999999999999999445, -0.0000000000000000000, 0.8660254037844387076 ) ) ;
#5130 = CARTESIAN_POINT ( 'NONE',  ( 5.558861877317065492, 14.58388873565663069, -8.229754640811556499 ) ) ;
#5131 = CARTESIAN_POINT ( 'NONE',  ( 7.008200274894383242, 11.51814494388263022, 1.563359049252668997 ) ) ;
#5132 = LINE ( 'NONE', #3461, #3849 ) ;
#5133 = DIRECTION ( 'NONE',  ( -1.000000000000000000, -0.0000000000000000000, -0.0000000000000000000 ) ) ;
#5134 = CARTESIAN_POINT ( 'NONE',  ( 11.10000000000000142, 0.8999999999999914735, -11.42999999999999794 ) ) ;
#5135 = CARTESIAN_POINT ( 'NONE',  ( 11.69999999999999929, 8.199999999999999289, -11.42999999999999794 ) ) ;
#5136 = CARTESIAN_POINT ( 'NONE',  ( 6.599999999999999645, 17.94999999998481144, -7.620000000000000107 ) ) ;
#5137 = CARTESIAN_POINT ( 'NONE',  ( 5.783599450211192483, 15.45564494388262844, 9.013979936967922768 ) ) ;
#5138 = ORIENTED_EDGE ( 'NONE', *, *, #6457, .T. ) ;
#5139 = CARTESIAN_POINT ( 'NONE',  ( 8.163359049252656874, 14.64314494388262844, -8.028200274894414790 ) ) ;
#5140 = DIRECTION ( 'NONE',  ( 0.0000000000000000000, 0.7071067811865480168, -0.7071067811865470176 ) ) ;
#5141 = EDGE_CURVE ( 'NONE', #8660, #8217, #3982, .T. ) ;
#5142 = CARTESIAN_POINT ( 'NONE',  ( 6.199999999999999289, 18.75000000000000000, 9.735099840886189071 ) ) ;
#5143 = CARTESIAN_POINT ( 'NONE',  ( 6.191799725105629371, 14.47647827721596769, 1.563359049252674327 ) ) ;
#5144 = CARTESIAN_POINT ( 'NONE',  ( 7.008200274894387682, 12.99985476181182875, 9.183359049252668882 ) ) ;
#5145 = CARTESIAN_POINT ( 'NONE',  ( 5.157438894810339569, 21.57573593128806877, -4.596505753636369818 ) ) ;
#5146 = LINE ( 'NONE', #128, #2005 ) ;
#5147 = ORIENTED_EDGE ( 'NONE', *, *, #104, .T. ) ;
#5148 = CARTESIAN_POINT ( 'NONE',  ( 8.299999999999998934, 0.9000000000000196732, -8.420000000000021245 ) ) ;
#5149 = CARTESIAN_POINT ( 'NONE',  ( 7.702110499919415432, 11.04129925530718914, -6.511730013162687847 ) ) ;
#5150 =( NAMED_UNIT ( * ) SI_UNIT ( $, .STERADIAN. ) SOLID_ANGLE_UNIT ( ) );
#5151 = PRESENTATION_STYLE_ASSIGNMENT (( #1000 ) ) ;
#5152 = FILL_AREA_STYLE_COLOUR ( '', #2966 ) ;
#5153 = CARTESIAN_POINT ( 'NONE',  ( 6.042671120528350315, 16.94999999999998153, -6.161199823579489809 ) ) ;
#5155 = VERTEX_POINT ( 'NONE', #1487 ) ;
#5154 = CARTESIAN_POINT ( 'NONE',  ( 7.641138122682933798, 12.41722206898996106, -0.6097546408115637195 ) ) ;
#5156 = ORIENTED_EDGE ( 'NONE', *, *, #823, .F. ) ;
#5157 = CARTESIAN_POINT ( 'NONE',  ( 5.036640950747339751, 15.85147827721596414, -8.028200274894405908 ) ) ;
#5158 = AXIS2_PLACEMENT_3D ( 'NONE', #9270, #10023, #7565 ) ;
#5159 = CARTESIAN_POINT ( 'NONE',  ( 6.599999999999999645, 18.65697564738866276, -7.620000000000000107 ) ) ;
#5160 = CARTESIAN_POINT ( 'NONE',  ( 6.999999999998143707, 18.68136878987107252, 9.832336449557896429 ) ) ;
#5161 = LINE ( 'NONE', #1913, #5911 ) ;
#5162 = CARTESIAN_POINT ( 'NONE',  ( 5.206020063032066325, 14.81235476181183230, 6.803599450211217814 ) ) ;
#5163 = DIRECTION ( 'NONE',  ( -0.0000000000000000000, -0.0000000000000000000, -1.000000000000000000 ) ) ;
#5164 = LINE ( 'NONE', #260, #1952 ) ;
#5165 = ORIENTED_EDGE ( 'NONE', *, *, #6142, .F. ) ;
#5166 = PRESENTATION_STYLE_ASSIGNMENT (( #2905 ) ) ;
#5167 = ADVANCED_FACE ( 'NONE', ( #10405 ), #4035, .T. ) ;
#5168 = CARTESIAN_POINT ( 'NONE',  ( 5.558861877317067268, 16.16722206898996461, 0.6097546408115677163 ) ) ;
#5169 = CARTESIAN_POINT ( 'NONE',  ( 6.904877320405796048, 14.27138873565663602, -6.452355715851508577 ) ) ;
#5170 =( GEOMETRIC_REPRESENTATION_CONTEXT ( 3 ) GLOBAL_UNCERTAINTY_ASSIGNED_CONTEXT ( ( #4979 ) ) GLOBAL_UNIT_ASSIGNED_CONTEXT ( ( #1975, #9984, #253 ) ) REPRESENTATION_CONTEXT ( 'NONE', 'WORKASPACE' ) );
#5171 = CARTESIAN_POINT ( 'NONE',  ( 7.500000000000000000, -4.750000000000002665, -7.320000000000000284 ) ) ;
#5172 = CARTESIAN_POINT ( 'NONE',  ( 7.500000000000000000, 0.9000000000000100142, -8.420000000000019469 ) ) ;
#5173 = PLANE ( 'NONE',  #727 ) ;
#5174 = CARTESIAN_POINT ( 'NONE',  ( 7.993979936967930300, 12.64568809514516090, -0.8164005497887835139 ) ) ;
#5175 = CARTESIAN_POINT ( 'NONE',  ( 6.599999999999999645, 16.73816651951390000, 9.183359049252670658 ) ) ;
#5176 = CARTESIAN_POINT ( 'NONE',  ( 6.599999999999999645, 16.94999999999999929, 1.513092460619706037 ) ) ;
#5177 = FILL_AREA_STYLE ('',( #73 ) ) ;
#5178 = ADVANCED_FACE ( 'NONE', ( #6515, #729 ), #6416, .F. ) ;
#5179 = FACE_OUTER_BOUND ( 'NONE', #5518, .T. ) ;
#5180 = CARTESIAN_POINT ( 'NONE',  ( 5.036640950747340639, 15.39314494388263022, 8.028200274894409461 ) ) ;
#5181 = VERTEX_POINT ( 'NONE', #7475 ) ;
#5182 = CARTESIAN_POINT ( 'NONE',  ( 6.191799725105629371, 14.47647827721596769, -6.056640950747325114 ) ) ;
#5183 = SURFACE_SIDE_STYLE ('',( #6766 ) ) ;
#5184 = EDGE_CURVE ( 'NONE', #4349, #7468, #3554, .T. ) ;
#5185 = UNCERTAINTY_MEASURE_WITH_UNIT (LENGTH_MEASURE( 1.000000000000000082E-05 ), #9357, 'distance_accuracy_value', 'NONE');
#5186 = LINE ( 'NONE', #8407, #1987 ) ;
#5187 = CARTESIAN_POINT ( 'NONE',  ( 8.042561105189625081, 21.57573593128806877, 10.64349424636364994 ) ) ;
#5188 = CARTESIAN_POINT ( 'NONE',  ( 5.783599450211217352, 15.77068809514516445, -1.393979936967932209 ) ) ;
#5189 = CARTESIAN_POINT ( 'NONE',  ( 6.191799725105621377, 12.24985476181183230, 6.056640950747329555 ) ) ;
#5190 = STYLED_ITEM ( 'NONE', ( #8014 ), #4001 ) ;
#5191 = DIRECTION ( 'NONE',  ( 0.0000000000000000000, -0.0000000000000000000, 1.000000000000000000 ) ) ;
#5192 = VERTEX_POINT ( 'NONE', #846 ) ;
#5193 = CIRCLE ( 'NONE', #9077, 0.2999999999999999334 ) ;
#5194 = DIRECTION ( 'NONE',  ( 0.0000000000000000000, -1.215927670077199944E-16, 1.000000000000000000 ) ) ;
#5195 = PRESENTATION_LAYER_ASSIGNMENT (  '', '', ( #10445 ) ) ;
#5196 = STYLED_ITEM ( 'NONE', ( #7955 ), #4306 ) ;
#5197 = PRESENTATION_STYLE_ASSIGNMENT (( #9377 ) ) ;
#5198 =( NAMED_UNIT ( * ) PLANE_ANGLE_UNIT ( ) SI_UNIT ( $, .RADIAN. ) );
#5199 = VECTOR ( 'NONE', #1300, 1000.000000000000114 ) ;
#5200 = AXIS2_PLACEMENT_3D ( 'NONE', #10349, #670, #2393 ) ;
#5201 = CARTESIAN_POINT ( 'NONE',  ( 6.999999999998145483, 18.67036368809801772, -5.405337507203081593 ) ) ;
#5202 = SURFACE_SIDE_STYLE ('',( #348 ) ) ;
#5204 = ORIENTED_EDGE ( 'NONE', *, *, #7501, .T. ) ;
#5203 = CARTESIAN_POINT ( 'NONE',  ( 5.206020063032073431, 13.39568809514516801, 0.8164005497887854013 ) ) ;
#5205 = CARTESIAN_POINT ( 'NONE',  ( 6.295122679594215676, 16.22972206898997172, -6.452355715851499696 ) ) ;
#5206 = ORIENTED_EDGE ( 'NONE', *, *, #9064, .T. ) ;
#5207 = STYLED_ITEM ( 'NONE', ( #9744 ), #2685 ) ;
#5208 = CARTESIAN_POINT ( 'NONE',  ( 5.206020063032076095, 15.81235476181183230, -8.436400549788807268 ) ) ;
#5209 = PRESENTATION_STYLE_ASSIGNMENT (( #1218 ) ) ;
#5210 = CARTESIAN_POINT ( 'NONE',  ( 5.036640950747344192, 13.89314494388263199, 8.028200274894411237 ) ) ;
#5211 = CARTESIAN_POINT ( 'NONE',  ( 6.191799725105618712, 13.45818809514516445, 9.183359049252670658 ) ) ;
#5212 = CARTESIAN_POINT ( 'NONE',  ( 2.991223924135753442, 18.75000000000000000, 5.971960483840500267 ) ) ;
#5213 = PRESENTATION_LAYER_ASSIGNMENT (  '', '', ( #7223 ) ) ;
#5214 = PRESENTATION_STYLE_ASSIGNMENT (( #4305 ) ) ;
#5215 = COLOUR_RGB ( '',0.2862745098039215508, 0.6431372549019607199, 0.8666666666666666963 ) ;
#5216 = ORIENTED_EDGE ( 'NONE', *, *, #8980, .T. ) ;
#5217 = CARTESIAN_POINT ( 'NONE',  ( 5.210948898480928015, 21.69999999999999574, -2.911341501056096348 ) ) ;
#5218 = LINE ( 'NONE', #10150, #7728 ) ;
#5219 = ORIENTED_EDGE ( 'NONE', *, *, #7544, .F. ) ;
#5220 = CARTESIAN_POINT ( 'NONE',  ( 7.767644284148497391, 15.85472206898996816, 0.3048773204057944053 ) ) ;
#5221 = CARTESIAN_POINT ( 'NONE',  ( 5.990245359188420160, 13.54222206898996639, -8.661138122682915608 ) ) ;
#5222 = LINE ( 'NONE', #2752, #9155 ) ;
#5223 = ORIENTED_EDGE ( 'NONE', *, *, #657, .F. ) ;
#5224 =( NAMED_UNIT ( * ) PLANE_ANGLE_UNIT ( ) SI_UNIT ( $, .RADIAN. ) );
#5225 = CARTESIAN_POINT ( 'NONE',  ( 7.993979936967921418, 14.64568809514516268, -8.436400549788809045 ) ) ;
#5226 = CARTESIAN_POINT ( 'NONE',  ( 5.783599450211217352, 11.78897827721596769, -1.393979936967925770 ) ) ;
#5227 = SURFACE_STYLE_USAGE ( .BOTH. , #2042 ) ;
#5228 = SURFACE_SIDE_STYLE ('',( #4534 ) ) ;
#5229 = AXIS2_PLACEMENT_3D ( 'NONE', #3304, #6489, #9095 ) ;
#5230 = FACE_OUTER_BOUND ( 'NONE', #7965, .T. ) ;
#5231 = EDGE_CURVE ( 'NONE', #9880, #6763, #8602, .T. ) ;
#5232 =( NAMED_UNIT ( * ) PLANE_ANGLE_UNIT ( ) SI_UNIT ( $, .RADIAN. ) );
#5233 = CARTESIAN_POINT ( 'NONE',  ( 8.163359049252662203, 16.58318809514516801, 8.028200274894395250 ) ) ;
#5234 = VERTEX_POINT ( 'NONE', #9067 ) ;
#5235 = CARTESIAN_POINT ( 'NONE',  ( 7.008200274894384130, 15.49985476181183230, -6.056640950747333108 ) ) ;
#5236 = CARTESIAN_POINT ( 'NONE',  ( 6.999999999999597655, 18.74802143783840336, 2.138322070303675382 ) ) ;
#5237 = MECHANICAL_DESIGN_GEOMETRIC_PRESENTATION_REPRESENTATION (  '', ( #4563 ), #5081 ) ;
#5238 = VECTOR ( 'NONE', #1291, 1000.000000000000000 ) ;
#5239 = SURFACE_STYLE_USAGE ( .BOTH. , #6179 ) ;
#5240 = LINE ( 'NONE', #8464, #3172 ) ;
#5241 = ORIENTED_EDGE ( 'NONE', *, *, #6529, .F. ) ;
#5242 = CARTESIAN_POINT ( 'NONE',  ( 5.783599450211219128, 14.78897827721596236, -1.393979936967932209 ) ) ;
#5243 = EDGE_CURVE ( 'NONE', #1175, #7821, #5010, .T. ) ;
#5244 = CARTESIAN_POINT ( 'NONE',  ( 7.993979936967930300, 12.64568809514516090, 6.803599450211214261 ) ) ;
#5245 = EDGE_CURVE ( 'NONE', #5941, #8286, #5842, .T. ) ;
#5246 = CIRCLE ( 'NONE', #775, 2.500000000000000444 ) ;
#5247 = COLOUR_RGB ( '',0.2862745098039215508, 0.6431372549019607199, 0.8666666666666666963 ) ;
#5248 = STYLED_ITEM ( 'NONE', ( #5661 ), #6719 ) ;
#5249 = DIRECTION ( 'NONE',  ( 0.0000000000000000000, 0.0000000000000000000, 1.000000000000000000 ) ) ;
#5250 = CARTESIAN_POINT ( 'NONE',  ( 6.999999999999795719, 18.73765341253209016, -9.784067862013166916 ) ) ;
#5251 = DIRECTION ( 'NONE',  ( 0.0000000000000000000, 0.7071067811865465735, 0.7071067811865485719 ) ) ;
#5252 = VECTOR ( 'NONE', #1199, 1000.000000000000000 ) ;
#5253 = CARTESIAN_POINT ( 'NONE',  ( 0.0000000000000000000, 0.0000000000000000000, 0.0000000000000000000 ) ) ;
#5254 = ORIENTED_EDGE ( 'NONE', *, *, #9332, .T. ) ;
#5255 = PRESENTATION_LAYER_ASSIGNMENT (  '', '', ( #9651 ) ) ;
#5256 = CARTESIAN_POINT ( 'NONE',  ( 12.59999999999999964, 10.55000000000000071, 11.42999999999999972 ) ) ;
#5257 = CARTESIAN_POINT ( 'NONE',  ( 6.295122679594211235, 11.22972206898996461, -6.452355715851501472 ) ) ;
#5258 = FILL_AREA_STYLE_COLOUR ( '', #1605 ) ;
#5259 = VECTOR ( 'NONE', #1737, 1000.000000000000000 ) ;
#5260 = CARTESIAN_POINT ( 'NONE',  ( 6.200000000001936407, 18.71144759946975000, -9.816171768694660571 ) ) ;
#5262 = ORIENTED_EDGE ( 'NONE', *, *, #9052, .T. ) ;
#5261 = CARTESIAN_POINT ( 'NONE',  ( 6.904877320405791608, 13.27138873565663424, 1.167644284148495970 ) ) ;
#5263 = CARTESIAN_POINT ( 'NONE',  ( 5.036640950747339751, 16.33318809514516801, -8.028200274894405908 ) ) ;
#5264 = EDGE_CURVE ( 'NONE', #4496, #9887, #2093, .T. ) ;
#5265 = ORIENTED_EDGE ( 'NONE', *, *, #167, .F. ) ;
#5266 = CARTESIAN_POINT ( 'NONE',  ( 7.993979936967914313, 16.06235476181182875, -6.803599450211181399 ) ) ;
#5267 = AXIS2_PLACEMENT_3D ( 'NONE', #9815, #8960, #10554 ) ;
#5268 = DIRECTION ( 'NONE',  ( 0.0000000000000000000, -0.0000000000000000000, -1.000000000000000000 ) ) ;
#5269 = CARTESIAN_POINT ( 'NONE',  ( 7.993979936967921418, 14.16397827721596592, 6.803599450211192057 ) ) ;
#5270 = CARTESIAN_POINT ( 'NONE',  ( 8.038996251165629658, 21.68890897148765617, -2.789191704716337927 ) ) ;
#5271 = CARTESIAN_POINT ( 'NONE',  ( 7.008200274894414328, 13.70818809514516623, 6.056640950747340213 ) ) ;
#5272 = CARTESIAN_POINT ( 'NONE',  ( 4.949999999999999289, 21.69999999999999929, 2.915475947422649927 ) ) ;
#5273 = CARTESIAN_POINT ( 'NONE',  ( 2.099999999999999645, 4.799999999999999822, -5.919999999999999929 ) ) ;
#5274 = ORIENTED_EDGE ( 'NONE', *, *, #1322, .T. ) ;
#5275 = VERTEX_POINT ( 'NONE', #2570 ) ;
#5276 = BREP_WITH_VOIDS ( 'NONE', #4845, ( #1894, #8547, #6801 ) );
#5278 = ORIENTED_EDGE ( 'NONE', *, *, #8363, .T. ) ;
#5277 = CARTESIAN_POINT ( 'NONE',  ( 5.432355715851502787, 15.64638873565663069, 0.3048773204057950159 ) ) ;
#5279 = CARTESIAN_POINT ( 'NONE',  ( 8.163359049252660427, 13.62485476181183586, -8.028200274894414790 ) ) ;
#5280 = ORIENTED_EDGE ( 'NONE', *, *, #6840, .F. ) ;
#5281 = CARTESIAN_POINT ( 'NONE',  ( 7.008200274894401893, 12.20818809514516445, -1.563359049252657673 ) ) ;
#5282 = CARTESIAN_POINT ( 'NONE',  ( 11.69999999999999929, 0.0000000000000000000, -11.42999999999999972 ) ) ;
#5283 = CARTESIAN_POINT ( 'NONE',  ( 6.200000000001938183, 18.69211839736295033, 5.411961377943094398 ) ) ;
#5284 = CARTESIAN_POINT ( 'NONE',  ( 8.249999999999998224, 21.39999999999999858, 7.620000000000000107 ) ) ;
#5285 = CARTESIAN_POINT ( 'NONE',  ( 5.990245359188429042, 16.20888873565663246, 8.661138122682929819 ) ) ;
#5286 = CARTESIAN_POINT ( 'NONE',  ( 6.599999999999999645, 17.94999999998481144, -5.318216198934712757 ) ) ;
#5287 = CARTESIAN_POINT ( 'NONE',  ( 6.191799725105617824, 15.47647827721596592, 9.183359049252670658 ) ) ;
#5288 = ORIENTED_EDGE ( 'NONE', *, *, #5300, .T. ) ;
#5289 = VERTEX_POINT ( 'NONE', #7523 ) ;
#5290 = CARTESIAN_POINT ( 'NONE',  ( 8.163359049252667532, 15.08318809514516445, -7.211799725105620951 ) ) ;
#5291 = CARTESIAN_POINT ( 'NONE',  ( 7.000000000000000888, 18.75000000000000000, 2.115099840886189408 ) ) ;
#5292 = VERTEX_POINT ( 'NONE', #4343 ) ;
#5293 = UNCERTAINTY_MEASURE_WITH_UNIT (LENGTH_MEASURE( 1.000000000000000082E-05 ), #1902, 'distance_accuracy_value', 'NONE');
#5294 = FILL_AREA_STYLE_COLOUR ( '', #8298 ) ;
#5295 = ORIENTED_EDGE ( 'NONE', *, *, #2999, .T. ) ;
#5296 = CARTESIAN_POINT ( 'NONE',  ( 7.993979936967930300, 15.56235476181183230, 0.8164005497887782958 ) ) ;
#5297 = CARTESIAN_POINT ( 'NONE',  ( 6.191799725105599173, 10.97647827721596414, 9.183359049252660000 ) ) ;
#5298 = PRESENTATION_STYLE_ASSIGNMENT (( #5408 ) ) ;
#5299 = DIRECTION ( 'NONE',  ( 0.0000000000000000000, -1.000000000000000000, 0.0000000000000000000 ) ) ;
#5300 = EDGE_CURVE ( 'NONE', #6807, #4187, #84, .T. ) ;
#5301 = ORIENTED_EDGE ( 'NONE', *, *, #3870, .T. ) ;
#5302 = CARTESIAN_POINT ( 'NONE',  ( 8.250000000000000000, 21.39999999999999858, 11.42999999999999972 ) ) ;
#5303 = CARTESIAN_POINT ( 'NONE',  ( 6.599999999999998757, 16.97902142847850016, 9.183359049252670658 ) ) ;
#5304 = ADVANCED_FACE ( 'NONE', ( #6633 ), #9875, .F. ) ;
#5305 = DIRECTION ( 'NONE',  ( 0.0000000000000000000, 1.000000000000000000, 0.0000000000000000000 ) ) ;
#5306 = ADVANCED_FACE ( 'NONE', ( #2682 ), #243, .T. ) ;
#5308 = VERTEX_POINT ( 'NONE', #301 ) ;
#5307 = CARTESIAN_POINT ( 'NONE',  ( 7.767644284148496503, 12.39638873565663069, -0.3048773204058000119 ) ) ;
#5309 = ORIENTED_EDGE ( 'NONE', *, *, #3640, .T. ) ;
#5310 = CARTESIAN_POINT ( 'NONE',  ( 7.993979936967924971, 16.56235476181183230, -6.803599450211207156 ) ) ;
#5311 = SURFACE_SIDE_STYLE ('',( #1375 ) ) ;
#5312 =( NAMED_UNIT ( * ) SI_UNIT ( $, .STERADIAN. ) SOLID_ANGLE_UNIT ( ) );
#5313 = CARTESIAN_POINT ( 'NONE',  ( 6.191799725105584074, 13.76814494388263022, 6.056640950747341989 ) ) ;
#5314 = CARTESIAN_POINT ( 'NONE',  ( 6.199999999999999289, 18.65697564738263381, -5.403455814736732421 ) ) ;
#5315 = CARTESIAN_POINT ( 'NONE',  ( 6.904877320405772956, 12.77138873565663424, 8.787644284148500518 ) ) ;
#5316 = CARTESIAN_POINT ( 'NONE',  ( 6.199999999999999289, 18.75000000000000000, -5.504900159113810254 ) ) ;
#5317 =( NAMED_UNIT ( * ) PLANE_ANGLE_UNIT ( ) SI_UNIT ( $, .RADIAN. ) );
#5318 = ORIENTED_EDGE ( 'NONE', *, *, #9640, .F. ) ;
#5319 = ORIENTED_EDGE ( 'NONE', *, *, #2137, .F. ) ;
#5320 = SURFACE_STYLE_FILL_AREA ( #9144 ) ;
#5321 = ORIENTED_EDGE ( 'NONE', *, *, #9842, .F. ) ;
#5323 = ORIENTED_EDGE ( 'NONE', *, *, #4320, .T. ) ;
#5322 = CARTESIAN_POINT ( 'NONE',  ( 5.783599450211192483, 15.93735476181183053, 1.393979936967921107 ) ) ;
#5324 = CIRCLE ( 'NONE', #8705, 0.2999999999999999334 ) ;
#5325 = CARTESIAN_POINT ( 'NONE',  ( 7.993979936967930300, 12.64568809514516090, -8.436400549788780623 ) ) ;
#5326 = CARTESIAN_POINT ( 'NONE',  ( 6.599999999999999645, 16.94999999999999929, -2.225735931288070901 ) ) ;
#5327 = CARTESIAN_POINT ( 'NONE',  ( 6.191799725105592955, 11.74985476181183408, -1.563359049252661448 ) ) ;
#5328 = LINE ( 'NONE', #2963, #5199 ) ;
#5329 = CARTESIAN_POINT ( 'NONE',  ( 8.249999999999998224, 21.47973555009916424, 4.705086370196640999 ) ) ;
#5330 = CARTESIAN_POINT ( 'NONE',  ( 6.294311441242751215, 16.72972206898990066, 8.787644284148500518 ) ) ;
#5331 = DIRECTION ( 'NONE',  ( 0.0000000000000000000, 0.0000000000000000000, -1.000000000000000000 ) ) ;
#5332 = STYLED_ITEM ( 'NONE', ( #2470 ), #3884 ) ;
#5333 = CARTESIAN_POINT ( 'NONE',  ( 4.950000000000000178, 21.39999999999999858, -4.704524052577349735 ) ) ;
#5334 = CARTESIAN_POINT ( 'NONE',  ( 7.993979936967916089, 16.14568809514516801, 6.803599450211181399 ) ) ;
#5335 = ORIENTED_EDGE ( 'NONE', *, *, #10408, .F. ) ;
#5336 = AXIS2_PLACEMENT_3D ( 'NONE', #1116, #2577, #9186 ) ;
#5337 = CARTESIAN_POINT ( 'NONE',  ( 5.783599450211192483, 14.28897827721596236, -9.013979936967919215 ) ) ;
#5338 = CARTESIAN_POINT ( 'NONE',  ( 4.099999999999999645, 21.69999999999999929, 7.620000000000000107 ) ) ;
#5339 = DIRECTION ( 'NONE',  ( -1.000000000000000000, 0.0000000000000000000, -0.0000000000000000000 ) ) ;
#5340 = CARTESIAN_POINT ( 'NONE',  ( 6.600000000000000533, 17.07426406871192981, -5.270000000000002238 ) ) ;
#5341 = EDGE_LOOP ( 'NONE', ( #119, #5983, #2249, #6043, #5335 ) ) ;
#5342 = CARTESIAN_POINT ( 'NONE',  ( 7.416400549788780161, 14.53897827721596414, 1.393979936967931765 ) ) ;
#5343 = CARTESIAN_POINT ( 'NONE',  ( 8.163359049252655097, 11.08318809514513248, 8.028200274894409461 ) ) ;
#5344 = CARTESIAN_POINT ( 'NONE',  ( 6.599999999999999645, 21.69999999999999929, 7.620000000000000107 ) ) ;
#5345 = ORIENTED_EDGE ( 'NONE', *, *, #9184, .T. ) ;
#5346 = CARTESIAN_POINT ( 'NONE',  ( 3.859550547062124082, 21.70000000000000284, -1.368713362203679562 ) ) ;
#5347 = DIRECTION ( 'NONE',  ( 8.185976218434330542E-17, -1.000000000000000000, -0.0000000000000000000 ) ) ;
#5348 = EDGE_LOOP ( 'NONE', ( #8851, #2713, #5065, #1526, #4245, #4138 ) ) ;
#5349 =( GEOMETRIC_REPRESENTATION_CONTEXT ( 3 ) GLOBAL_UNCERTAINTY_ASSIGNED_CONTEXT ( ( #7795 ) ) GLOBAL_UNIT_ASSIGNED_CONTEXT ( ( #1155, #3651, #6143 ) ) REPRESENTATION_CONTEXT ( 'NONE', 'WORKASPACE' ) );
#5350 = CARTESIAN_POINT ( 'NONE',  ( 11.08999999999998920, 0.0000000000000000000, 11.43000000000000149 ) ) ;
#5351 = EDGE_CURVE ( 'NONE', #6185, #4159, #8415, .T. ) ;
#5352 = CARTESIAN_POINT ( 'NONE',  ( 6.200000000001936407, 18.70170425002353554, -9.822153541687486111 ) ) ;
#5353 = UNCERTAINTY_MEASURE_WITH_UNIT (LENGTH_MEASURE( 1.000000000000000082E-05 ), #1588, 'distance_accuracy_value', 'NONE');
#5354 = DIRECTION ( 'NONE',  ( 0.0000000000000000000, -1.000000000000000000, 0.0000000000000000000 ) ) ;
#5355 =( GEOMETRIC_REPRESENTATION_CONTEXT ( 3 ) GLOBAL_UNCERTAINTY_ASSIGNED_CONTEXT ( ( #5061 ) ) GLOBAL_UNIT_ASSIGNED_CONTEXT ( ( #5734, #9179, #6679 ) ) REPRESENTATION_CONTEXT ( 'NONE', 'WORKASPACE' ) );
#5357 = EDGE_LOOP ( 'NONE', ( #10251, #4525, #5691, #6135 ) ) ;
#5356 = CARTESIAN_POINT ( 'NONE',  ( 7.209754640811576465, 11.45888873565663069, -1.041138122682923939 ) ) ;
#5358 = CARTESIAN_POINT ( 'NONE',  ( 6.904877320405797825, 15.97972206898996461, -8.787644284148498741 ) ) ;
#5359 = AXIS2_PLACEMENT_3D ( 'NONE', #2759, #1645, #1573 ) ;
#5360 = CARTESIAN_POINT ( 'NONE',  ( 7.008200274894410775, 15.51814494388263199, -6.056640950747341989 ) ) ;
#5361 = CARTESIAN_POINT ( 'NONE',  ( 2.387451946652194845, 21.69999999999999929, 9.184202544787783751 ) ) ;
#5362 = EDGE_CURVE ( 'NONE', #9010, #3766, #3769, .T. ) ;
#5363 = CARTESIAN_POINT ( 'NONE',  ( 7.500000000000000000, 1.349999999999990097, -8.869999999999999218 ) ) ;
#5364 = CARTESIAN_POINT ( 'NONE',  ( 6.199999999999999289, 17.94999999999089724, -9.886761713732742152 ) ) ;
#5365 = VECTOR ( 'NONE', #6167, 1000.000000000000114 ) ;
#5366 = CARTESIAN_POINT ( 'NONE',  ( 6.191799725105619601, 13.74985476181183230, 6.056640950747333996 ) ) ;
#5367 = EDGE_CURVE ( 'NONE', #5389, #394, #8526, .T. ) ;
#5368 = VECTOR ( 'NONE', #3430, 1000.000000000000000 ) ;
#5369 = CARTESIAN_POINT ( 'NONE',  ( 4.099999999999999645, 21.69999999999999929, -7.620000000000000107 ) ) ;
#5370 =( NAMED_UNIT ( * ) SI_UNIT ( $, .STERADIAN. ) SOLID_ANGLE_UNIT ( ) );
#5371 = ORIENTED_EDGE ( 'NONE', *, *, #7684, .T. ) ;
#5372 = DIRECTION ( 'NONE',  ( -0.9578262852211510969, -0.0000000000000000000, 0.2873478855663461617 ) ) ;
#5373 = LINE ( 'NONE', #3022, #8049 ) ;
#5374 = AXIS2_PLACEMENT_3D ( 'NONE', #6203, #2245, #4628 ) ;
#5375 = VECTOR ( 'NONE', #3602, 1000.000000000000114 ) ;
#5377 = ORIENTED_EDGE ( 'NONE', *, *, #1898, .T. ) ;
#5376 = CARTESIAN_POINT ( 'NONE',  ( 7.008200274894371695, 15.70818809514516445, -1.563359049252673438 ) ) ;
#5378 = CARTESIAN_POINT ( 'NONE',  ( 7.416400549788779273, 13.52068809514516445, -6.226020063032059682 ) ) ;
#5379 = ORIENTED_EDGE ( 'NONE', *, *, #7423, .T. ) ;
#5380 = CARTESIAN_POINT ( 'NONE',  ( 4.949999999999999289, 17.19999999999999929, 10.53547594742270022 ) ) ;
#5381 = CARTESIAN_POINT ( 'NONE',  ( 6.191799725105592955, 11.26814494388263377, -1.563359049252661448 ) ) ;
#5382 = DIRECTION ( 'NONE',  ( 1.000000000000000000, -9.637352644315610034E-17, -0.0000000000000000000 ) ) ;
#5383 = DIRECTION ( 'NONE',  ( -1.000000000000000000, 0.0000000000000000000, -1.224646799147353207E-16 ) ) ;
#5384 = CARTESIAN_POINT ( 'NONE',  ( 7.416400549788780161, 16.18735476181183586, 6.226020063032066787 ) ) ;
#5385 = VECTOR ( 'NONE', #7183, 1000.000000000000000 ) ;
#5386 = DIRECTION ( 'NONE',  ( 0.4999999999999999445, 0.0000000000000000000, -0.8660254037844387076 ) ) ;
#5387 = CARTESIAN_POINT ( 'NONE',  ( 5.036640950747325540, 12.33318809514516801, 7.211799725105629832 ) ) ;
#5388 = CARTESIAN_POINT ( 'NONE',  ( 7.416400549788779273, 15.68735476181183586, 6.226020063032068563 ) ) ;
#5389 = VERTEX_POINT ( 'NONE', #2839 ) ;
#5390 = CARTESIAN_POINT ( 'NONE',  ( 7.416400549788803254, 14.18735476181183408, -9.013979936967919215 ) ) ;
#5391 = CARTESIAN_POINT ( 'NONE',  ( 6.999999999998145483, 18.67036368809802127, 2.214662492796918514 ) ) ;
#5392 = VERTEX_POINT ( 'NONE', #7674 ) ;
#5393 = UNCERTAINTY_MEASURE_WITH_UNIT (LENGTH_MEASURE( 1.000000000000000082E-05 ), #4271, 'distance_accuracy_value', 'NONE');
#5394 = FILL_AREA_STYLE_COLOUR ( '', #5247 ) ;
#5395 = COLOUR_RGB ( '',0.2862745098039215508, 0.6431372549019607199, 0.8666666666666666963 ) ;
#5396 = CARTESIAN_POINT ( 'NONE',  ( 1.499999999999974021, 11.00000000000000355, -10.21999999999998288 ) ) ;
#5397 = PLANE ( 'NONE',  #398 ) ;
#5398 = CIRCLE ( 'NONE', #3699, 2.187500000039471981 ) ;
#5399 = VERTEX_POINT ( 'NONE', #456 ) ;
#5400 = AXIS2_PLACEMENT_3D ( 'NONE', #2757, #9153, #324 ) ;
#5401 = CARTESIAN_POINT ( 'NONE',  ( 8.163359049252658650, 14.10147827721596592, 0.4082002748944045245 ) ) ;
#5402 = CARTESIAN_POINT ( 'NONE',  ( 7.993979936967939182, 11.08064494388263554, 8.436400549788771741 ) ) ;
#5403 = VECTOR ( 'NONE', #1468, 999.9999999999998863 ) ;
#5404 = VECTOR ( 'NONE', #9202, 1000.000000000000000 ) ;
#5405 = CARTESIAN_POINT ( 'NONE',  ( 6.599999999999999645, 17.94999999998481144, 2.301783801071757285 ) ) ;
#5406 = VERTEX_POINT ( 'NONE', #3000 ) ;
#5407 = VECTOR ( 'NONE', #3664, 1000.000000000000114 ) ;
#5408 = SURFACE_STYLE_USAGE ( .BOTH. , #10124 ) ;
#5409 = LINE ( 'NONE', #9267, #5252 ) ;
#5410 = DIRECTION ( 'NONE',  ( 0.0000000000000000000, 0.0000000000000000000, -1.000000000000000000 ) ) ;
#5411 = ITEM_DEFINED_TRANSFORMATION ( 'NONE', 'NONE', #10357,  #10014 ) ;
#5412 = ORIENTED_EDGE ( 'NONE', *, *, #10502, .T. ) ;
#5413 = DIRECTION ( 'NONE',  ( 0.0000000000000000000, -1.000000000000000000, 0.0000000000000000000 ) ) ;
#5414 = MECHANICAL_DESIGN_GEOMETRIC_PRESENTATION_REPRESENTATION (  '', ( #5575 ), #7946 ) ;
#5415 = STYLED_ITEM ( 'NONE', ( #9007 ), #7834 ) ;
#5416 = CARTESIAN_POINT ( 'NONE',  ( 5.161053619059499553, 21.68892437337913748, 2.789162890288935603 ) ) ;
#5417 = B_SPLINE_SURFACE_WITH_KNOTS ( 'NONE', 3, 1, ( 
 ( #10005, #208 ),
 ( #3630, #5330 ),
 ( #2160, #10262 ),
 ( #7701, #6170 ),
 ( #4640, #2968 ),
 ( #9359, #8622 ),
 ( #478, #3744 ),
 ( #3793, #5444 ),
 ( #7014, #1302 ),
 ( #4472, #1137 ),
 ( #6120, #6962 ),
 ( #6066, #7870 ),
 ( #2044, #6220 ),
 ( #374, #9472 ),
 ( #5488, #9307 ),
 ( #1346, #2914 ),
 ( #10160, #8670 ),
 ( #533, #3686 ),
 ( #8557, #5285 ),
 ( #1235, #432 ),
 ( #4536, #2809 ),
 ( #3843, #4592 ),
 ( #6909, #9408 ),
 ( #2209, #7065 ),
 ( #10325, #1997 ),
 ( #2094, #10213 ),
 ( #5384, #2866 ),
 ( #3031, #4424 ),
 ( #7761, #7816 ),
 ( #8505, #6275 ),
 ( #9522, #7656 ),
 ( #325, #6857 ),
 ( #10106, #1184 ),
 ( #3133, #4695 ),
 ( #5598, #2416 ),
 ( #3948, #6320 ),
 ( #803, #8773 ),
 ( #4855, #646 ),
 ( #9722, #9627 ),
 ( #5644, #7928 ),
 ( #3081, #5688 ),
 ( #8918, #4914 ),
 ( #1543, #7265 ),
 ( #1602, #8132 ),
 ( #10374, #9569 ),
 ( #3993, #8025 ),
 ( #3900, #2255 ),
 ( #10573, #8825 ),
 ( #5537, #4103 ),
 ( #7319, #1451 ),
 ( #9674, #2316 ),
 ( #9773, #6367 ),
 ( #7163, #4804 ),
 ( #4756, #10416 ),
 ( #3292, #8723 ),
 ( #1394, #10469 ),
 ( #590, #7983 ),
 ( #2474, #7119 ),
 ( #1499, #8868 ),
 ( #690, #10524 ),
 ( #6533, #8073 ),
 ( #7211, #3191 ),
 ( #6428, #2366 ),
 ( #742, #4049 ),
 ( #3241, #6476 ),
 ( #1717, #8181 ),
 ( #9189, #858 ),
 ( #7370, #141 ),
 ( #4304, #7530 ),
 ( #974, #9884 ),
 ( #5162, #3568 ),
 ( #6742, #5020 ),
 ( #5120, #1054 ),
 ( #2692, #4262 ),
 ( #7586, #258 ),
 ( #9078, #6796 ),
 ( #7484, #3448 ),
 ( #41, #1008 ),
 ( #3351, #2582 ),
 ( #8231, #910 ),
 ( #190, #6597 ),
 ( #6642, #9835 ),
 ( #4155, #1772 ),
 ( #8339, #3504 ),
 ( #2533, #5850 ),
 ( #9989, #5955 ),
 ( #4210, #6687 ),
 ( #1870, #8384 ),
 ( #3406, #2638 ),
 ( #4356, #8292 ),
 ( #10038, #5752 ),
 ( #1670, #9933 ),
 ( #8977, #7432 ),
 ( #4974, #5806 ),
 ( #9027, #96 ),
 ( #5070, #5908 ),
 ( #9138, #1826 ),
 ( #7052, #7641 ),
 ( #2952, #4515 ),
 ( #1170, #8603 ),
 ( #7803, #1981 ),
 ( #6949, #6204 ),
 ( #313, #8493 ),
 ( #10143, #4578 ),
 ( #5366, #6154 ),
 ( #5271, #7741 ),
 ( #3828, #3782 ),
 ( #2078, #3612 ),
 ( #414, #1221 ),
 ( #2029, #4454 ),
 ( #6109, #2901 ),
 ( #1122, #2139 ),
 ( #1335, #357 ),
 ( #5211, #9395 ),
 ( #7002, #9348 ),
 ( #3728, #9451 ),
 ( #7688, #9232 ),
 ( #2852, #10248 ),
 ( #3666, #6843 ),
 ( #5428, #2795 ),
 ( #1286, #6890 ),
 ( #521, #466 ),
 ( #8657, #4629 ),
 ( #7854, #8541 ),
 ( #2742, #5998 ),
 ( #1915, #8438 ),
 ( #4410, #10091 ),
 ( #6050, #9288 ),
 ( #10200, #5315 ),
 ( #1867, #10375 ),
 ( #8026, #8623 ),
 ( #2257, #648 ),
 ( #9571, #7121 ),
 ( #2971, #10215 ),
 ( #4642, #2212 ),
 ( #6277, #1304 ),
 ( #2162, #9630 ),
 ( #9474, #4758 ),
 ( #1396, #6223 ),
 ( #4596, #5600 ),
 ( #3997, #7818 ),
 ( #7985, #5446 ),
 ( #3846, #3794 ),
 ( #7069, #9524 ),
 ( #535, #481 ),
 ( #7017, #3950 ),
 ( #5489, #3083 ),
 ( #7166, #8724 ),
 ( #2098, #8826 ),
 ( #5387, #2916 ),
 ( #4697, #7932 ),
 ( #3033, #6323 ),
 ( #8673, #5540 ),
 ( #10264, #7872 ),
 ( #1348, #10327 ),
 ( #1501, #593 ),
 ( #3902, #8775 ),
 ( #4806, #1453 ),
 ( #692, #2318 ),
 ( #10419, #9411 ),
 ( #3136, #6370 ),
 ( #6172, #9724 ),
 ( #8235, #8134 ),
 ( #4158, #6430 ),
 ( #98, #7371 ),
 ( #3294, #9676 ),
 ( #5022, #913 ),
 ( #805, #5690 ),
 ( #5808, #7267 ),
 ( #1672, #4214 ),
 ( #9029, #4105 ),
 ( #7434, #5072 ),
 ( #744, #9886 ),
 ( #5852, #8870 ),
 ( #8183, #7321 ),
 ( #2419, #8920 ),
 ( #1719, #3408 ),
 ( #6644, #860 ),
 ( #2583, #7213 ),
 ( #4858, #9082 ),
 ( #1544, #8076 ),
 ( #975, #10473 ),
 ( #10576, #44 ),
 ( #9776, #1776 ),
 ( #8294, #3354 ),
 ( #1607, #6599 ),
 ( #3192, #4916 ),
 ( #9837, #4051 ),
 ( #8979, #2369 ),
 ( #5646, #10526 ),
 ( #3243, #6538 ),
 ( #2477, #5756 ),
 ( #6479, #4975 ),
 ( #2534, #8386 ) ),
 .UNSPECIFIED., .F., .F., .F.,
 ( 4, 2, 2, 2, 2, 2, 2, 2, 2, 2, 2, 2, 2, 2, 2, 2, 2, 2, 2, 2, 2, 2, 2, 2, 2, 2, 2, 2, 2, 2, 2, 2, 2, 2, 2, 2, 2, 2, 2, 2, 2, 2, 2, 2, 2, 2, 2, 2, 2, 2, 2, 2, 2, 2, 2, 2, 2, 2, 2, 2, 2, 2, 2, 2, 2, 2, 2, 2, 2, 2, 2, 2, 2, 2, 2, 2, 2, 2, 2, 2, 2, 2, 2, 2, 2, 2, 2, 2, 2, 2, 2, 2, 2, 2, 2, 2, 4 ),
 ( 2, 2 ),
 ( 0.0000000000000000000, 0.01052513428086159983, 0.02105026856172309904, 0.03157540284258469887, 0.04210053712344630217, 0.05262567140430789853, 0.06315080568516939774, 0.07367593996603100104, 0.08420107424689260434, 0.09472620852775419376, 0.1052513428086160052, 0.1157764770894769979, 0.1263016113703389898, 0.1368267456512000102, 0.1473518799320620021, 0.1578770142129239940, 0.1684021484937849866, 0.1789272827746470063, 0.1894524170555079989, 0.1999775513363699908, 0.2105026856172310112, 0.2210278198980930031, 0.2315529541789549950, 0.2420780884598159877, 0.2526032227406779795, 0.2631283570215390277, 0.2736534913024010196, 0.2841786255832630115, 0.2947037598641240042, 0.3052288941449859960, 0.3157540284258469887, 0.3262791627067089806, 0.3368042969875699733, 0.3473294312684320206, 0.3578545655492940125, 0.3683796998301550052, 0.3789048341110169971, 0.3894299683918779897, 0.3999551026727399816, 0.4104802369536009743, 0.4210053712344630217, 0.4315305055153250136, 0.4420556397961860062, 0.4525807740770479981, 0.4631059083579089908, 0.4736310426387709827, 0.4841561769196319753, 0.4946813112004940227, 0.5052064454813559591, 0.5157315797622169518, 0.5262567140430790547, 0.5367818483239400473, 0.5473069826048020392, 0.5578321168856630319, 0.5683572511665250238, 0.5788823854473870156, 0.5894075197282480083, 0.5999326540091100002, 0.6104577882899709929, 0.6209829225708329847, 0.6315080568516939774, 0.6420331911325559693, 0.6525583254134179612, 0.6630834596942789538, 0.6736085939751409457, 0.6841337282560020494, 0.6946588625368640413, 0.7051839968177250340, 0.7157091310985870258, 0.7262342653794490177, 0.7367593996603100104, 0.7472845339411720023, 0.7578096682220329949, 0.7683348025028949868, 0.7788599367837559795, 0.7893850710646179714, 0.7999102053454799632, 0.8104353396263409559, 0.8209604739072029478, 0.8314856081880640515, 0.8420107424689260434, 0.8525358767497870360, 0.8630610110306490279, 0.8735861453115110198, 0.8841112795923720125, 0.8946364138732340043, 0.9051615481540949970, 0.9156866824349569889, 0.9262118167158189808, 0.9367369509966799734, 0.9472620852775419653, 0.9577872195584029580, 0.9683123538392649499, 0.9788374881201260536, 0.9893626224009880454, 0.9998877566818490381, 1.000000000000000000 ),
 ( -1.637825367528638015E-14, 0.1270273264120506118 ),
 .UNSPECIFIED. ) ;
#5418 = AXIS2_PLACEMENT_3D ( 'NONE', #7785, #4494, #6245 ) ;
#5419 = SURFACE_STYLE_FILL_AREA ( #1925 ) ;
#5421 = ORIENTED_EDGE ( 'NONE', *, *, #159, .T. ) ;
#5420 = CARTESIAN_POINT ( 'NONE',  ( 7.767644284148506273, 11.35472206898996639, 0.3048773204057599884 ) ) ;
#5422 = ORIENTED_EDGE ( 'NONE', *, *, #7045, .F. ) ;
#5423 = EDGE_CURVE ( 'NONE', #5275, #10530, #9378, .T. ) ;
#5424 =( NAMED_UNIT ( * ) PLANE_ANGLE_UNIT ( ) SI_UNIT ( $, .RADIAN. ) );
#5425 = AXIS2_PLACEMENT_3D ( 'NONE', #10333, #5496, #7274 ) ;
#5426 = CARTESIAN_POINT ( 'NONE',  ( 7.500000000000000000, 1.549999999999990052, 0.4999999999999997780 ) ) ;
#5427 = AXIS2_PLACEMENT_3D ( 'NONE', #2755, #8306, #9245 ) ;
#5428 = CARTESIAN_POINT ( 'NONE',  ( 5.783599450211213799, 13.27068809514516090, 6.226020063032067675 ) ) ;
#5429 = CARTESIAN_POINT ( 'NONE',  ( 2.099999999999999645, 4.799999999999999822, 1.699999999999960876 ) ) ;
#5430 = ORIENTED_EDGE ( 'NONE', *, *, #7171, .T. ) ;
#5431 = ADVANCED_FACE ( 'NONE', ( #2781 ), #4401, .F. ) ;
#5432 = DIRECTION ( 'NONE',  ( -0.8320502943378438321, -6.498053988515379772E-16, 0.5547001962252290364 ) ) ;
#5433 = ORIENTED_EDGE ( 'NONE', *, *, #1406, .F. ) ;
#5434 = AXIS2_PLACEMENT_3D ( 'NONE', #2348, #1524, #5725 ) ;
#5436 = ORIENTED_EDGE ( 'NONE', *, *, #4076, .T. ) ;
#5435 = CARTESIAN_POINT ( 'NONE',  ( 8.163359049252669308, 14.62485476181183053, -0.4082002748943882597 ) ) ;
#5437 = CARTESIAN_POINT ( 'NONE',  ( 5.432355715851499234, 12.64638873565663424, -7.315122679594223243 ) ) ;
#5438 = CARTESIAN_POINT ( 'NONE',  ( 8.250000000000000000, 21.69999999999999929, 4.704524052577350623 ) ) ;
#5439 = EDGE_CURVE ( 'NONE', #3495, #8714, #1206, .T. ) ;
#5440 = EDGE_CURVE ( 'NONE', #10015, #8964, #8246, .T. ) ;
#5441 = CARTESIAN_POINT ( 'NONE',  ( 6.191799725105599173, 10.97647827721596414, 1.563359049252661004 ) ) ;
#5442 = LINE ( 'NONE', #9466, #5365 ) ;
#5443 = LINE ( 'NONE', #10260, #9643 ) ;
#5444 = CARTESIAN_POINT ( 'NONE',  ( 5.990245359188426377, 16.54222206898996816, 6.578861877317070395 ) ) ;
#5445 = CARTESIAN_POINT ( 'NONE',  ( 0.0000000000000000000, 0.0000000000000000000, 4.569999999999999396 ) ) ;
#5446 = CARTESIAN_POINT ( 'NONE',  ( 7.767644284148499167, 12.35472206898996461, 7.924877320405768089 ) ) ;
#5447 = CARTESIAN_POINT ( 'NONE',  ( 7.416400549788779273, 15.20564494388263199, 6.226020063032068563 ) ) ;
#5448 = EDGE_LOOP ( 'NONE', ( #9350, #3411, #265, #6402, #129, #7986, #2958, #10228, #7859, #517, #3784, #3341 ) ) ;
#5449 = CARTESIAN_POINT ( 'NONE',  ( 7.008200274894409887, 14.01814494388263554, -6.056640950747341989 ) ) ;
#5450 = EDGE_CURVE ( 'NONE', #9367, #7215, #580, .T. ) ;
#5451 = FILL_AREA_STYLE ('',( #3798 ) ) ;
#5452 = SURFACE_SIDE_STYLE ('',( #4055 ) ) ;
#5453 = CARTESIAN_POINT ( 'NONE',  ( 26.05000000000000071, 0.5999999999999889866, 7.120000000000000107 ) ) ;
#5454 = CARTESIAN_POINT ( 'NONE',  ( 1.900000000000002576, 17.07426406871192626, -9.969999999999998863 ) ) ;
#5455 = EDGE_CURVE ( 'NONE', #4029, #8488, #6144, .T. ) ;
#5456 = ORIENTED_EDGE ( 'NONE', *, *, #232, .F. ) ;
#5457 = CARTESIAN_POINT ( 'NONE',  ( 7.993979936967930300, 13.66397827721596769, -0.8164005497887845131 ) ) ;
#5458 = DIRECTION ( 'NONE',  ( 0.0000000000000000000, -0.0000000000000000000, 1.000000000000000000 ) ) ;
#5459 = CARTESIAN_POINT ( 'NONE',  ( 8.163359049252681743, 10.64314494388266930, 7.211799725105620951 ) ) ;
#5460 = LINE ( 'NONE', #610, #2676 ) ;
#5461 = DIRECTION ( 'NONE',  ( -0.0000000000000000000, -0.0000000000000000000, -1.000000000000000000 ) ) ;
#5462 = ORIENTED_EDGE ( 'NONE', *, *, #5830, .F. ) ;
#5463 = ADVANCED_FACE ( 'NONE', ( #1967 ), #2235, .T. ) ;
#5464 = DIRECTION ( 'NONE',  ( 0.0000000000000000000, 0.0000000000000000000, 1.000000000000000000 ) ) ;
#5465 = CARTESIAN_POINT ( 'NONE',  ( 12.59999999999999964, 16.30000000000000071, -10.83000000000000007 ) ) ;
#5466 = LINE ( 'NONE', #10441, #3687 ) ;
#5467 = CARTESIAN_POINT ( 'NONE',  ( 6.190713557995390026, 16.95818809514510050, 1.563359049252670108 ) ) ;
#5468 = CARTESIAN_POINT ( 'NONE',  ( 9.610890619003882307, 21.70000000000000284, 0.5639487726886406316 ) ) ;
#5469 = CARTESIAN_POINT ( 'NONE',  ( 1.843589838486228594, -4.625929269271485322E-15, 10.83000000000000007 ) ) ;
#5470 = ADVANCED_FACE ( 'NONE', ( #3871 ), #9599, .F. ) ;
#5471 = UNCERTAINTY_MEASURE_WITH_UNIT (LENGTH_MEASURE( 1.000000000000000082E-05 ), #4511, 'distance_accuracy_value', 'NONE');
#5472 = DIRECTION ( 'NONE',  ( 0.0000000000000000000, -0.0000000000000000000, -1.000000000000000000 ) ) ;
#5474 = ORIENTED_EDGE ( 'NONE', *, *, #8864, .T. ) ;
#5473 = CARTESIAN_POINT ( 'NONE',  ( 7.641138122682935574, 11.33388873565663602, 0.6097546408115546157 ) ) ;
#5475 = VERTEX_POINT ( 'NONE', #5469 ) ;
#5476 = DIRECTION ( 'NONE',  ( 0.6838758462128040616, 0.7001586044559660049, 0.2051627538638416681 ) ) ;
#5477 = DIRECTION ( 'NONE',  ( -0.0000000000000000000, -0.0000000000000000000, -1.000000000000000000 ) ) ;
#5478 = VERTEX_POINT ( 'NONE', #1574 ) ;
#5479 = FACE_OUTER_BOUND ( 'NONE', #2824, .T. ) ;
#5481 = ORIENTED_EDGE ( 'NONE', *, *, #989, .T. ) ;
#5480 = CARTESIAN_POINT ( 'NONE',  ( 5.990245359188436147, 15.20888873565663246, 1.041138122682931932 ) ) ;
#5482 = CARTESIAN_POINT ( 'NONE',  ( 5.558861877317066380, 12.58388873565663246, -8.229754640811554722 ) ) ;
#5483 = FACE_OUTER_BOUND ( 'NONE', #7365, .T. ) ;
#5484 = CARTESIAN_POINT ( 'NONE',  ( 5.206020063032066325, 10.83064494388263199, -0.8164005497887730778 ) ) ;
#5485 = CARTESIAN_POINT ( 'NONE',  ( 6.599999999999998757, 17.25000000000000000, 5.270000000000000462 ) ) ;
#5486 =( NAMED_UNIT ( * ) SI_UNIT ( $, .STERADIAN. ) SOLID_ANGLE_UNIT ( ) );
#5487 = CARTESIAN_POINT ( 'NONE',  ( 4.950000000000000178, 21.43986343583473086, -10.53519381102698382 ) ) ;
#5488 = CARTESIAN_POINT ( 'NONE',  ( 7.993979936967924971, 16.56235476181183230, 8.436400549788793057 ) ) ;
#5489 = CARTESIAN_POINT ( 'NONE',  ( 5.783599450211198700, 12.43735476181183230, 9.013979936967926321 ) ) ;
#5490 = ADVANCED_FACE ( 'NONE', ( #4780 ), #621, .T. ) ;
#5491 = CARTESIAN_POINT ( 'NONE',  ( 7.416400549788805030, 15.03897827721596414, 9.013979936967920992 ) ) ;
#5492 = EDGE_LOOP ( 'NONE', ( #8237, #2518, #10577, #6983, #7849, #10194 ) ) ;
#5493 = PRESENTATION_LAYER_ASSIGNMENT (  '', '', ( #7331 ) ) ;
#5494 = DIRECTION ( 'NONE',  ( 0.0000000000000000000, 0.7071067811865480168, -0.7071067811865470176 ) ) ;
#5495 = SURFACE_STYLE_USAGE ( .BOTH. , #2217 ) ;
#5496 = DIRECTION ( 'NONE',  ( -0.8660254037844380415, 0.0000000000000000000, 0.5000000000000009992 ) ) ;
#5497 = CARTESIAN_POINT ( 'NONE',  ( 2.148528137423859175, 16.94999999999999929, -5.394264068711926541 ) ) ;
#5498 = VERTEX_POINT ( 'NONE', #3266 ) ;
#5499 = CARTESIAN_POINT ( 'NONE',  ( 6.191799725105584074, 14.24985476181183408, -1.563359049252657673 ) ) ;
#5500 =( GEOMETRIC_REPRESENTATION_CONTEXT ( 3 ) GLOBAL_UNCERTAINTY_ASSIGNED_CONTEXT ( ( #2483 ) ) GLOBAL_UNIT_ASSIGNED_CONTEXT ( ( #310, #10087, #5067 ) ) REPRESENTATION_CONTEXT ( 'NONE', 'WORKASPACE' ) );
#5501 = B_SPLINE_SURFACE_WITH_KNOTS ( 'NONE', 3, 1, ( 
 ( #984, #2435 ),
 ( #5707, #8309 ),
 ( #7453, #2598 ),
 ( #1789, #1632 ),
 ( #818, #4119 ),
 ( #8561, #9252 ),
 ( #2815, #1939 ),
 ( #6816, #4477 ),
 ( #9203, #1080 ),
 ( #1239, #2917 ),
 ( #5969, #1187 ),
 ( #7546, #6173 ),
 ( #6859, #10107 ),
 ( #3690, #5233 ),
 ( #8459, #8402 ),
 ( #2870, #3524 ),
 ( #6123, #4375 ),
 ( #7704, #7765 ),
 ( #9362, #329 ),
 ( #3748, #6966 ),
 ( #2047, #1140 ),
 ( #6071, #1025 ),
 ( #377, #282 ),
 ( #4427, #1886 ),
 ( #7608, #10216 ),
 ( #6762, #1999 ),
 ( #3585, #2762 ),
 ( #9310, #5334 ),
 ( #6913, #10165 ),
 ( #4323, #6015 ),
 ( #4538, #435 ),
 ( #7658, #3633 ),
 ( #1840, #214 ),
 ( #5287, #8506 ),
 ( #5137, #8354 ),
 ( #10008, #2709 ),
 ( #5180, #10059 ),
 ( #9412, #2463 ),
 ( #9525, #1350 ),
 ( #7820, #9475 ),
 ( #4091, #8125 ),
 ( #2409, #2099 ),
 ( #5447, #5388 ),
 ( #6518, #8624 ),
 ( #7018, #2213 ),
 ( #10265, #8725 ),
 ( #7256, #7308 ),
 ( #5491, #2164 ),
 ( #2972, #6224 ),
 ( #792, #8674 ),
 ( #3229, #10328 ),
 ( #10560, #4643 ),
 ( #7873, #1397 ),
 ( #4698, #536 ),
 ( #3847, #1306 ),
 ( #4597, #731 ),
 ( #7070, #482 ),
 ( #3795, #8906 ),
 ( #8062, #3035 ),
 ( #6278, #4037 ),
 ( #10516, #6469 ),
 ( #5677, #9712 ),
 ( #1591, #4900 ),
 ( #3280, #9758 ),
 ( #8437, #6888 ),
 ( #311, #2284 ),
 ( #9286, #10036 ),
 ( #7584, #1977 ),
 ( #2232, #2792 ),
 ( #9393, #4721 ),
 ( #1219, #6947 ),
 ( #6839, #5514 ),
 ( #1118, #4408 ),
 ( #8746, #1421 ),
 ( #2739, #4512 ),
 ( #5269, #6794 ),
 ( #617, #7639 ),
 ( #9230, #5997 ),
 ( #8491, #7954 ),
 ( #3610, #255 ),
 ( #3922, #1912 ),
 ( #10089, #7140 ),
 ( #8382, #6107 ),
 ( #10393, #1051 ),
 ( #5210, #3106 ),
 ( #1168, #6047 ),
 ( #2027, #2899 ),
 ( #4452, #7686 ),
 ( #5313, #355 ),
 ( #9346, #3663 ),
 ( #10141, #413 ),
 ( #2848, #7738 ),
 ( #6342, #8539 ),
 ( #3566, #9596 ),
 ( #3726, #4354 ),
 ( #10198, #6152 ),
 ( #7343, #8891 ),
 ( #1570, #1521 ),
 ( #6567, #7185 ),
 ( #9806, #4827 ),
 ( #4943, #883 ),
 ( #4077, #5620 ),
 ( #69, #5665 ),
 ( #7398, #8205 ),
 ( #10548, #4777 ),
 ( #829, #4021 ),
 ( #2390, #9652 ),
 ( #711, #3384 ),
 ( #10444, #5717 ),
 ( #8048, #6454 ),
 ( #9746, #5783 ),
 ( #9695, #8950 ),
 ( #3264, #2507 ),
 ( #668, #3163 ),
 ( #4886, #777 ),
 ( #4127, #8104 ),
 ( #2443, #1644 ),
 ( #7292, #8155 ),
 ( #9002, #6619 ),
 ( #9862, #1692 ),
 ( #5566, #8801 ),
 ( #11, #4997 ),
 ( #4178, #3317 ),
 ( #1474, #7235 ),
 ( #8003, #3970 ),
 ( #10501, #6396 ),
 ( #2341, #8843 ),
 ( #3218, #6501 ),
 ( #942, #5144 ),
 ( #6666, #9262 ),
 ( #1849, #9911 ),
 ( #4386, #7512 ),
 ( #5980, #2608 ),
 ( #4331, #1953 ),
 ( #3593, #5880 ),
 ( #3429, #8361 ),
 ( #1033, #994 ),
 ( #8319, #2555 ),
 ( #6868, #7555 ),
 ( #4242, #5244 ),
 ( #1147, #166 ),
 ( #4285, #1896 ),
 ( #5937, #9109 ),
 ( #8469, #9053 ),
 ( #1742, #10070 ),
 ( #6822, #2667 ),
 ( #125, #5097 ),
 ( #1798, #226 ),
 ( #3476, #5829 ),
 ( #6715, #7463 ),
 ( #5046, #9960 ),
 ( #8264, #6772 ),
 ( #9168, #5189 ),
 ( #2772, #3537 ),
 ( #10017, #6023 ),
 ( #2720, #9212 ),
 ( #8413, #4435 ),
 ( #1091, #7619 ),
 ( #289, #7666 ),
 ( #339, #3641 ),
 ( #391, #8512 ),
 ( #2881, #10120 ),
 ( #4549, #2112 ),
 ( #6183, #1195 ),
 ( #2059, #9538 ),
 ( #2828, #7831 ),
 ( #6289, #3914 ),
 ( #3704, #10338 ),
 ( #6979, #8571 ),
 ( #3807, #4658 ),
 ( #8683, #7027 ),
 ( #10226, #9422 ),
 ( #447, #4488 ),
 ( #7715, #546 ),
 ( #5402, #2984 ),
 ( #7082, #8634 ),
 ( #2009, #5502 ),
 ( #5297, #6086 ),
 ( #4609, #494 ),
 ( #1357, #2927 ),
 ( #1319, #6133 ),
 ( #7943, #8736 ),
 ( #7778, #6926 ),
 ( #1408, #9370 ),
 ( #10278, #10178 ),
 ( #4713, #6237 ),
 ( #609, #2224 ),
 ( #9488, #9323 ),
 ( #5459, #1252 ),
 ( #2177, #5343 ),
 ( #3757, #7887 ),
 ( #3859, #3047 ),
 ( #2271, #816 ),
 ( #2381, #8144 ) ),
 .UNSPECIFIED., .F., .F., .F.,
 ( 4, 2, 2, 2, 2, 2, 2, 2, 2, 2, 2, 2, 2, 2, 2, 2, 2, 2, 2, 2, 2, 2, 2, 2, 2, 2, 2, 2, 2, 2, 2, 2, 2, 2, 2, 2, 2, 2, 2, 2, 2, 2, 2, 2, 2, 2, 2, 2, 2, 2, 2, 2, 2, 2, 2, 2, 2, 2, 2, 2, 2, 2, 2, 2, 2, 2, 2, 2, 2, 2, 2, 2, 2, 2, 2, 2, 2, 2, 2, 2, 2, 2, 2, 2, 2, 2, 2, 2, 2, 2, 2, 2, 2, 2, 2, 2, 4 ),
 ( 2, 2 ),
 ( 0.0000000000000000000, 0.01052513428086159983, 0.02105026856172309904, 0.03157540284258469887, 0.04210053712344630217, 0.05262567140430789853, 0.06315080568516939774, 0.07367593996603100104, 0.08420107424689260434, 0.09472620852775419376, 0.1052513428086160052, 0.1157764770894769979, 0.1263016113703389898, 0.1368267456512000102, 0.1473518799320620021, 0.1578770142129239940, 0.1684021484937849866, 0.1789272827746470063, 0.1894524170555079989, 0.1999775513363699908, 0.2105026856172310112, 0.2210278198980930031, 0.2315529541789549950, 0.2420780884598159877, 0.2526032227406779795, 0.2631283570215390277, 0.2736534913024010196, 0.2841786255832630115, 0.2947037598641240042, 0.3052288941449859960, 0.3157540284258469887, 0.3262791627067089806, 0.3368042969875699733, 0.3473294312684320206, 0.3578545655492940125, 0.3683796998301550052, 0.3789048341110169971, 0.3894299683918779897, 0.3999551026727399816, 0.4104802369536009743, 0.4210053712344630217, 0.4315305055153250136, 0.4420556397961860062, 0.4525807740770479981, 0.4631059083579089908, 0.4736310426387709827, 0.4841561769196319753, 0.4946813112004940227, 0.5052064454813559591, 0.5157315797622169518, 0.5262567140430790547, 0.5367818483239400473, 0.5473069826048020392, 0.5578321168856630319, 0.5683572511665250238, 0.5788823854473870156, 0.5894075197282480083, 0.5999326540091100002, 0.6104577882899709929, 0.6209829225708329847, 0.6315080568516939774, 0.6420331911325559693, 0.6525583254134179612, 0.6630834596942789538, 0.6736085939751409457, 0.6841337282560020494, 0.6946588625368640413, 0.7051839968177250340, 0.7157091310985870258, 0.7262342653794490177, 0.7367593996603100104, 0.7472845339411720023, 0.7578096682220329949, 0.7683348025028949868, 0.7788599367837559795, 0.7893850710646179714, 0.7999102053454799632, 0.8104353396263409559, 0.8209604739072029478, 0.8314856081880640515, 0.8420107424689260434, 0.8525358767497870360, 0.8630610110306490279, 0.8735861453115110198, 0.8841112795923720125, 0.8946364138732340043, 0.9051615481540949970, 0.9156866824349569889, 0.9262118167158189808, 0.9367369509966799734, 0.9472620852775419653, 0.9577872195584029580, 0.9683123538392649499, 0.9788374881201260536, 0.9893626224009880454, 0.9998877566818490381, 1.000000000000000000 ),
 ( 0.9397532966978755509, 1.000000000000027756 ),
 .UNSPECIFIED. ) ;
#5502 = CARTESIAN_POINT ( 'NONE',  ( 7.008200274894387682, 11.49985476181183230, 9.183359049252677764 ) ) ;
#5503 = EDGE_CURVE ( 'NONE', #8962, #90, #5048, .T. ) ;
#5504 = MECHANICAL_DESIGN_GEOMETRIC_PRESENTATION_REPRESENTATION (  '', ( #4145 ), #3626 ) ;
#5505 = DIRECTION ( 'NONE',  ( 0.9578262852211510969, 0.0000000000000000000, 0.2873478855663461617 ) ) ;
#5506 = ADVANCED_FACE ( 'NONE', ( #2558 ), #7345, .F. ) ;
#5507 = FILL_AREA_STYLE ('',( #9540 ) ) ;
#5508 = ORIENTED_EDGE ( 'NONE', *, *, #657, .T. ) ;
#5509 = SURFACE_STYLE_FILL_AREA ( #3916 ) ;
#5510 = CARTESIAN_POINT ( 'NONE',  ( 1.900000000000005018, 17.07426406871192981, 9.970000000000000639 ) ) ;
#5511 =( NAMED_UNIT ( * ) PLANE_ANGLE_UNIT ( ) SI_UNIT ( $, .RADIAN. ) );
#5512 = DIRECTION ( 'NONE',  ( 1.000000000000000000, 0.0000000000000000000, 0.0000000000000000000 ) ) ;
#5513 = CARTESIAN_POINT ( 'NONE',  ( 8.250000000000000000, 21.69999999999999929, 10.53547594742270022 ) ) ;
#5514 = CARTESIAN_POINT ( 'NONE',  ( 5.783599450211192483, 14.77068809514516801, 6.226020063032077445 ) ) ;
#5515 = DIRECTION ( 'NONE',  ( 0.5547001962252287033, 0.0000000000000000000, -0.8320502943378438321 ) ) ;
#5516 = PRESENTATION_STYLE_ASSIGNMENT (( #9546 ) ) ;
#5518 = EDGE_LOOP ( 'NONE', ( #1404, #1581, #32, #1790, #1986, #3193 ) ) ;
#5517 = CARTESIAN_POINT ( 'NONE',  ( 5.783599450211225346, 11.77068809514516623, -1.393979936967938649 ) ) ;
#5519 = ORIENTED_EDGE ( 'NONE', *, *, #9255, .T. ) ;
#5520 = EDGE_LOOP ( 'NONE', ( #7218, #6313, #9269, #2697 ) ) ;
#5521 = LINE ( 'NONE', #3011, #4921 ) ;
#5522 = CARTESIAN_POINT ( 'NONE',  ( 8.249999999999996447, 21.47973555010822011, -2.914913629803300932 ) ) ;
#5523 =( NAMED_UNIT ( * ) SI_UNIT ( $, .STERADIAN. ) SOLID_ANGLE_UNIT ( ) );
#5524 = VECTOR ( 'NONE', #2902, 1000.000000000000000 ) ;
#5525 = PRESENTATION_STYLE_ASSIGNMENT (( #10252 ) ) ;
#5526 = FACE_OUTER_BOUND ( 'NONE', #7019, .T. ) ;
#5528 = ORIENTED_EDGE ( 'NONE', *, *, #3559, .T. ) ;
#5527 = CARTESIAN_POINT ( 'NONE',  ( 8.163359049252658650, 14.58318809514516445, 0.4082002748944045245 ) ) ;
#5529 = CARTESIAN_POINT ( 'NONE',  ( 6.600000000000001421, 17.27092694212328183, -5.270730784922055712 ) ) ;
#5530 = AXIS2_PLACEMENT_3D ( 'NONE', #4816, #7383, #1836 ) ;
#5531 = CARTESIAN_POINT ( 'NONE',  ( 8.163359049252656874, 11.62485476181183053, -0.4082002748944147386 ) ) ;
#5532 = CARTESIAN_POINT ( 'NONE',  ( 6.199999999999999289, 17.94999999999240714, 2.266761713739205764 ) ) ;
#5533 = SURFACE_SIDE_STYLE ('',( #6364 ) ) ;
#5534 = DIRECTION ( 'NONE',  ( -0.0000000000000000000, -0.0000000000000000000, -1.000000000000000000 ) ) ;
#5535 = PRESENTATION_LAYER_ASSIGNMENT (  '', '', ( #5881 ) ) ;
#5536 = COLOUR_RGB ( '',0.2862745098039215508, 0.6431372549019607199, 0.8666666666666666963 ) ;
#5537 = CARTESIAN_POINT ( 'NONE',  ( 7.008200274894384130, 15.49985476181183230, 9.183359049252670658 ) ) ;
#5538 = CARTESIAN_POINT ( 'NONE',  ( 0.0000000000000000000, 0.0000000000000000000, -10.82999999999999652 ) ) ;
#5539 = VECTOR ( 'NONE', #8098, 1000.000000000000000 ) ;
#5540 = CARTESIAN_POINT ( 'NONE',  ( 6.295122679594223669, 12.02138873565663424, 6.452355715851493478 ) ) ;
#5541 = ORIENTED_EDGE ( 'NONE', *, *, #1875, .T. ) ;
#5542 = VECTOR ( 'NONE', #8758, 1000.000000000000000 ) ;
#5543 =( NAMED_UNIT ( * ) SI_UNIT ( $, .STERADIAN. ) SOLID_ANGLE_UNIT ( ) );
#5544 =( NAMED_UNIT ( * ) SI_UNIT ( $, .STERADIAN. ) SOLID_ANGLE_UNIT ( ) );
#5545 = FILL_AREA_STYLE_COLOUR ( '', #266 ) ;
#5546 = CARTESIAN_POINT ( 'NONE',  ( 7.000000000000000000, 17.94999999999108553, 2.266761713739300355 ) ) ;
#5547 = CARTESIAN_POINT ( 'NONE',  ( 10.28129613775407059, 18.65697564737698855, 9.301157649619760548 ) ) ;
#5548 = CARTESIAN_POINT ( 'NONE',  ( 7.993979936967930300, 15.14568809514516268, -8.436400549788782399 ) ) ;
#5549 = ORIENTED_EDGE ( 'NONE', *, *, #1616, .F. ) ;
#5550 = CARTESIAN_POINT ( 'NONE',  ( 5.206020063032076095, 14.31235476181183230, -0.8164005497888079388 ) ) ;
#5551 = AXIS2_PLACEMENT_3D ( 'NONE', #3376, #4122, #2661 ) ;
#5552 = CARTESIAN_POINT ( 'NONE',  ( 6.599999999999999645, 17.19999999999999929, -7.620000000000000107 ) ) ;
#5553 = FACE_OUTER_BOUND ( 'NONE', #3596, .T. ) ;
#5555 = EDGE_CURVE ( 'NONE', #9777, #1545, #885, .T. ) ;
#5554 =( GEOMETRIC_REPRESENTATION_CONTEXT ( 3 ) GLOBAL_UNCERTAINTY_ASSIGNED_CONTEXT ( ( #6328 ) ) GLOBAL_UNIT_ASSIGNED_CONTEXT ( ( #4959, #2521, #6466 ) ) REPRESENTATION_CONTEXT ( 'NONE', 'WORKASPACE' ) );
#5556 = AXIS2_PLACEMENT_3D ( 'NONE', #9752, #10511, #5793 ) ;
#5557 = AXIS2_PLACEMENT_3D ( 'NONE', #97, #142, #911 ) ;
#5558 = CARTESIAN_POINT ( 'NONE',  ( 6.200000000000201794, 18.73234883560326836, -5.446108717282499789 ) ) ;
#5559 = ORIENTED_EDGE ( 'NONE', *, *, #2285, .T. ) ;
#5560 = CARTESIAN_POINT ( 'NONE',  ( 0.0000000000000000000, 11.00000000000000000, -5.919999999999999929 ) ) ;
#5561 = PRESENTATION_LAYER_ASSIGNMENT (  '', '', ( #227 ) ) ;
#5562 = MECHANICAL_DESIGN_GEOMETRIC_PRESENTATION_REPRESENTATION (  '', ( #4199 ), #6734 ) ;
#5563 = ADVANCED_FACE ( 'NONE', ( #5938 ), #10058, .T. ) ;
#5564 = DIRECTION ( 'NONE',  ( 1.192092219436216154E-16, 0.2290393337206127755, -0.9734171683347371262 ) ) ;
#5565 = ADVANCED_FACE ( 'NONE', ( #4129 ), #8266, .F. ) ;
#5566 = CARTESIAN_POINT ( 'NONE',  ( 6.191799725105581409, 12.76814494388263022, 6.056640950747340213 ) ) ;
#5567 =( BOUNDED_CURVE ( )  B_SPLINE_CURVE ( 3, ( #3990, #1715, #94, #687 ),
 .UNSPECIFIED., .F., .T. ) 
 B_SPLINE_CURVE_WITH_KNOTS ( ( 4, 4 ),
 ( 0.0000000000000000000, 1.000000000000000000 ),
 .UNSPECIFIED. ) 
 CURVE ( )  GEOMETRIC_REPRESENTATION_ITEM ( )  RATIONAL_B_SPLINE_CURVE ( ( 1.000000000000000000, 0.4572150582541681385, 0.4572150582541681385, 1.000000000000000000 ) ) 
 REPRESENTATION_ITEM ( '' )  );
#5568 =( GEOMETRIC_REPRESENTATION_CONTEXT ( 3 ) GLOBAL_UNCERTAINTY_ASSIGNED_CONTEXT ( ( #4542 ) ) GLOBAL_UNIT_ASSIGNED_CONTEXT ( ( #4423, #1232, #6698 ) ) REPRESENTATION_CONTEXT ( 'NONE', 'WORKASPACE' ) );
#5569 =( GEOMETRIC_REPRESENTATION_CONTEXT ( 3 ) GLOBAL_UNCERTAINTY_ASSIGNED_CONTEXT ( ( #2714 ) ) GLOBAL_UNIT_ASSIGNED_CONTEXT ( ( #961, #3230, #10081 ) ) REPRESENTATION_CONTEXT ( 'NONE', 'WORKASPACE' ) );
#5570 = AXIS2_PLACEMENT_3D ( 'NONE', #9493, #613, #2181 ) ;
#5571 = UNCERTAINTY_MEASURE_WITH_UNIT (LENGTH_MEASURE( 1.000000000000000082E-05 ), #4008, 'distance_accuracy_value', 'NONE');
#5572 = FILL_AREA_STYLE ('',( #2290 ) ) ;
#5573 = EDGE_CURVE ( 'NONE', #7353, #10289, #10018, .T. ) ;
#5574 =( LENGTH_UNIT ( ) NAMED_UNIT ( * ) SI_UNIT ( .MILLI., .METRE. ) );
#5575 = STYLED_ITEM ( 'NONE', ( #2207 ), #8889 ) ;
#5577 = ORIENTED_EDGE ( 'NONE', *, *, #7291, .T. ) ;
#5576 = CARTESIAN_POINT ( 'NONE',  ( 5.558861877317078815, 11.66722206898996816, 0.6097546408115976924 ) ) ;
#5578 = ORIENTED_EDGE ( 'NONE', *, *, #6938, .F. ) ;
#5579 = PRODUCT_RELATED_PRODUCT_CATEGORY ( 'part', '', ( #4747 ) ) ;
#5580 = DIRECTION ( 'NONE',  ( 0.0000000000000000000, 0.0000000000000000000, 1.000000000000000000 ) ) ;
#5581 = DIRECTION ( 'NONE',  ( 8.542704228793731608E-18, -0.9975640502599734116, 0.06975647374199234196 ) ) ;
#5582 = VECTOR ( 'NONE', #5251, 1000.000000000000000 ) ;
#5583 = CARTESIAN_POINT ( 'NONE',  ( 12.59999999999999964, 0.9000000000000052403, -4.410000000000001030 ) ) ;
#5584 = CARTESIAN_POINT ( 'NONE',  ( 8.161082254071951425, 21.61324579389246736, -10.48315427262366484 ) ) ;
#5585 = DIRECTION ( 'NONE',  ( 0.0000000000000000000, 1.000000000000000000, 0.0000000000000000000 ) ) ;
#5586 = ADVANCED_FACE ( 'NONE', ( #1093 ), #10121, .T. ) ;
#5587 = CARTESIAN_POINT ( 'NONE',  ( 5.990245359188441476, 11.70888873565663246, -6.578861877317063289 ) ) ;
#5589 = EDGE_LOOP ( 'NONE', ( #5037, #2853, #1493, #4737 ) ) ;
#5588 = CARTESIAN_POINT ( 'NONE',  ( 6.904877320405796937, 14.77138873565663424, 1.167644284148494194 ) ) ;
#5590 = CARTESIAN_POINT ( 'NONE',  ( 7.209754640811558701, 11.95888873565663424, -8.661138122682933371 ) ) ;
#5591 = DIRECTION ( 'NONE',  ( -0.0000000000000000000, 0.0000000000000000000, 1.000000000000000000 ) ) ;
#5592 = VECTOR ( 'NONE', #8567, 1000.000000000000000 ) ;
#5593 = VECTOR ( 'NONE', #4986, 1000.000000000000000 ) ;
#5594 = PLANE ( 'NONE',  #7682 ) ;
#5595 = CARTESIAN_POINT ( 'NONE',  ( 6.599999999999999645, 17.94999999998481144, -7.620000000000000107 ) ) ;
#5596 = CARTESIAN_POINT ( 'NONE',  ( 1.853589838486222829, 11.50000000000000355, -12.02999999999999936 ) ) ;
#5597 = DIRECTION ( 'NONE',  ( 1.000000000000000000, -0.0000000000000000000, 0.0000000000000000000 ) ) ;
#5598 = CARTESIAN_POINT ( 'NONE',  ( 5.783599450211192483, 15.93735476181183053, 9.013979936967922768 ) ) ;
#5599 = CARTESIAN_POINT ( 'NONE',  ( 10.28129613775429974, 18.65697564737697434, -9.301157649620117596 ) ) ;
#5600 = CARTESIAN_POINT ( 'NONE',  ( 7.641138122682933798, 12.41722206898996106, 7.010245359188430392 ) ) ;
#5601 = ORIENTED_EDGE ( 'NONE', *, *, #8798, .T. ) ;
#5602 = CARTESIAN_POINT ( 'NONE',  ( 5.783599450211183601, 13.95564494388262844, -6.226020063032076557 ) ) ;
#5603 =( NAMED_UNIT ( * ) SI_UNIT ( $, .STERADIAN. ) SOLID_ANGLE_UNIT ( ) );
#5604 = EDGE_CURVE ( 'NONE', #3482, #8460, #1099, .T. ) ;
#5605 = ORIENTED_EDGE ( 'NONE', *, *, #6187, .T. ) ;
#5606 = UNCERTAINTY_MEASURE_WITH_UNIT (LENGTH_MEASURE( 1.000000000000000082E-05 ), #2355, 'distance_accuracy_value', 'NONE');
#5607 = CARTESIAN_POINT ( 'NONE',  ( 6.599999999999999645, 17.19999999999999929, -7.620000000000000107 ) ) ;
#5608 = SURFACE_STYLE_FILL_AREA ( #9732 ) ;
#5609 = CARTESIAN_POINT ( 'NONE',  ( 5.783599450211220017, 15.43735476181183408, -6.226020063032068563 ) ) ;
#5610 = CARTESIAN_POINT ( 'NONE',  ( 7.416400549788777496, 14.02068809514516445, 1.393979936967939759 ) ) ;
#5611 = SURFACE_SIDE_STYLE ('',( #4711 ) ) ;
#5612 = LINE ( 'NONE', #1559, #4729 ) ;
#5613 = CARTESIAN_POINT ( 'NONE',  ( 7.500000000000000000, 1.549999999999990052, -0.5000000000000000000 ) ) ;
#5614 = DIRECTION ( 'NONE',  ( -1.000000000000000000, 0.0000000000000000000, 0.0000000000000000000 ) ) ;
#5615 = EDGE_LOOP ( 'NONE', ( #6001, #5977, #3092, #10149 ) ) ;
#5616 = CARTESIAN_POINT ( 'NONE',  ( 6.599999999999999645, 17.25000000000000000, 0.0000000000000000000 ) ) ;
#5617 = FACE_OUTER_BOUND ( 'NONE', #8808, .T. ) ;
#5618 = CARTESIAN_POINT ( 'NONE',  ( 6.599999999999999645, 17.19999999999999929, 0.0000000000000000000 ) ) ;
#5619 = DIRECTION ( 'NONE',  ( -1.000000000000000000, -0.0000000000000000000, -0.0000000000000000000 ) ) ;
#5620 = CARTESIAN_POINT ( 'NONE',  ( 5.036640950747339751, 13.83318809514516623, 7.211799725105590753 ) ) ;
#5621 = SURFACE_SIDE_STYLE ('',( #4022 ) ) ;
#5622 = AXIS2_PLACEMENT_3D ( 'NONE', #2800, #2855, #1921 ) ;
#5623 = EDGE_CURVE ( 'NONE', #7037, #4798, #236, .T. ) ;
#5624 = CARTESIAN_POINT ( 'NONE',  ( 7.000000000000000000, 17.94999999999240714, -9.886761713732633794 ) ) ;
#5626 = ORIENTED_EDGE ( 'NONE', *, *, #2344, .F. ) ;
#5625 = CARTESIAN_POINT ( 'NONE',  ( 6.599999999999997868, 17.27092694212337776, 5.270730784922062817 ) ) ;
#5627 = VERTEX_POINT ( 'NONE', #10181 ) ;
#5628 = CARTESIAN_POINT ( 'NONE',  ( 4.099999999999999645, 17.02352941176470580, -7.620000000000000107 ) ) ;
#5629 = CARTESIAN_POINT ( 'NONE',  ( 8.299999999999998934, -4.750000000000000000, 7.919999999999999929 ) ) ;
#5630 = FACE_OUTER_BOUND ( 'NONE', #1893, .T. ) ;
#5631 = CARTESIAN_POINT ( 'NONE',  ( 0.0000000000000000000, 0.0000000000000000000, 10.83000000000000007 ) ) ;
#5632 = EDGE_CURVE ( 'NONE', #1332, #7353, #2380, .T. ) ;
#5633 = DIRECTION ( 'NONE',  ( -0.0000000000000000000, -1.000000000000000000, -0.0000000000000000000 ) ) ;
#5634 = CARTESIAN_POINT ( 'NONE',  ( 4.099999999999999645, 17.02352941176470580, 0.0000000000000000000 ) ) ;
#5635 = EDGE_CURVE ( 'NONE', #2698, #20, #7236, .T. ) ;
#5636 = CARTESIAN_POINT ( 'NONE',  ( 7.008200274894411663, 12.22647827721596947, -9.183359049252661777 ) ) ;
#5637 = CARTESIAN_POINT ( 'NONE',  ( 6.599999999999999645, 17.02352941175888645, -10.12000000004629285 ) ) ;
#5639 = ORIENTED_EDGE ( 'NONE', *, *, #836, .T. ) ;
#5638 = CARTESIAN_POINT ( 'NONE',  ( 5.558861877317079703, 15.16722206898997172, 0.6097546408115888106 ) ) ;
#5640 = DIRECTION ( 'NONE',  ( 0.0000000000000000000, -1.000000000000000000, 0.0000000000000000000 ) ) ;
#5641 = CARTESIAN_POINT ( 'NONE',  ( 6.237086085741530894, 18.65697564737530101, -5.397082634001886703 ) ) ;
#5642 = CARTESIAN_POINT ( 'NONE',  ( 6.409950764738463036, 16.96934761898564403, 1.563359049252670108 ) ) ;
#5643 = FILL_AREA_STYLE_COLOUR ( '', #8953 ) ;
#5644 = CARTESIAN_POINT ( 'NONE',  ( 5.783599450211217352, 15.77068809514516445, 6.226020063032068563 ) ) ;
#5645 = CARTESIAN_POINT ( 'NONE',  ( 10.20877607586323776, 18.75000000000000000, -9.268039516159257474 ) ) ;
#5646 = CARTESIAN_POINT ( 'NONE',  ( 8.163359049252655097, 11.08318809514513248, 8.028200274894409461 ) ) ;
#5647 = EDGE_LOOP ( 'NONE', ( #8871, #8215, #1779, #7692, #839, #9839 ) ) ;
#5648 = EDGE_LOOP ( 'NONE', ( #9484, #6199, #3169, #7457 ) ) ;
#5649 = CARTESIAN_POINT ( 'NONE',  ( 8.163359049252660427, 13.10147827721596947, -7.211799725105594305 ) ) ;
#5650 =( NAMED_UNIT ( * ) SI_UNIT ( $, .STERADIAN. ) SOLID_ANGLE_UNIT ( ) );
#5651 = CARTESIAN_POINT ( 'NONE',  ( 9.340255510989965870, 21.69999999999999929, -8.988833193786119224 ) ) ;
#5652 = CARTESIAN_POINT ( 'NONE',  ( 5.206020063032084977, 15.39568809514516978, -6.803599450211184063 ) ) ;
#5653 = CARTESIAN_POINT ( 'NONE',  ( 7.993979936967933853, 13.14568809514516978, -0.8164005497887842910 ) ) ;
#5654 = SURFACE_STYLE_FILL_AREA ( #9735 ) ;
#5655 =( NAMED_UNIT ( * ) SI_UNIT ( $, .STERADIAN. ) SOLID_ANGLE_UNIT ( ) );
#5656 = EDGE_CURVE ( 'NONE', #6083, #2032, #4489, .T. ) ;
#5657 = LINE ( 'NONE', #4874, #951 ) ;
#5658 = PLANE ( 'NONE',  #8790 ) ;
#5659 = ORIENTED_EDGE ( 'NONE', *, *, #6457, .F. ) ;
#5660 = CARTESIAN_POINT ( 'NONE',  ( 8.163359049252678190, 11.10147827721596769, -7.211799725105638714 ) ) ;
#5661 = PRESENTATION_STYLE_ASSIGNMENT (( #2386 ) ) ;
#5662 = CARTESIAN_POINT ( 'NONE',  ( 10.03031986140680942, 18.75000000000000711, 9.162016754626360893 ) ) ;
#5663 = CARTESIAN_POINT ( 'NONE',  ( 6.199999999999999289, 18.75000000000000000, 2.115099840886189408 ) ) ;
#5664 = CARTESIAN_POINT ( 'NONE',  ( 5.783599450211211135, 15.95564494388263022, 1.393979936967928879 ) ) ;
#5665 = CARTESIAN_POINT ( 'NONE',  ( 5.206020063032061884, 13.81235476181183230, 6.803599450211224031 ) ) ;
#5666 = VECTOR ( 'NONE', #1473, 1000.000000000000000 ) ;
#5667 = DIRECTION ( 'NONE',  ( -0.4823445772640527207, -0.4938289719608157657, 0.7235168658960798860 ) ) ;
#5668 = UNCERTAINTY_MEASURE_WITH_UNIT (LENGTH_MEASURE( 1.000000000000000082E-05 ), #9995, 'distance_accuracy_value', 'NONE');
#5669 = PRESENTATION_STYLE_ASSIGNMENT (( #4185 ) ) ;
#5671 = ORIENTED_EDGE ( 'NONE', *, *, #2200, .F. ) ;
#5670 = CARTESIAN_POINT ( 'NONE',  ( 7.767644284148507161, 10.89638873565665733, -0.3048773204057749764 ) ) ;
#5672 = ORIENTED_EDGE ( 'NONE', *, *, #110, .F. ) ;
#5673 = VERTEX_POINT ( 'NONE', #5405 ) ;
#5674 = ADVANCED_FACE ( 'NONE', ( #8637 ), #565, .T. ) ;
#5675 = CARTESIAN_POINT ( 'NONE',  ( 4.099999999999999645, 21.69999999999999929, 0.0000000000000000000 ) ) ;
#5676 = PLANE ( 'NONE',  #3478 ) ;
#5677 = CARTESIAN_POINT ( 'NONE',  ( 8.163359049252667532, 14.60147827721596236, 8.028200274894377486 ) ) ;
#5678 = CARTESIAN_POINT ( 'NONE',  ( 6.199999999999999289, 18.18565895348270089, -5.369971768774863818 ) ) ;
#5680 = EDGE_LOOP ( 'NONE', ( #1753, #1714, #8135, #6572 ) ) ;
#5679 = CARTESIAN_POINT ( 'NONE',  ( 5.558861877317071709, 14.16722206898996284, 0.6097546408115642746 ) ) ;
#5681 = CARTESIAN_POINT ( 'NONE',  ( 7.993979936967890332, 11.06235476181174526, -6.803599450211189392 ) ) ;
#5682 = EDGE_CURVE ( 'NONE', #3495, #9461, #4014, .T. ) ;
#5683 = CARTESIAN_POINT ( 'NONE',  ( 2.099999999999999201, 9.400000000000009237, 208.7460000000000093 ) ) ;
#5684 = CARTESIAN_POINT ( 'NONE',  ( 6.244235344735479032, 18.75000000000000000, -9.799126782756149012 ) ) ;
#5685 =( NAMED_UNIT ( * ) PLANE_ANGLE_UNIT ( ) SI_UNIT ( $, .RADIAN. ) );
#5686 = ADVANCED_FACE ( 'NONE', ( #9644, #1361, #4771 ), #2226, .T. ) ;
#5687 =( NAMED_UNIT ( * ) SI_UNIT ( $, .STERADIAN. ) SOLID_ANGLE_UNIT ( ) );
#5688 = CARTESIAN_POINT ( 'NONE',  ( 6.295122679594204129, 15.52138873565663424, 6.452355715851507689 ) ) ;
#5689 = SURFACE_SIDE_STYLE ('',( #6477 ) ) ;
#5690 = CARTESIAN_POINT ( 'NONE',  ( 5.990245359188441476, 11.54222206898996284, 6.578861877317058848 ) ) ;
#5691 = ORIENTED_EDGE ( 'NONE', *, *, #8613, .F. ) ;
#5692 = CARTESIAN_POINT ( 'NONE',  ( 5.783599450211189819, 13.28897827721596236, -9.013979936967915663 ) ) ;
#5693 = CARTESIAN_POINT ( 'NONE',  ( 10.81254805334781643, 21.70000000000000639, -6.055797455212260871 ) ) ;
#5694 = UNCERTAINTY_MEASURE_WITH_UNIT (LENGTH_MEASURE( 1.000000000000000082E-05 ), #3200, 'distance_accuracy_value', 'NONE');
#5695 = SURFACE_SIDE_STYLE ('',( #866 ) ) ;
#5696 = CARTESIAN_POINT ( 'NONE',  ( 6.191799725105592955, 11.74985476181183408, -9.183359049252658224 ) ) ;
#5697 = SURFACE_STYLE_FILL_AREA ( #4003 ) ;
#5698 = CARTESIAN_POINT ( 'NONE',  ( 7.209754640811581794, 14.95888873565663246, -8.661138122682924489 ) ) ;
#5699 = CARTESIAN_POINT ( 'NONE',  ( 7.416400549788780161, 13.68735476181183053, -1.393979936967931765 ) ) ;
#5700 = CARTESIAN_POINT ( 'NONE',  ( 5.166026947534828828, 21.69032366726161598, 4.832926067617187904 ) ) ;
#5701 = B_SPLINE_CURVE_WITH_KNOTS ( 'NONE', 3,
 ( #1734, #4168, #6659, #5773 ),
 .UNSPECIFIED., .F., .F.,
 ( 4, 4 ),
 ( 0.0000000000000000000, 0.004887270908133792106 ),
 .UNSPECIFIED. ) ;
#5702 = DIRECTION ( 'NONE',  ( -1.000000000000000000, 0.0000000000000000000, -1.224646799147353207E-16 ) ) ;
#5703 = DIRECTION ( 'NONE',  ( 0.4736042662767661060, 0.8807377583392493881, 0.0000000000000000000 ) ) ;
#5704 = CIRCLE ( 'NONE', #8751, 0.2999999999999999334 ) ;
#5705 = DIRECTION ( 'NONE',  ( 0.0000000000000000000, -0.9975640502599734116, -0.06975647374199234196 ) ) ;
#5706 = VECTOR ( 'NONE', #7630, 1000.000000000000000 ) ;
#5707 = CARTESIAN_POINT ( 'NONE',  ( 6.190713557995390026, 16.47647827721599967, 9.183359049252670658 ) ) ;
#5708 = EDGE_LOOP ( 'NONE', ( #9550, #2937, #4676, #2727 ) ) ;
#5709 = VECTOR ( 'NONE', #647, 1000.000000000000114 ) ;
#5710 = CARTESIAN_POINT ( 'NONE',  ( 7.993979936967921418, 12.14568809514516623, -8.436400549788814374 ) ) ;
#5711 = CARTESIAN_POINT ( 'NONE',  ( 6.599999999999999645, 17.07426406871192981, -5.269999999999999574 ) ) ;
#5712 = CONICAL_SURFACE ( 'NONE', #5551, 2.500000000046293192, 1.339705659604068844 ) ;
#5713 = EDGE_CURVE ( 'NONE', #4612, #4298, #10144, .T. ) ;
#5714 = MECHANICAL_DESIGN_GEOMETRIC_PRESENTATION_REPRESENTATION (  '', ( #2132 ), #403 ) ;
#5715 = MECHANICAL_DESIGN_GEOMETRIC_PRESENTATION_REPRESENTATION (  '', ( #196 ), #9437 ) ;
#5716 = CARTESIAN_POINT ( 'NONE',  ( 7.993979936967926747, 16.64568809514516090, -0.8164005497887922846 ) ) ;
#5717 = CARTESIAN_POINT ( 'NONE',  ( 8.163359049252660427, 13.62485476181183586, 7.211799725105585424 ) ) ;
#5718 = FACE_OUTER_BOUND ( 'NONE', #381, .T. ) ;
#5719 = VECTOR ( 'NONE', #1658, 1000.000000000000000 ) ;
#5720 =( LENGTH_UNIT ( ) NAMED_UNIT ( * ) SI_UNIT ( .MILLI., .METRE. ) );
#5721 = STYLED_ITEM ( 'NONE', ( #631 ), #1309 ) ;
#5722 = DIRECTION ( 'NONE',  ( 0.0000000000000000000, -0.0000000000000000000, 1.000000000000000000 ) ) ;
#5723 = VECTOR ( 'NONE', #143, 1000.000000000000000 ) ;
#5724 = FILL_AREA_STYLE_COLOUR ( '', #1969 ) ;
#5725 = DIRECTION ( 'NONE',  ( -1.000000000000000000, 0.0000000000000000000, 0.0000000000000000000 ) ) ;
#5727 = ORIENTED_EDGE ( 'NONE', *, *, #3074, .F. ) ;
#5726 = CARTESIAN_POINT ( 'NONE',  ( 5.432355715851491240, 11.14638873565663069, 0.3048773204057754760 ) ) ;
#5728 = ORIENTED_EDGE ( 'NONE', *, *, #10034, .T. ) ;
#5729 = ORIENTED_EDGE ( 'NONE', *, *, #4011, .F. ) ;
#5730 = AXIS2_PLACEMENT_3D ( 'NONE', #1407, #3095, #7176 ) ;
#5731 = CARTESIAN_POINT ( 'NONE',  ( 1.499999999999971356, 4.185714285714256633, -5.020000000000008455 ) ) ;
#5732 = LINE ( 'NONE', #7252, #45 ) ;
#5733 = SURFACE_SIDE_STYLE ('',( #6678 ) ) ;
#5734 =( LENGTH_UNIT ( ) NAMED_UNIT ( * ) SI_UNIT ( .MILLI., .METRE. ) );
#5735 = CARTESIAN_POINT ( 'NONE',  ( 6.599999999999999645, 17.27092694212258550, -2.349269215077992357 ) ) ;
#5736 = PRESENTATION_LAYER_ASSIGNMENT (  '', '', ( #943 ) ) ;
#5737 = CIRCLE ( 'NONE', #3529, 2.349269215077949724 ) ;
#5738 = VECTOR ( 'NONE', #5907, 1000.000000000000000 ) ;
#5739 = VECTOR ( 'NONE', #8170, 1000.000000000000000 ) ;
#5740 = CARTESIAN_POINT ( 'NONE',  ( 7.000000000000000000, 18.18565895348281458, 5.369971768776306220 ) ) ;
#5742 = ORIENTED_EDGE ( 'NONE', *, *, #10095, .F. ) ;
#5741 = CARTESIAN_POINT ( 'NONE',  ( 8.163359049252674637, 14.08318809514516623, 0.4082002748943676096 ) ) ;
#5743 = CARTESIAN_POINT ( 'NONE',  ( 7.416400549788761509, 11.18735476181183053, -9.013979936967944084 ) ) ;
#5744 = CARTESIAN_POINT ( 'NONE',  ( 7.993979936967921418, 12.56235476181183053, -6.803599450211196498 ) ) ;
#5745 = ORIENTED_EDGE ( 'NONE', *, *, #167, .T. ) ;
#5746 = ORIENTED_EDGE ( 'NONE', *, *, #7891, .F. ) ;
#5747 = LINE ( 'NONE', #8975, #71 ) ;
#5748 = B_SPLINE_CURVE_WITH_KNOTS ( 'NONE', 3,
 ( #10261, #5487, #1393, #3899, #8824, #2965, #6219, #10373, #10323, #7118, #6319, #9568, #4755, #741, #802 ),
 .UNSPECIFIED., .F., .F.,
 ( 4, 2, 2, 1, 2, 2, 2, 4 ),
 ( 0.0000000000000000000, 0.2500000000001042499, 0.3750000000001575406, 0.4375000000001933453, 0.4687500000002012834, 0.5000000000002092770, 0.7500000000001046940, 1.000000000000000000 ),
 .UNSPECIFIED. ) ;
#5749 = STYLED_ITEM ( 'NONE', ( #8381 ), #8994 ) ;
#5750 = PRESENTATION_STYLE_ASSIGNMENT (( #4209 ) ) ;
#5751 = COLOUR_RGB ( '',0.2862745098039215508, 0.6431372549019607199, 0.8666666666666666963 ) ;
#5752 = CARTESIAN_POINT ( 'NONE',  ( 7.209754640811581794, 13.95888873565663779, 6.578861877317081053 ) ) ;
#5753 = FILL_AREA_STYLE ('',( #8919 ) ) ;
#5754 = STYLED_ITEM ( 'NONE', ( #10204 ), #7357 ) ;
#5755 = EDGE_CURVE ( 'NONE', #9311, #10564, #705, .T. ) ;
#5756 = CARTESIAN_POINT ( 'NONE',  ( 7.423146177678193069, 10.81283322915199285, 8.447746585816306109 ) ) ;
#5757 = ORIENTED_EDGE ( 'NONE', *, *, #2063, .T. ) ;
#5758 = CARTESIAN_POINT ( 'NONE',  ( 5.783599450211228898, 13.45564494388263022, -6.226020063032058793 ) ) ;
#5759 = CARTESIAN_POINT ( 'NONE',  ( 7.989051101519075715, 21.69999999999999929, -4.708658498943903759 ) ) ;
#5760 = EDGE_CURVE ( 'NONE', #5181, #6944, #7229, .T. ) ;
#5761 = EDGE_CURVE ( 'NONE', #4298, #4015, #6290, .T. ) ;
#5762 = CARTESIAN_POINT ( 'NONE',  ( 5.783056366656098568, 16.93735476181180033, 1.393979936967929545 ) ) ;
#5763 = STYLED_ITEM ( 'NONE', ( #8367 ), #7970 ) ;
#5764 = CARTESIAN_POINT ( 'NONE',  ( 5.432355715851502787, 11.60472206898996994, -7.924877320405791181 ) ) ;
#5765 = DIRECTION ( 'NONE',  ( 0.0000000000000000000, 0.0000000000000000000, -1.000000000000000000 ) ) ;
#5766 = CARTESIAN_POINT ( 'NONE',  ( 1.499999999999998668, 11.00000000000000355, -10.21999999999994735 ) ) ;
#5767 = CARTESIAN_POINT ( 'NONE',  ( 7.008200274894384130, 15.49985476181183230, -6.056640950747333108 ) ) ;
#5768 = CARTESIAN_POINT ( 'NONE',  ( 7.008200274894387682, 12.51814494388263554, 1.563359049252667443 ) ) ;
#5769 = CARTESIAN_POINT ( 'NONE',  ( 4.949999999999998401, 21.69999999999999929, 4.704524052577351512 ) ) ;
#5770 = SURFACE_STYLE_USAGE ( .BOTH. , #1629 ) ;
#5771 = ADVANCED_FACE ( 'NONE', ( #2383 ), #5658, .T. ) ;
#5772 = CARTESIAN_POINT ( 'NONE',  ( 0.0000000000000000000, 0.0000000000000000000, 3.210000000000000853 ) ) ;
#5773 = CARTESIAN_POINT ( 'NONE',  ( 6.042671120528351203, 16.94999999999997797, 9.078800176420509516 ) ) ;
#5774 = VERTEX_POINT ( 'NONE', #932 ) ;
#5775 = CARTESIAN_POINT ( 'NONE',  ( 5.036640950747339751, 11.39314494388263554, -7.211799725105577430 ) ) ;
#5776 = DIRECTION ( 'NONE',  ( -0.0000000000000000000, -0.0000000000000000000, -1.000000000000000000 ) ) ;
#5777 = VERTEX_POINT ( 'NONE', #10540 ) ;
#5778 = EDGE_CURVE ( 'NONE', #850, #6682, #3715, .T. ) ;
#5779 = CARTESIAN_POINT ( 'NONE',  ( 8.179407217347819170, 21.59382656144643065, 10.49396596874532506 ) ) ;
#5780 =( NAMED_UNIT ( * ) PLANE_ANGLE_UNIT ( ) SI_UNIT ( $, .RADIAN. ) );
#5781 = CIRCLE ( 'NONE', #7974, 0.2999999999999999334 ) ;
#5782 = CARTESIAN_POINT ( 'NONE',  ( 5.036640950747335310, 16.83318809514516801, -0.4082002748943943660 ) ) ;
#5783 = CARTESIAN_POINT ( 'NONE',  ( 7.993979936967916089, 13.56235476181183053, 8.436400549788821479 ) ) ;
#5784 = AXIS2_PLACEMENT_3D ( 'NONE', #5835, #2724, #8421 ) ;
#5785 = CARTESIAN_POINT ( 'NONE',  ( 11.82124355652980086, -6.929999999999949978, -12.02999999999999936 ) ) ;
#5786 = UNCERTAINTY_MEASURE_WITH_UNIT (LENGTH_MEASURE( 1.000000000000000082E-05 ), #6389, 'distance_accuracy_value', 'NONE');
#5787 = CARTESIAN_POINT ( 'NONE',  ( 2.799999999999999822, -6.929999999999949978, -11.42999999999999972 ) ) ;
#5788 = CARTESIAN_POINT ( 'NONE',  ( 2.190000000000001279, 0.0000000000000000000, 11.43000000000000149 ) ) ;
#5790 = ORIENTED_EDGE ( 'NONE', *, *, #9410, .T. ) ;
#5789 = CARTESIAN_POINT ( 'NONE',  ( 7.416400549788761509, 11.18735476181183053, -1.393979936967944644 ) ) ;
#5791 = CARTESIAN_POINT ( 'NONE',  ( 12.04641016151378885, 8.200000000000002842, -12.03000000000000114 ) ) ;
#5792 = ORIENTED_EDGE ( 'NONE', *, *, #9912, .T. ) ;
#5793 = DIRECTION ( 'NONE',  ( 0.0000000000000000000, 1.000000000000000000, -1.215927670077199944E-16 ) ) ;
#5794 =( NAMED_UNIT ( * ) PLANE_ANGLE_UNIT ( ) SI_UNIT ( $, .RADIAN. ) );
#5795 = DIRECTION ( 'NONE',  ( 0.0000000000000000000, 0.0000000000000000000, 1.000000000000000000 ) ) ;
#5796 = DIRECTION ( 'NONE',  ( 0.0000000000000000000, -1.000000000000000000, 0.0000000000000000000 ) ) ;
#5797 = CYLINDRICAL_SURFACE ( 'NONE', #6908, 0.2999999999999999334 ) ;
#5799 = ORIENTED_EDGE ( 'NONE', *, *, #9381, .F. ) ;
#5798 = CARTESIAN_POINT ( 'NONE',  ( 7.416400549788777496, 14.02068809514516445, 1.393979936967939759 ) ) ;
#5800 = CARTESIAN_POINT ( 'NONE',  ( 8.163359049252681743, 11.12485476181184474, -8.028200274894391697 ) ) ;
#5801 = EDGE_LOOP ( 'NONE', ( #5757, #3269, #3801, #10389, #10350, #9340, #9782, #7659 ) ) ;
#5802 = CARTESIAN_POINT ( 'NONE',  ( 2.799999999999999822, 11.50000000000000888, -11.42999999999999972 ) ) ;
#5803 = CARTESIAN_POINT ( 'NONE',  ( 12.59999999999999964, 0.8999999999999912514, 4.410000000000000142 ) ) ;
#5804 = CARTESIAN_POINT ( 'NONE',  ( 6.999999999998062883, 18.71144759946975000, 9.816171768694660571 ) ) ;
#5805 = CARTESIAN_POINT ( 'NONE',  ( 7.500000000000000888, -4.750000000000009770, -0.2999999999999999334 ) ) ;
#5806 = CARTESIAN_POINT ( 'NONE',  ( 7.767644284148502720, 13.85472206898996994, 7.924877320405760983 ) ) ;
#5807 =( NAMED_UNIT ( * ) PLANE_ANGLE_UNIT ( ) SI_UNIT ( $, .RADIAN. ) );
#5808 = CARTESIAN_POINT ( 'NONE',  ( 6.191799725105592955, 11.74985476181183408, 6.056640950747336660 ) ) ;
#5809 = EDGE_LOOP ( 'NONE', ( #6996, #3878 ) ) ;
#5810 = ORIENTED_EDGE ( 'NONE', *, *, #6621, .F. ) ;
#5811 = CARTESIAN_POINT ( 'NONE',  ( 7.416400549788777496, 14.02068809514516445, -6.226020063032059682 ) ) ;
#5812 = CARTESIAN_POINT ( 'NONE',  ( 10.58305125912162659, 21.69999999999999929, -6.141014161349044542 ) ) ;
#5813 = CARTESIAN_POINT ( 'NONE',  ( 1.500000000000000000, -36.96000000000000085, 10.22000000000000064 ) ) ;
#5814 = DIRECTION ( 'NONE',  ( 0.9944610622282514800, 0.1051056407233110362, -0.0000000000000000000 ) ) ;
#5815 = CARTESIAN_POINT ( 'NONE',  ( 5.783599450211198700, 13.43735476181183230, 1.393979936967927324 ) ) ;
#5816 = PLANE ( 'NONE',  #10482 ) ;
#5817 = DIRECTION ( 'NONE',  ( 0.0000000000000000000, -0.7071067811865470176, 0.7071067811865480168 ) ) ;
#5818 = DIRECTION ( 'NONE',  ( -1.000000000000000000, 0.0000000000000000000, -0.0000000000000000000 ) ) ;
#5819 = EDGE_CURVE ( 'NONE', #1163, #4376, #3256, .T. ) ;
#5820 = CARTESIAN_POINT ( 'NONE',  ( 1.900487387883730506, 17.26396121657895577, 9.969756306058135564 ) ) ;
#5821 = CARTESIAN_POINT ( 'NONE',  ( 6.244235344736128290, 18.75000000000000000, 2.179126782756271918 ) ) ;
#5822 = ORIENTED_EDGE ( 'NONE', *, *, #7290, .T. ) ;
#5823 = CARTESIAN_POINT ( 'NONE',  ( 7.416400549788795260, 11.52068809514516801, -6.226020063032073892 ) ) ;
#5824 = CARTESIAN_POINT ( 'NONE',  ( 10.11825162102856090, 18.74999999999999645, 1.606699218060541057 ) ) ;
#5825 = CARTESIAN_POINT ( 'NONE',  ( 8.249999999999987566, 21.39999999999999858, 10.53547594742268245 ) ) ;
#5826 = CARTESIAN_POINT ( 'NONE',  ( 6.200000000000203570, 18.73234883560325414, 2.173891282717529627 ) ) ;
#5827 = CARTESIAN_POINT ( 'NONE',  ( 7.008200274894397452, 16.22647827721596414, -1.563359049252662114 ) ) ;
#5828 = ADVANCED_FACE ( 'NONE', ( #2549 ), #10396, .T. ) ;
#5829 = CARTESIAN_POINT ( 'NONE',  ( 5.036640950747343304, 12.37485476181183230, 8.028200274894407684 ) ) ;
#5830 = EDGE_CURVE ( 'NONE', #8443, #7644, #9043, .T. ) ;
#5831 = CARTESIAN_POINT ( 'NONE',  ( 1.900000000000001688, 17.25000000000000355, 2.349999999999999645 ) ) ;
#5832 = CARTESIAN_POINT ( 'NONE',  ( 2.616948740878363378, 21.69999999999999929, -6.141014161349054312 ) ) ;
#5833 = CARTESIAN_POINT ( 'NONE',  ( 11.30000000000000071, 17.25000000000000000, 5.269999999999997797 ) ) ;
#5834 = SURFACE_STYLE_USAGE ( .BOTH. , #10507 ) ;
#5835 = CARTESIAN_POINT ( 'NONE',  ( 6.599999999999998757, 17.25000000000000000, 5.570000000000000284 ) ) ;
#5836 = ORIENTED_EDGE ( 'NONE', *, *, #4934, .T. ) ;
#5837 = CARTESIAN_POINT ( 'NONE',  ( 6.999999999999670486, 18.72531777649806273, -2.182954768023270820 ) ) ;
#5838 = AXIS2_PLACEMENT_3D ( 'NONE', #9097, #6700, #1787 ) ;
#5839 = CARTESIAN_POINT ( 'NONE',  ( 7.949999999999994849, 21.69999999999999929, 2.734958866235470687 ) ) ;
#5840 = VECTOR ( 'NONE', #6295, 999.9999999999998863 ) ;
#5841 = FILL_AREA_STYLE ('',( #2569 ) ) ;
#5842 = LINE ( 'NONE', #8220, #7551 ) ;
#5843 = CARTESIAN_POINT ( 'NONE',  ( 0.0000000000000000000, 0.0000000000000000000, -11.42999999999999972 ) ) ;
#5845 = ORIENTED_EDGE ( 'NONE', *, *, #6322, .T. ) ;
#5844 = CARTESIAN_POINT ( 'NONE',  ( 5.990245359188411278, 14.20888873565663069, 1.041138122682923495 ) ) ;
#5846 = CARTESIAN_POINT ( 'NONE',  ( 5.432355715851498346, 16.60472206898996461, -7.924877320405785852 ) ) ;
#5847 = EDGE_CURVE ( 'NONE', #4248, #6600, #5701, .T. ) ;
#5848 = CARTESIAN_POINT ( 'NONE',  ( 6.599999999999999645, 17.94999999998481144, -2.301783801071757285 ) ) ;
#5849 = CARTESIAN_POINT ( 'NONE',  ( 2.921243556529820040, -6.929999999999949978, -12.02999999999999936 ) ) ;
#5850 = CARTESIAN_POINT ( 'NONE',  ( 5.432355715851509004, 14.14638873565663424, 7.924877320405797398 ) ) ;
#5851 = CARTESIAN_POINT ( 'NONE',  ( 2.925018529003553081, 18.71222679458301741, 9.298273896200544897 ) ) ;
#5852 = CARTESIAN_POINT ( 'NONE',  ( 8.163359049252678190, 11.58318809514516801, 8.028200274894359723 ) ) ;
#5853 = ORIENTED_EDGE ( 'NONE', *, *, #1152, .F. ) ;
#5854 = CARTESIAN_POINT ( 'NONE',  ( 7.993979936967930300, 13.06235476181183586, -6.803599450211221367 ) ) ;
#5855 = CARTESIAN_POINT ( 'NONE',  ( 6.200000000000708056, 18.67909150389217743, 9.833043071595826135 ) ) ;
#5856 = ORIENTED_EDGE ( 'NONE', *, *, #6345, .T. ) ;
#5857 = B_SPLINE_CURVE_WITH_KNOTS ( 'NONE', 3,
 ( #3249, #1725, #2541, #8931, #4923, #6377, #754, #6547, #8877, #8034, #7275, #10480, #5651, #1553, #8245, #1679, #4811, #9786, #2486, #4058 ),
 .UNSPECIFIED., .F., .F.,
 ( 4, 2, 2, 2, 2, 2, 2, 2, 2, 4 ),
 ( 0.0000000000000000000, 0.1250000000000001388, 0.2500000000000002776, 0.3750000000000004441, 0.5000000000000005551, 0.6250000000000006661, 0.7500000000000008882, 0.8125000000000003331, 0.8749999999999998890, 1.000000000000000000 ),
 .UNSPECIFIED. ) ;
#5858 = CARTESIAN_POINT ( 'NONE',  ( 6.190713557995390026, 16.95818809514510050, 1.563359049252670108 ) ) ;
#5859 = CARTESIAN_POINT ( 'NONE',  ( 7.008200274894370807, 13.99985476181183230, -6.056640950747321561 ) ) ;
#5860 = PRESENTATION_STYLE_ASSIGNMENT (( #2540 ) ) ;
#5861 = FACE_OUTER_BOUND ( 'NONE', #6226, .T. ) ;
#5862 = CARTESIAN_POINT ( 'NONE',  ( 6.191799725105581409, 12.76814494388263022, -1.563359049252657673 ) ) ;
#5863 = FACE_OUTER_BOUND ( 'NONE', #8757, .T. ) ;
#5864 = LINE ( 'NONE', #981, #10506 ) ;
#5865 = LINE ( 'NONE', #8250, #1957 ) ;
#5866 =( LENGTH_UNIT ( ) NAMED_UNIT ( * ) SI_UNIT ( .MILLI., .METRE. ) );
#5867 = DIRECTION ( 'NONE',  ( 1.376764663473659915E-16, -1.000000000000000000, -0.0000000000000000000 ) ) ;
#5868 = ORIENTED_EDGE ( 'NONE', *, *, #2936, .F. ) ;
#5869 = CARTESIAN_POINT ( 'NONE',  ( 5.036640950747339751, 11.83318809514517334, -8.028200274894400579 ) ) ;
#5870 = CARTESIAN_POINT ( 'NONE',  ( 6.955764655263751095, 18.75000000000000000, -2.179126782755521408 ) ) ;
#5871 = EDGE_LOOP ( 'NONE', ( #1582, #7712, #3607, #10518 ) ) ;
#5872 =( GEOMETRIC_REPRESENTATION_CONTEXT ( 3 ) GLOBAL_UNCERTAINTY_ASSIGNED_CONTEXT ( ( #4083 ) ) GLOBAL_UNIT_ASSIGNED_CONTEXT ( ( #3440, #4195, #4294 ) ) REPRESENTATION_CONTEXT ( 'NONE', 'WORKASPACE' ) );
#5873 = AXIS2_PLACEMENT_3D ( 'NONE', #2233, #9544, #4778 ) ;
#5874 = CARTESIAN_POINT ( 'NONE',  ( 4.949999999999999289, 17.19999999999999929, 4.704524052577350623 ) ) ;
#5875 = CARTESIAN_POINT ( 'NONE',  ( 10.81254805334779689, 21.69999999999999929, 9.184202544787780198 ) ) ;
#5876 = EDGE_CURVE ( 'NONE', #10401, #1247, #9900, .T. ) ;
#5877 = CARTESIAN_POINT ( 'NONE',  ( 5.206020063032065437, 15.83064494388263022, -0.8164005497887777407 ) ) ;
#5878 = STYLED_ITEM ( 'NONE', ( #5166 ), #7279 ) ;
#5879 =( GEOMETRIC_REPRESENTATION_CONTEXT ( 3 ) GLOBAL_UNCERTAINTY_ASSIGNED_CONTEXT ( ( #750 ) ) GLOBAL_UNIT_ASSIGNED_CONTEXT ( ( #4316, #3415, #5921 ) ) REPRESENTATION_CONTEXT ( 'NONE', 'WORKASPACE' ) );
#5880 = CARTESIAN_POINT ( 'NONE',  ( 5.206020063032059220, 12.81235476181183053, 6.803599450211223143 ) ) ;
#5881 = STYLED_ITEM ( 'NONE', ( #9004 ), #5563 ) ;
#5882 =( NAMED_UNIT ( * ) SI_UNIT ( $, .STERADIAN. ) SOLID_ANGLE_UNIT ( ) );
#5883 = EDGE_CURVE ( 'NONE', #9741, #2723, #767, .T. ) ;
#5884 =( NAMED_UNIT ( * ) PLANE_ANGLE_UNIT ( ) SI_UNIT ( $, .RADIAN. ) );
#5885 = CARTESIAN_POINT ( 'NONE',  ( 0.0000000000000000000, 0.0000000000000000000, 11.42999999999999972 ) ) ;
#5886 = ADVANCED_FACE ( 'NONE', ( #7389 ), #5501, .T. ) ;
#5887 = CARTESIAN_POINT ( 'NONE',  ( 8.299999999999998934, 0.5999999999999970912, -7.119999999999999218 ) ) ;
#5888 = ORIENTED_EDGE ( 'NONE', *, *, #4194, .T. ) ;
#5889 = EDGE_CURVE ( 'NONE', #4546, #8284, #4819, .T. ) ;
#5890 = CARTESIAN_POINT ( 'NONE',  ( 2.810000000000000497, -4.336808689942017736E-16, 11.42999999999999972 ) ) ;
#5891 = CARTESIAN_POINT ( 'NONE',  ( 8.216738378921723651, 21.53829923433817584, -10.51634174470777694 ) ) ;
#5892 = CARTESIAN_POINT ( 'NONE',  ( 7.500000000000000000, -4.750000000000000000, 7.919999999999999929 ) ) ;
#5893 = COLOUR_RGB ( '',0.2862745098039215508, 0.6431372549019607199, 0.8666666666666666963 ) ;
#5894 = VECTOR ( 'NONE', #81, 1000.000000000000000 ) ;
#5895 = CARTESIAN_POINT ( 'NONE',  ( 8.250000000000000000, 21.39999999999999858, -2.915475947422649927 ) ) ;
#5896 = EDGE_CURVE ( 'NONE', #8431, #10453, #8789, .T. ) ;
#5897 = LINE ( 'NONE', #9124, #390 ) ;
#5898 = CARTESIAN_POINT ( 'NONE',  ( 7.000000000000000000, 18.75000000000000000, -5.493368751818312745 ) ) ;
#5900 = EDGE_LOOP ( 'NONE', ( #4785, #2733 ) ) ;
#5899 = CARTESIAN_POINT ( 'NONE',  ( 7.993979936967916089, 13.56235476181183053, 0.8164005497888227048 ) ) ;
#5901 = CARTESIAN_POINT ( 'NONE',  ( 7.699017176186970346, 10.55936726420669913, -6.508663849977189386 ) ) ;
#5902 = ORIENTED_EDGE ( 'NONE', *, *, #6193, .T. ) ;
#5903 = CARTESIAN_POINT ( 'NONE',  ( 5.206020063032073431, 16.89568809514516445, -6.803599450211208044 ) ) ;
#5904 = FILL_AREA_STYLE_COLOUR ( '', #9390 ) ;
#5905 = CARTESIAN_POINT ( 'NONE',  ( 8.034050964782444737, 21.69029997970602963, -4.832874627448891403 ) ) ;
#5906 = DIRECTION ( 'NONE',  ( 1.000000000000000000, 0.0000000000000000000, -0.0000000000000000000 ) ) ;
#5907 = DIRECTION ( 'NONE',  ( -0.0000000000000000000, 0.0000000000000000000, -1.000000000000000000 ) ) ;
#5908 = CARTESIAN_POINT ( 'NONE',  ( 7.209754640811556925, 13.79222206898996639, 8.661138122682931595 ) ) ;
#5909 = VECTOR ( 'NONE', #4232, 1000.000000000000000 ) ;
#5910 = VECTOR ( 'NONE', #7756, 1000.000000000000000 ) ;
#5911 = VECTOR ( 'NONE', #10142, 1000.000000000000114 ) ;
#5912 = EDGE_CURVE ( 'NONE', #3890, #1821, #9686, .T. ) ;
#5913 = DIRECTION ( 'NONE',  ( -8.185976218434330542E-17, 1.000000000000000000, 0.0000000000000000000 ) ) ;
#5914 = EDGE_LOOP ( 'NONE', ( #1720, #6252, #2266, #8818, #9398 ) ) ;
#5915 = CARTESIAN_POINT ( 'NONE',  ( 6.200000000000203570, 18.74304181000369596, 9.774089216025751981 ) ) ;
#5916 = CARTESIAN_POINT ( 'NONE',  ( 5.990245359188431706, 14.04222206898996639, -8.661138122682931595 ) ) ;
#5917 = CARTESIAN_POINT ( 'NONE',  ( 8.299999999999998934, -4.750000000000000000, 2.074999999999999734 ) ) ;
#5918 = CARTESIAN_POINT ( 'NONE',  ( 6.599999999999999645, 17.02352941175888645, 2.500000000046293192 ) ) ;
#5919 = VECTOR ( 'NONE', #6531, 1000.000000000000000 ) ;
#5920 = CARTESIAN_POINT ( 'NONE',  ( 6.191799725105587626, 12.26814494388263910, -1.563359049252654787 ) ) ;
#5921 =( NAMED_UNIT ( * ) SI_UNIT ( $, .STERADIAN. ) SOLID_ANGLE_UNIT ( ) );
#5922 = CARTESIAN_POINT ( 'NONE',  ( 8.250000000000000000, 17.19999999999999929, 11.43000000000000149 ) ) ;
#5923 = DIRECTION ( 'NONE',  ( -0.0000000000000000000, 1.000000000000000000, 1.215927670077199944E-16 ) ) ;
#5924 = SURFACE_STYLE_USAGE ( .BOTH. , #278 ) ;
#5925 = DIRECTION ( 'NONE',  ( -1.000000000000000000, 9.637352644315610034E-17, 0.0000000000000000000 ) ) ;
#5926 = AXIS2_PLACEMENT_3D ( 'NONE', #4575, #3725, #6887 ) ;
#5927 = CARTESIAN_POINT ( 'NONE',  ( 6.253159534209491888, 18.75000000000000000, 2.124464409729428738 ) ) ;
#5928 = ORIENTED_EDGE ( 'NONE', *, *, #3996, .T. ) ;
#5929 = CARTESIAN_POINT ( 'NONE',  ( 8.163359049252669308, 14.14314494388263199, -8.028200274894389921 ) ) ;
#5930 = CARTESIAN_POINT ( 'NONE',  ( 10.11825162102825892, 18.74999999999999645, -1.606699218061201639 ) ) ;
#5931 = CARTESIAN_POINT ( 'NONE',  ( 8.106904897534301213, 21.65839818832704111, 10.45037421706798852 ) ) ;
#5932 = SURFACE_STYLE_USAGE ( .BOTH. , #6710 ) ;
#5933 = ORIENTED_EDGE ( 'NONE', *, *, #8845, .T. ) ;
#5934 = CARTESIAN_POINT ( 'NONE',  ( 7.008200274894410775, 14.99985476181183230, 1.563359049252657007 ) ) ;
#5935 = VECTOR ( 'NONE', #9905, 1000.000000000000000 ) ;
#5936 = AXIS2_PLACEMENT_3D ( 'NONE', #3523, #1937, #8457 ) ;
#5937 = CARTESIAN_POINT ( 'NONE',  ( 7.993979936967921418, 12.08064494388263199, 8.436400549788803716 ) ) ;
#5938 = FACE_OUTER_BOUND ( 'NONE', #3117, .T. ) ;
#5939 = CARTESIAN_POINT ( 'NONE',  ( 6.599999999999999645, 17.27092694212320012, 7.620000000000000107 ) ) ;
#5940 = CARTESIAN_POINT ( 'NONE',  ( 2.099999999999995204, 9.400000000000085620, 9.320000000000012719 ) ) ;
#5941 = VERTEX_POINT ( 'NONE', #4117 ) ;
#5942 =( NAMED_UNIT ( * ) PLANE_ANGLE_UNIT ( ) SI_UNIT ( $, .RADIAN. ) );
#5943 = CARTESIAN_POINT ( 'NONE',  ( 5.990245359188413055, 11.04222206898996639, -8.661138122682913831 ) ) ;
#5944 = DIRECTION ( 'NONE',  ( 0.0000000000000000000, -1.215927670077199944E-16, 1.000000000000000000 ) ) ;
#5945 = EDGE_CURVE ( 'NONE', #3761, #194, #5612, .T. ) ;
#5946 = DIRECTION ( 'NONE',  ( 9.637352644315610034E-17, 1.000000000000000000, -0.0000000000000000000 ) ) ;
#5947 = CARTESIAN_POINT ( 'NONE',  ( 6.999999999998061107, 18.71144759946975000, -5.423828231305342307 ) ) ;
#5949 = EDGE_LOOP ( 'NONE', ( #4956, #3816, #10148, #9645 ) ) ;
#5948 = CARTESIAN_POINT ( 'NONE',  ( 7.641138122682926692, 12.83388873565663069, 0.6097546408115611660 ) ) ;
#5950 = ORIENTED_EDGE ( 'NONE', *, *, #3085, .T. ) ;
#5951 = ORIENTED_EDGE ( 'NONE', *, *, #4322, .F. ) ;
#5952 = CARTESIAN_POINT ( 'NONE',  ( 8.101112032219639048, 21.65958429280042807, -4.792403550777870613 ) ) ;
#5953 = PLANE ( 'NONE',  #3538 ) ;
#5954 = CARTESIAN_POINT ( 'NONE',  ( 7.000000000000000000, 17.94999999999089724, -5.353238286267258061 ) ) ;
#5955 = CARTESIAN_POINT ( 'NONE',  ( 5.432355715851496569, 14.10472206898996994, 7.315122679594227684 ) ) ;
#5956 = ADVANCED_FACE ( 'NONE', ( #2495 ), #4769, .T. ) ;
#5957 = CARTESIAN_POINT ( 'NONE',  ( 7.949999999999998401, 21.39999999999999858, 11.42999999999999972 ) ) ;
#5958 = ORIENTED_EDGE ( 'NONE', *, *, #3872, .F. ) ;
#5959 = ORIENTED_EDGE ( 'NONE', *, *, #1567, .T. ) ;
#5960 = CARTESIAN_POINT ( 'NONE',  ( 6.295122679594204129, 15.52138873565663424, -1.167644284148494416 ) ) ;
#5961 = CARTESIAN_POINT ( 'NONE',  ( 5.036640950747332646, 13.87485476181183230, -7.211799725105612957 ) ) ;
#5962 = DIRECTION ( 'NONE',  ( 0.0000000000000000000, 0.0000000000000000000, -1.000000000000000000 ) ) ;
#5963 = CARTESIAN_POINT ( 'NONE',  ( 10.84462613559439959, -6.929999999999949978, 11.00500000000000078 ) ) ;
#5964 = CARTESIAN_POINT ( 'NONE',  ( 5.783599450211223569, 12.93735476181182875, 1.393979936967937983 ) ) ;
#5965 = LINE ( 'NONE', #6757, #9939 ) ;
#5966 =( LENGTH_UNIT ( ) NAMED_UNIT ( * ) SI_UNIT ( .MILLI., .METRE. ) );
#5967 = DIRECTION ( 'NONE',  ( 0.5000000000000029976, 0.0000000000000000000, -0.8660254037844369313 ) ) ;
#5968 = LINE ( 'NONE', #1186, #5404 ) ;
#5969 = CARTESIAN_POINT ( 'NONE',  ( 7.416400549788795260, 16.20564494388262844, 6.226020063032073892 ) ) ;
#5970 = VERTEX_POINT ( 'NONE', #6490 ) ;
#5971 = CARTESIAN_POINT ( 'NONE',  ( 5.206020063032084977, 15.39568809514516978, -6.803599450211184063 ) ) ;
#5972 = CARTESIAN_POINT ( 'NONE',  ( 6.999999999998062883, 18.69211839736295033, 2.208038622056905265 ) ) ;
#5973 = EDGE_LOOP ( 'NONE', ( #7781, #6291, #8069, #749 ) ) ;
#5974 = LINE ( 'NONE', #220, #3553 ) ;
#5975 = LINE ( 'NONE', #3041, #5038 ) ;
#5976 =( LENGTH_UNIT ( ) NAMED_UNIT ( * ) SI_UNIT ( .MILLI., .METRE. ) );
#5977 = ORIENTED_EDGE ( 'NONE', *, *, #10285, .T. ) ;
#5978 = CARTESIAN_POINT ( 'NONE',  ( 7.008200274894382353, 15.20818809514516268, -1.563359049252668553 ) ) ;
#5979 = EDGE_CURVE ( 'NONE', #10438, #4337, #4929, .T. ) ;
#5980 = CARTESIAN_POINT ( 'NONE',  ( 5.036640950747334422, 12.39314494388263199, 8.028200274894386368 ) ) ;
#5981 = CARTESIAN_POINT ( 'NONE',  ( 6.999999999999832134, 18.74679581112656379, -9.763057368596383512 ) ) ;
#5982 = CARTESIAN_POINT ( 'NONE',  ( 4.347763001962374751, 21.69999999999999929, 9.681647694447699237 ) ) ;
#5983 = ORIENTED_EDGE ( 'NONE', *, *, #6311, .T. ) ;
#5984 = CARTESIAN_POINT ( 'NONE',  ( 5.206020063032066325, 11.31235476181183053, -8.436400549788771741 ) ) ;
#5985 = DIRECTION ( 'NONE',  ( -0.5547001962252289253, -0.0000000000000000000, -0.8320502943378437211 ) ) ;
#5986 = SURFACE_STYLE_FILL_AREA ( #10028 ) ;
#5987 = AXIS2_PLACEMENT_3D ( 'NONE', #5963, #10050, #6808 ) ;
#5988 = CARTESIAN_POINT ( 'NONE',  ( 6.999999999998820499, 18.73465771489496134, -5.449521059955662494 ) ) ;
#5990 = ORIENTED_EDGE ( 'NONE', *, *, #1614, .F. ) ;
#5989 = CARTESIAN_POINT ( 'NONE',  ( 6.904877320405760521, 12.97972206898996639, -1.167644284148506184 ) ) ;
#5991 = CARTESIAN_POINT ( 'NONE',  ( 7.767644284148503608, 16.35472206898996106, -7.315122679594214361 ) ) ;
#5992 = VERTEX_POINT ( 'NONE', #4063 ) ;
#5993 = EDGE_CURVE ( 'NONE', #5003, #919, #7330, .T. ) ;
#5994 = CARTESIAN_POINT ( 'NONE',  ( 7.008200274894397452, 16.70818809514516445, -9.183359049252660000 ) ) ;
#5995 = VECTOR ( 'NONE', #5619, 1000.000000000000000 ) ;
#5996 = CARTESIAN_POINT ( 'NONE',  ( 9.099999999999999645, 21.69999999999999929, -7.620000000000000107 ) ) ;
#5997 = CARTESIAN_POINT ( 'NONE',  ( 8.163359049252658650, 14.58318809514516445, 8.028200274894402355 ) ) ;
#5998 = CARTESIAN_POINT ( 'NONE',  ( 7.767644284148505385, 12.89638873565663069, 7.315122679594229460 ) ) ;
#5999 = CARTESIAN_POINT ( 'NONE',  ( 6.253159534208776904, 18.75000000000000000, 5.495535590270692161 ) ) ;
#6000 = DIRECTION ( 'NONE',  ( 0.4999999999999996669, 0.0000000000000000000, 0.8660254037844388186 ) ) ;
#6001 = ORIENTED_EDGE ( 'NONE', *, *, #1827, .F. ) ;
#6002 = CARTESIAN_POINT ( 'NONE',  ( 5.206020063032059220, 12.81235476181183053, -8.436400549788771741 ) ) ;
#6003 = EDGE_CURVE ( 'NONE', #7156, #2478, #7133, .T. ) ;
#6004 = CARTESIAN_POINT ( 'NONE',  ( 7.993979936967916089, 16.14568809514516801, -0.8164005497888187080 ) ) ;
#6005 = CARTESIAN_POINT ( 'NONE',  ( 5.206020063032071654, 14.39568809514516445, -6.803599450211211597 ) ) ;
#6006 = DIRECTION ( 'NONE',  ( -0.0000000000000000000, -0.9805806756909201116, 0.1961161351381840168 ) ) ;
#6007 = CARTESIAN_POINT ( 'NONE',  ( 6.599999999999999645, 17.25000000000000000, 2.349999999999999645 ) ) ;
#6008 = EDGE_CURVE ( 'NONE', #5399, #5627, #660, .T. ) ;
#6009 = CARTESIAN_POINT ( 'NONE',  ( 7.767644284148503608, 14.39638873565663069, -7.924877320405776970 ) ) ;
#6010 = CARTESIAN_POINT ( 'NONE',  ( 7.008200274894408111, 12.49985476181183230, 1.563359049252657673 ) ) ;
#6011 = DIRECTION ( 'NONE',  ( 0.0000000000000000000, -0.0000000000000000000, -1.000000000000000000 ) ) ;
#6012 = CARTESIAN_POINT ( 'NONE',  ( 7.997215281273525100, 21.70000000000000639, 4.855757287755567475 ) ) ;
#6013 = FACE_OUTER_BOUND ( 'NONE', #2081, .T. ) ;
#6014 = PRESENTATION_STYLE_ASSIGNMENT (( #4425 ) ) ;
#6015 = CARTESIAN_POINT ( 'NONE',  ( 8.163359049252660427, 16.08318809514516090, 8.028200274894409461 ) ) ;
#6016 = EDGE_LOOP ( 'NONE', ( #2294, #1294, #9514, #6704 ) ) ;
#6017 = CARTESIAN_POINT ( 'NONE',  ( 5.783599450211220017, 15.43735476181183408, -6.226020063032068563 ) ) ;
#6018 = UNCERTAINTY_MEASURE_WITH_UNIT (LENGTH_MEASURE( 1.000000000000000082E-05 ), #7764, 'distance_accuracy_value', 'NONE');
#6019 = SURFACE_STYLE_FILL_AREA ( #1192 ) ;
#6020 = CARTESIAN_POINT ( 'NONE',  ( 10.97482679280570927, 21.39999999999999858, 9.244459855567486173 ) ) ;
#6021 = ORIENTED_EDGE ( 'NONE', *, *, #3231, .T. ) ;
#6022 = CARTESIAN_POINT ( 'NONE',  ( 7.008200274894382353, 14.72647827721596592, -1.563359049252668553 ) ) ;
#6023 = CARTESIAN_POINT ( 'NONE',  ( 7.416400549788777496, 12.18735476181183230, 6.226020063032068563 ) ) ;
#6024 =( LENGTH_UNIT ( ) NAMED_UNIT ( * ) SI_UNIT ( .MILLI., .METRE. ) );
#6025 = STYLED_ITEM ( 'NONE', ( #845 ), #4097 ) ;
#6026 = ADVANCED_FACE ( 'NONE', ( #9738 ), #3961, .T. ) ;
#6027 = FILL_AREA_STYLE_COLOUR ( '', #4556 ) ;
#6028 = EDGE_CURVE ( 'NONE', #9402, #7789, #4872, .T. ) ;
#6029 =( NAMED_UNIT ( * ) SI_UNIT ( $, .STERADIAN. ) SOLID_ANGLE_UNIT ( ) );
#6030 = CARTESIAN_POINT ( 'NONE',  ( 4.993644768673420664, 21.70000000000000284, 10.22791709549643002 ) ) ;
#6031 = ORIENTED_EDGE ( 'NONE', *, *, #4397, .T. ) ;
#6032 = FILL_AREA_STYLE ('',( #6096 ) ) ;
#6033 = CARTESIAN_POINT ( 'NONE',  ( 7.641138122682940903, 10.83388873565650812, -7.010245359188504111 ) ) ;
#6034 = CARTESIAN_POINT ( 'NONE',  ( 7.000000000000000000, 18.42131751191175226, -2.233289184036727715 ) ) ;
#6035 = VECTOR ( 'NONE', #6121, 1000.000000000000000 ) ;
#6036 = FILL_AREA_STYLE_COLOUR ( '', #9759 ) ;
#6037 =( GEOMETRIC_REPRESENTATION_CONTEXT ( 3 ) GLOBAL_UNCERTAINTY_ASSIGNED_CONTEXT ( ( #3770 ) ) GLOBAL_UNIT_ASSIGNED_CONTEXT ( ( #8777, #10421, #8240 ) ) REPRESENTATION_CONTEXT ( 'NONE', 'WORKASPACE' ) );
#6038 = CARTESIAN_POINT ( 'NONE',  ( 6.200000000001852918, 18.68136878987107252, -9.832336449557896429 ) ) ;
#6039 = STYLED_ITEM ( 'NONE', ( #8362 ), #5565 ) ;
#6040 = DIRECTION ( 'NONE',  ( -1.000000000000000000, 0.0000000000000000000, 0.0000000000000000000 ) ) ;
#6042 = ORIENTED_EDGE ( 'NONE', *, *, #7752, .F. ) ;
#6041 = CARTESIAN_POINT ( 'NONE',  ( 6.904877320405796937, 12.47972206898996639, -1.167644284148495526 ) ) ;
#6043 = ORIENTED_EDGE ( 'NONE', *, *, #2414, .F. ) ;
#6044 = CARTESIAN_POINT ( 'NONE',  ( 5.783599450211211135, 16.43735476181182875, -6.226020063032068563 ) ) ;
#6045 = FACE_OUTER_BOUND ( 'NONE', #9281, .T. ) ;
#6046 = CARTESIAN_POINT ( 'NONE',  ( 11.82124355652980086, 8.199999999999999289, -11.89999999999999858 ) ) ;
#6047 = CARTESIAN_POINT ( 'NONE',  ( 5.036640950747329981, 14.33318809514516623, 7.211799725105615622 ) ) ;
#6048 = DIRECTION ( 'NONE',  ( 0.0000000000000000000, -1.000000000000000000, 0.0000000000000000000 ) ) ;
#6049 = AXIS2_PLACEMENT_3D ( 'NONE', #1009, #7531, #9028 ) ;
#6050 = CARTESIAN_POINT ( 'NONE',  ( 7.416400549788808583, 13.02068809514516801, 9.013979936967920992 ) ) ;
#6051 = LINE ( 'NONE', #7804, #4885 ) ;
#6052 = ORIENTED_EDGE ( 'NONE', *, *, #2158, .T. ) ;
#6053 = ORIENTED_EDGE ( 'NONE', *, *, #2072, .T. ) ;
#6054 = CARTESIAN_POINT ( 'NONE',  ( 9.949999999999999289, 17.19999999999999929, 11.42999999999999972 ) ) ;
#6055 = VECTOR ( 'NONE', #5667, 1000.000000000000227 ) ;
#6057 = ORIENTED_EDGE ( 'NONE', *, *, #1567, .F. ) ;
#6056 = CARTESIAN_POINT ( 'NONE',  ( 7.008200274894410775, 15.99985476181183408, 1.563359049252657673 ) ) ;
#6058 = CARTESIAN_POINT ( 'NONE',  ( 7.008200274894414328, 13.70818809514516623, -9.183359049252660000 ) ) ;
#6059 = EDGE_LOOP ( 'NONE', ( #6493, #2085, #5295, #3735 ) ) ;
#6060 = LINE ( 'NONE', #1834, #3339 ) ;
#6061 = CARTESIAN_POINT ( 'NONE',  ( 5.206020063032069878, 12.31235476181183763, -0.8164005497887751872 ) ) ;
#6062 = CYLINDRICAL_SURFACE ( 'NONE', #8412, 0.2999999999999999334 ) ;
#6063 = DIRECTION ( 'NONE',  ( 0.0000000000000000000, -1.000000000000000000, 0.0000000000000000000 ) ) ;
#6064 = DIRECTION ( 'NONE',  ( -3.224183510962218928E-16, -1.000000000000000000, -1.074727836987408249E-15 ) ) ;
#6065 = CIRCLE ( 'NONE', #5730, 2.349999999999999645 ) ;
#6066 = CARTESIAN_POINT ( 'NONE',  ( 7.993979936967926747, 16.64568809514516090, 6.803599450211207156 ) ) ;
#6067 = VECTOR ( 'NONE', #8044, 1000.000000000000000 ) ;
#6068 = CARTESIAN_POINT ( 'NONE',  ( 6.600000000000000533, 17.25000000000000000, -9.670000000000001705 ) ) ;
#6069 = CARTESIAN_POINT ( 'NONE',  ( 6.200000000001177014, 18.73465771489495779, -2.170478940044337612 ) ) ;
#6070 = EDGE_CURVE ( 'NONE', #7644, #6225, #6337, .T. ) ;
#6071 = CARTESIAN_POINT ( 'NONE',  ( 5.036640950747339751, 15.85147827721596414, 7.211799725105594305 ) ) ;
#6072 = ORIENTED_EDGE ( 'NONE', *, *, #6008, .F. ) ;
#6073 = EDGE_CURVE ( 'NONE', #2614, #9443, #3019, .T. ) ;
#6074 = CARTESIAN_POINT ( 'NONE',  ( 8.163359049252656874, 15.12485476181183053, -8.028200274894414790 ) ) ;
#6075 = CARTESIAN_POINT ( 'NONE',  ( 6.600000000000000533, 16.94999999999999574, 2.050000000000007816 ) ) ;
#6076 = PRESENTATION_LAYER_ASSIGNMENT (  '', '', ( #1621 ) ) ;
#6077 = ORIENTED_EDGE ( 'NONE', *, *, #9114, .T. ) ;
#6078 = CONICAL_SURFACE ( 'NONE', #6919, 2.349269215078204631, 0.06981317007763501725 ) ;
#6079 = MECHANICAL_DESIGN_GEOMETRIC_PRESENTATION_REPRESENTATION (  '', ( #406 ), #4554 ) ;
#6080 = DIRECTION ( 'NONE',  ( 0.0000000000000000000, 1.000000000000000000, 0.0000000000000000000 ) ) ;
#6081 = LINE ( 'NONE', #4432, #3507 ) ;
#6082 = CARTESIAN_POINT ( 'NONE',  ( 5.558861877317064604, 15.66722206898996461, -7.010245359188435721 ) ) ;
#6083 = VERTEX_POINT ( 'NONE', #5176 ) ;
#6084 = CARTESIAN_POINT ( 'NONE',  ( 5.036640950747340639, 15.87485476181182875, 0.4082002748944099646 ) ) ;
#6085 = B_SPLINE_SURFACE_WITH_KNOTS ( 'NONE', 3, 1, ( 
 ( #9497, #7894 ),
 ( #2187, #5467 ),
 ( #9745, #6452 ),
 ( #4994, #5044 ),
 ( #8317, #3315 ),
 ( #1569, #5782 ),
 ( #7397, #3428 ),
 ( #8103, #8949 ),
 ( #10, #8261 ),
 ( #5827, #6618 ),
 ( #2442, #8204 ),
 ( #9805, #5716 ),
 ( #9108, #4884 ),
 ( #2554, #5095 ),
 ( #1641, #3216 ),
 ( #7511, #9001 ),
 ( #774, #2605 ),
 ( #1797, #826 ),
 ( #5664, #3381 ),
 ( #4239, #6565 ),
 ( #882, #9909 ),
 ( #2504, #1690 ),
 ( #5877, #4176 ),
 ( #9694, #4126 ),
 ( #4942, #4075 ),
 ( #7289, #8153 ),
 ( #993, #941 ),
 ( #9861, #9051 ),
 ( #7462, #7341 ),
 ( #124, #4284 ),
 ( #1741, #6665 ),
 ( #68, #2389 ),
 ( #3263, #8888 ),
 ( #10547, #6500 ),
 ( #1089, #8411 ),
 ( #338, #10118 ),
 ( #2826, #6084 ),
 ( #1248, #9320 ),
 ( #4487, #3536 ),
 ( #4547, #5188 ),
 ( #9210, #6821 ),
 ( #2719, #10176 ),
 ( #165, #8466 ),
 ( #6925, #3474 ),
 ( #1032, #388 ),
 ( #6711, #288 ),
 ( #4434, #5296 ),
 ( #3592, #4384 ),
 ( #2879, #7617 ),
 ( #4329, #10067 ),
 ( #7553, #9167 ),
 ( #224, #10016 ),
 ( #6131, #9958 ),
 ( #6770, #2007 ),
 ( #8511, #1146 ),
 ( #5242, #7665 ),
 ( #1194, #2771 ),
 ( #6022, #5978 ),
 ( #7713, #1847 ),
 ( #3703, #1895 ),
 ( #9368, #2056 ),
 ( #9260, #3639 ),
 ( #2666, #1951 ),
 ( #5342, #6867 ),
 ( #8569, #5934 ),
 ( #5143, #8360 ),
 ( #6287, #3910 ),
 ( #1508, #8785 ),
 ( #9420, #4708 ),
 ( #10275, #8680 ),
 ( #1405, #7992 ),
 ( #1356, #605 ),
 ( #2222, #1462 ),
 ( #2925, #2109 ),
 ( #7079, #3044 ),
 ( #656, #6182 ),
 ( #7129, #9638 ),
 ( #5401, #1316 ),
 ( #7830, #7883 ),
 ( #8633, #4607 ),
 ( #7174, #2980 ),
 ( #10336, #6234 ),
 ( #3958, #7940 ),
 ( #9581, #9485 ),
 ( #2267, #7776 ),
 ( #3802, #445 ),
 ( #9536, #5550 ),
 ( #2328, #544 ),
 ( #492, #5499 ),
 ( #10384, #10430 ),
 ( #7026, #2173 ),
 ( #5457, #4653 ),
 ( #4767, #3854 ),
 ( #3093, #8734 ),
 ( #6332, #3147 ),
 ( #6379, #5610 ),
 ( #3755, #8832 ),
 ( #6977, #10223 ),
 ( #9092, #10581 ),
 ( #3202, #4225 ),
 ( #3414, #2429 ),
 ( #3251, #4163 ),
 ( #4060, #1726 ),
 ( #4869, #6652 ),
 ( #4925, #8142 ),
 ( #7447, #3303 ),
 ( #702, #5699 ),
 ( #6487, #2378 ),
 ( #8879, #7277 ),
 ( #2592, #6609 ),
 ( #4006, #8934 ),
 ( #7222, #8988 ),
 ( #10484, #7381 ),
 ( #9036, #6440 ),
 ( #9734, #5815 ),
 ( #8086, #759 ),
 ( #5031, #8247 ),
 ( #1626, #813 ),
 ( #4983, #55 ),
 ( #3366, #9847 ),
 ( #5862, #2542 ),
 ( #4114, #112 ),
 ( #10535, #9683 ),
 ( #7328, #5653 ),
 ( #6550, #9894 ),
 ( #4814, #2492 ),
 ( #927, #8036 ),
 ( #1555, #9788 ),
 ( #5768, #1680 ),
 ( #8192, #870 ),
 ( #1880, #5964 ),
 ( #9243, #6695 ),
 ( #2754, #9197 ),
 ( #6756, #4420 ),
 ( #9151, #1019 ),
 ( #8502, #2862 ),
 ( #5920, #1134 ),
 ( #2703, #7653 ),
 ( #6810, #10051 ),
 ( #3625, #5174 ),
 ( #8393, #8350 ),
 ( #10156, #367 ),
 ( #10001, #4274 ),
 ( #3579, #2807 ),
 ( #1835, #6010 ),
 ( #8304, #1070 ),
 ( #9303, #4367 ),
 ( #1928, #5082 ),
 ( #7541, #4469 ),
 ( #274, #8453 ),
 ( #6118, #6061 ),
 ( #5226, #980 ),
 ( #7496, #1993 ),
 ( #7601, #5281 ),
 ( #322, #6853 ),
 ( #10101, #1180 ),
 ( #151, #3460 ),
 ( #7698, #3681 ),
 ( #6904, #9942 ),
 ( #1782, #2650 ),
 ( #5131, #4315 ),
 ( #204, #3516 ),
 ( #642, #3077 ),
 ( #9356, #10412 ),
 ( #7924, #6316 ),
 ( #2251, #3028 ),
 ( #586, #7812 ),
 ( #3896, #2040 ),
 ( #5381, #5327 ),
 ( #530, #7115 ),
 ( #3943, #9465 ),
 ( #8615, #2155 ),
 ( #2910, #5531 ),
 ( #8667, #6165 ),
 ( #429, #10209 ),
 ( #10370, #2089 ),
 ( #2205, #10258 ),
 ( #5441, #1299 ),
 ( #3129, #9566 ),
 ( #8554, #475 ),
 ( #4588, #1230 ),
 ( #9519, #1342 ),
 ( #5484, #8769 ),
 ( #3790, #1446 ),
 ( #7010, #8718 ),
 ( #2962, #4752 ),
 ( #9405, #7159 ),
 ( #4637, #7866 ),
 ( #7979, #3839 ),
 ( #4529, #6216 ),
 ( #7062, #6958 ),
 ( #10319, #6270 ),
 ( #7754, #3739 ),
 ( #1390, #4690 ) ),
 .UNSPECIFIED., .F., .F., .F.,
 ( 4, 2, 2, 2, 2, 2, 2, 2, 2, 2, 2, 2, 2, 2, 2, 2, 2, 2, 2, 2, 2, 2, 2, 2, 2, 2, 2, 2, 2, 2, 2, 2, 2, 2, 2, 2, 2, 2, 2, 2, 2, 2, 2, 2, 2, 2, 2, 2, 2, 2, 2, 2, 2, 2, 2, 2, 2, 2, 2, 2, 2, 2, 2, 2, 2, 2, 2, 2, 2, 2, 2, 2, 2, 2, 2, 2, 2, 2, 2, 2, 2, 2, 2, 2, 2, 2, 2, 2, 2, 2, 2, 2, 2, 2, 2, 2, 4 ),
 ( 2, 2 ),
 ( 0.0000000000000000000, 0.01052513428086159983, 0.02105026856172309904, 0.03157540284258469887, 0.04210053712344630217, 0.05262567140430789853, 0.06315080568516939774, 0.07367593996603100104, 0.08420107424689260434, 0.09472620852775419376, 0.1052513428086160052, 0.1157764770894769979, 0.1263016113703389898, 0.1368267456512000102, 0.1473518799320620021, 0.1578770142129239940, 0.1684021484937849866, 0.1789272827746470063, 0.1894524170555079989, 0.1999775513363699908, 0.2105026856172310112, 0.2210278198980930031, 0.2315529541789549950, 0.2420780884598159877, 0.2526032227406779795, 0.2631283570215390277, 0.2736534913024010196, 0.2841786255832630115, 0.2947037598641240042, 0.3052288941449859960, 0.3157540284258469887, 0.3262791627067089806, 0.3368042969875699733, 0.3473294312684320206, 0.3578545655492940125, 0.3683796998301550052, 0.3789048341110169971, 0.3894299683918779897, 0.3999551026727399816, 0.4104802369536009743, 0.4210053712344630217, 0.4315305055153250136, 0.4420556397961860062, 0.4525807740770479981, 0.4631059083579089908, 0.4736310426387709827, 0.4841561769196319753, 0.4946813112004940227, 0.5052064454813559591, 0.5157315797622169518, 0.5262567140430790547, 0.5367818483239400473, 0.5473069826048020392, 0.5578321168856630319, 0.5683572511665250238, 0.5788823854473870156, 0.5894075197282480083, 0.5999326540091100002, 0.6104577882899709929, 0.6209829225708329847, 0.6315080568516939774, 0.6420331911325559693, 0.6525583254134179612, 0.6630834596942789538, 0.6736085939751409457, 0.6841337282560020494, 0.6946588625368640413, 0.7051839968177250340, 0.7157091310985870258, 0.7262342653794490177, 0.7367593996603100104, 0.7472845339411720023, 0.7578096682220329949, 0.7683348025028949868, 0.7788599367837559795, 0.7893850710646179714, 0.7999102053454799632, 0.8104353396263409559, 0.8209604739072029478, 0.8314856081880640515, 0.8420107424689260434, 0.8525358767497870360, 0.8630610110306490279, 0.8735861453115110198, 0.8841112795923720125, 0.8946364138732340043, 0.9051615481540949970, 0.9156866824349569889, 0.9262118167158189808, 0.9367369509966799734, 0.9472620852775419653, 0.9577872195584029580, 0.9683123538392649499, 0.9788374881201260536, 0.9893626224009880454, 0.9998877566818490381, 1.000000000000000000 ),
 ( 0.9397532966978755509, 1.000000000000026201 ),
 .UNSPECIFIED. ) ;
#6086 = CARTESIAN_POINT ( 'NONE',  ( 6.191799725105599173, 11.45818809514516623, 9.183359049252660000 ) ) ;
#6087 = EDGE_CURVE ( 'NONE', #10454, #3761, #7500, .T. ) ;
#6088 =( GEOMETRIC_REPRESENTATION_CONTEXT ( 3 ) GLOBAL_UNCERTAINTY_ASSIGNED_CONTEXT ( ( #8006 ) ) GLOBAL_UNIT_ASSIGNED_CONTEXT ( ( #452, #7669, #6029 ) ) REPRESENTATION_CONTEXT ( 'NONE', 'WORKASPACE' ) );
#6089 = PRESENTATION_LAYER_ASSIGNMENT (  '', '', ( #8452 ) ) ;
#6090 = UNCERTAINTY_MEASURE_WITH_UNIT (LENGTH_MEASURE( 1.000000000000000082E-05 ), #2613, 'distance_accuracy_value', 'NONE');
#6091 = EDGE_CURVE ( 'NONE', #9952, #2834, #4649, .T. ) ;
#6092 = CARTESIAN_POINT ( 'NONE',  ( 8.215192097657988413, 21.56352027432738439, 2.895305872409787984 ) ) ;
#6093 = LINE ( 'NONE', #9372, #9122 ) ;
#6094 = CARTESIAN_POINT ( 'NONE',  ( 8.249999999999987566, 21.39999999999999858, 10.53547594742268245 ) ) ;
#6095 = EDGE_LOOP ( 'NONE', ( #287, #1351, #9234, #2536 ) ) ;
#6096 = FILL_AREA_STYLE_COLOUR ( '', #8028 ) ;
#6097 = CARTESIAN_POINT ( 'NONE',  ( 7.416400549788795260, 11.52068809514516801, -6.226020063032073892 ) ) ;
#6098 = DIRECTION ( 'NONE',  ( 0.0000000000000000000, -1.000000000000000000, 0.0000000000000000000 ) ) ;
#6099 = AXIS2_PLACEMENT_3D ( 'NONE', #9659, #1651, #718 ) ;
#6100 = DIRECTION ( 'NONE',  ( -1.000000000000000000, 0.0000000000000000000, 0.0000000000000000000 ) ) ;
#6101 = SURFACE_STYLE_USAGE ( .BOTH. , #5202 ) ;
#6103 = ORIENTED_EDGE ( 'NONE', *, *, #2753, .T. ) ;
#6102 = CARTESIAN_POINT ( 'NONE',  ( 6.191799725105618712, 13.45818809514516445, 1.563359049252671662 ) ) ;
#6104 = ORIENTED_EDGE ( 'NONE', *, *, #7735, .F. ) ;
#6105 = CARTESIAN_POINT ( 'NONE',  ( 7.416400549788791707, 16.03897827721596414, -6.226020063032073004 ) ) ;
#6106 = CARTESIAN_POINT ( 'NONE',  ( 5.157438894810378649, 21.39999999999999858, 10.64349424636364816 ) ) ;
#6107 = CARTESIAN_POINT ( 'NONE',  ( 5.783599450211183601, 14.43735476181183230, 9.013979936967919215 ) ) ;
#6108 = DIRECTION ( 'NONE',  ( -0.0000000000000000000, 1.000000000000000000, 0.0000000000000000000 ) ) ;
#6109 = CARTESIAN_POINT ( 'NONE',  ( 7.993979936967916089, 13.56235476181183053, 8.436400549788821479 ) ) ;
#6110 = DIRECTION ( 'NONE',  ( -1.000000000000000000, 0.0000000000000000000, 0.0000000000000000000 ) ) ;
#6111 =( NAMED_UNIT ( * ) SI_UNIT ( $, .STERADIAN. ) SOLID_ANGLE_UNIT ( ) );
#6112 = EDGE_LOOP ( 'NONE', ( #4616, #3904, #7579 ) ) ;
#6113 = CARTESIAN_POINT ( 'NONE',  ( 0.0000000000000000000, 11.00000000000000000, 11.42999999999999972 ) ) ;
#6115 = ORIENTED_EDGE ( 'NONE', *, *, #3419, .F. ) ;
#6114 = CARTESIAN_POINT ( 'NONE',  ( 5.036640950747327317, 16.37485476181183230, 0.4082002748943784898 ) ) ;
#6116 = CARTESIAN_POINT ( 'NONE',  ( 5.036640950747329981, 13.33318809514516445, -8.028200274894382815 ) ) ;
#6117 = CARTESIAN_POINT ( 'NONE',  ( 1.457500569887467664E-14, 11.00000000000000355, 3.050000000000011369 ) ) ;
#6118 = CARTESIAN_POINT ( 'NONE',  ( 5.206020063032069878, 11.83064494388263732, -0.8164005497887751872 ) ) ;
#6119 =( NAMED_UNIT ( * ) SI_UNIT ( $, .STERADIAN. ) SOLID_ANGLE_UNIT ( ) );
#6120 = CARTESIAN_POINT ( 'NONE',  ( 7.416400549788795260, 16.68735476181182875, 6.226020063032073892 ) ) ;
#6121 = DIRECTION ( 'NONE',  ( 0.0000000000000000000, 1.000000000000000000, -0.0000000000000000000 ) ) ;
#6122 = DIRECTION ( 'NONE',  ( 0.0000000000000000000, 0.0000000000000000000, -1.000000000000000000 ) ) ;
#6123 = CARTESIAN_POINT ( 'NONE',  ( 7.008200274894395676, 16.01814494388263554, 9.183359049252665329 ) ) ;
#6124 = VERTEX_POINT ( 'NONE', #2706 ) ;
#6125 = CARTESIAN_POINT ( 'NONE',  ( 5.036640950747340639, 14.35147827721596236, -8.028200274894407684 ) ) ;
#6126 = CARTESIAN_POINT ( 'NONE',  ( 11.84279056191359913, 8.199999999999999289, 10.81000000000000050 ) ) ;
#6127 = UNCERTAINTY_MEASURE_WITH_UNIT (LENGTH_MEASURE( 1.000000000000000082E-05 ), #7708, 'distance_accuracy_value', 'NONE');
#6128 = DIRECTION ( 'NONE',  ( -0.0000000000000000000, -1.000000000000000000, -0.0000000000000000000 ) ) ;
#6129 = CARTESIAN_POINT ( 'NONE',  ( 7.949999999999986855, 21.69999999999999929, 10.35495886623547968 ) ) ;
#6130 = CARTESIAN_POINT ( 'NONE',  ( 10.28129613775406170, 18.65697564737698855, 5.938842350380236113 ) ) ;
#6131 = CARTESIAN_POINT ( 'NONE',  ( 5.036640950747342416, 14.89314494388263910, 0.4082002748944065229 ) ) ;
#6132 = EDGE_CURVE ( 'NONE', #5992, #10167, #3522, .T. ) ;
#6133 = CARTESIAN_POINT ( 'NONE',  ( 5.036640950747327317, 11.37485476181183053, 8.028200274894379262 ) ) ;
#6134 = CARTESIAN_POINT ( 'NONE',  ( 7.994054184181005773, 21.70000000000000284, 2.762287880571172138 ) ) ;
#6135 = ORIENTED_EDGE ( 'NONE', *, *, #7228, .F. ) ;
#6136 = CARTESIAN_POINT ( 'NONE',  ( 3.589234191373787297, 21.70000000000000284, 0.5640172421197583441 ) ) ;
#6137 = LINE ( 'NONE', #2934, #7429 ) ;
#6138 = ADVANCED_FACE ( 'NONE', ( #9040 ), #2656, .T. ) ;
#6139 = DIRECTION ( 'NONE',  ( 0.0000000000000000000, 0.0000000000000000000, 1.000000000000000000 ) ) ;
#6140 = ORIENTED_EDGE ( 'NONE', *, *, #7578, .T. ) ;
#6141 =( NAMED_UNIT ( * ) PLANE_ANGLE_UNIT ( ) SI_UNIT ( $, .RADIAN. ) );
#6142 = EDGE_CURVE ( 'NONE', #4891, #405, #8370, .T. ) ;
#6143 =( NAMED_UNIT ( * ) SI_UNIT ( $, .STERADIAN. ) SOLID_ANGLE_UNIT ( ) );
#6144 = LINE ( 'NONE', #4566, #4516 ) ;
#6145 =( NAMED_UNIT ( * ) PLANE_ANGLE_UNIT ( ) SI_UNIT ( $, .RADIAN. ) );
#6147 = VERTEX_POINT ( 'NONE', #930 ) ;
#6146 = CARTESIAN_POINT ( 'NONE',  ( 5.558861877317066380, 12.58388873565663246, -0.6097546408115583905 ) ) ;
#6148 = CARTESIAN_POINT ( 'NONE',  ( 6.295122679594222781, 16.02138873565662891, -8.787644284148505847 ) ) ;
#6149 = ORIENTED_EDGE ( 'NONE', *, *, #6676, .F. ) ;
#6150 = CARTESIAN_POINT ( 'NONE',  ( 8.163359049252662203, 16.62485476181182875, -8.028200274894398802 ) ) ;
#6151 = CARTESIAN_POINT ( 'NONE',  ( 6.599999999999999645, 17.02352941176470580, 5.119999999928978696 ) ) ;
#6152 = CARTESIAN_POINT ( 'NONE',  ( 7.416400549788777496, 14.02068809514516445, 9.013979936967938755 ) ) ;
#6153 = CARTESIAN_POINT ( 'NONE',  ( 11.08999999999999986, 0.0000000000000000000, 11.42999999999999972 ) ) ;
#6154 = CARTESIAN_POINT ( 'NONE',  ( 6.295122679594229886, 13.52138873565663246, 6.452355715851498807 ) ) ;
#6155 = CARTESIAN_POINT ( 'NONE',  ( 9.224999999999999645, 0.8999999999999920286, 4.410000000000000142 ) ) ;
#6156 = CARTESIAN_POINT ( 'NONE',  ( 0.0000000000000000000, 2.649999999999990141, 11.42999999999999972 ) ) ;
#6157 = ORIENTED_EDGE ( 'NONE', *, *, #9572, .T. ) ;
#6158 = PLANE ( 'NONE',  #10136 ) ;
#6160 = EDGE_LOOP ( 'NONE', ( #10255, #933, #3344, #5508 ) ) ;
#6159 = CARTESIAN_POINT ( 'NONE',  ( 6.191799725105617824, 15.95818809514516801, 1.563359049252668775 ) ) ;
#6161 =( GEOMETRIC_REPRESENTATION_CONTEXT ( 3 ) GLOBAL_UNCERTAINTY_ASSIGNED_CONTEXT ( ( #5393 ) ) GLOBAL_UNIT_ASSIGNED_CONTEXT ( ( #4271, #5224, #109 ) ) REPRESENTATION_CONTEXT ( 'NONE', 'WORKASPACE' ) );
#6162 = CARTESIAN_POINT ( 'NONE',  ( 7.767644284148500056, 13.35472206898996816, -7.315122679594209920 ) ) ;
#6163 = ORIENTED_EDGE ( 'NONE', *, *, #8676, .T. ) ;
#6164 = CARTESIAN_POINT ( 'NONE',  ( 6.600000000000001421, 17.25000000000000000, -5.270000000000000462 ) ) ;
#6165 = CARTESIAN_POINT ( 'NONE',  ( 8.163359049252678190, 11.58318809514516801, 0.4082002748943624471 ) ) ;
#6166 = CIRCLE ( 'NONE', #9334, 2.252347247920742923 ) ;
#6167 = DIRECTION ( 'NONE',  ( -0.0000000000000000000, 0.9805806756909201116, 0.1961161351381840168 ) ) ;
#6168 = CARTESIAN_POINT ( 'NONE',  ( 5.250000000000000000, 21.69999999999999929, 11.42999999999999972 ) ) ;
#6169 = CARTESIAN_POINT ( 'NONE',  ( 7.949999999999998401, 21.69999999999999929, 4.885041133764532084 ) ) ;
#6170 = CARTESIAN_POINT ( 'NONE',  ( 5.558861877317069933, 16.66722206898996816, 8.229754640811570710 ) ) ;
#6171 = STYLED_ITEM ( 'NONE', ( #4301 ), #3941 ) ;
#6172 = CARTESIAN_POINT ( 'NONE',  ( 6.191799725105594732, 11.95818809514516445, 9.183359049252660000 ) ) ;
#6173 = CARTESIAN_POINT ( 'NONE',  ( 7.993979936967926747, 16.64568809514516090, 6.803599450211207156 ) ) ;
#6174 = ORIENTED_EDGE ( 'NONE', *, *, #5778, .F. ) ;
#6175 = CARTESIAN_POINT ( 'NONE',  ( 7.008200274894377024, 13.72647827721596592, -9.183359049252667106 ) ) ;
#6176 = CARTESIAN_POINT ( 'NONE',  ( 6.999999999998820499, 18.72743090741203531, 2.179469421719243183 ) ) ;
#6177 =( BOUNDED_SURFACE ( )  B_SPLINE_SURFACE ( 3, 3, ( 
 ( #800, #3130, #6363, #8720 ),
 ( #5684, #4691, #4852, #10522 ),
 ( #1447, #7160, #587, #8865 ),
 ( #2252, #4753, #7209, #5641 ) ),
 .UNSPECIFIED., .F., .F., .F. ) 
 B_SPLINE_SURFACE_WITH_KNOTS ( ( 4, 4 ),
 ( 4, 4 ),
 ( 0.0000000000000000000, 1.000000000000000000 ),
 ( 0.0000000000000000000, 1.000000000000000000 ),
 .UNSPECIFIED. ) 
 GEOMETRIC_REPRESENTATION_ITEM ( )  RATIONAL_B_SPLINE_SURFACE ( (
 ( 1.000000000000000000, 0.4407513212696929084, 0.4407513212696929084, 1.000000000000000000),
 ( 0.8209024677481373544, 0.3618138472935429895, 0.3618138472935429895, 0.8209024677481373544),
 ( 0.8209024677481373544, 0.3618138472935429895, 0.3618138472935429895, 0.8209024677481373544),
 ( 1.000000000000000000, 0.4407513212696929084, 0.4407513212696929084, 1.000000000000000000) ) ) 
 REPRESENTATION_ITEM ( '' )  SURFACE ( )  );
#6178 =( NAMED_UNIT ( * ) SI_UNIT ( $, .STERADIAN. ) SOLID_ANGLE_UNIT ( ) );
#6179 = SURFACE_SIDE_STYLE ('',( #6019 ) ) ;
#6180 = CARTESIAN_POINT ( 'NONE',  ( 1.899999999999999023, 17.25000000000000000, -9.969999999999998863 ) ) ;
#6181 = EDGE_LOOP ( 'NONE', ( #10376, #4601, #4418, #1455, #5742, #798 ) ) ;
#6182 = CARTESIAN_POINT ( 'NONE',  ( 7.993979936967921418, 14.64568809514516268, -0.8164005497888086049 ) ) ;
#6183 = CARTESIAN_POINT ( 'NONE',  ( 5.206020063032087641, 11.41397827721596769, 8.436400549788825032 ) ) ;
#6184 = DIRECTION ( 'NONE',  ( 0.0000000000000000000, 0.0000000000000000000, 1.000000000000000000 ) ) ;
#6185 = VERTEX_POINT ( 'NONE', #155 ) ;
#6186 = PRESENTATION_LAYER_ASSIGNMENT (  '', '', ( #3471 ) ) ;
#6187 = EDGE_CURVE ( 'NONE', #10453, #1662, #9851, .T. ) ;
#6188 = DIRECTION ( 'NONE',  ( -0.5000000000000048850, -0.0000000000000000000, -0.8660254037844358210 ) ) ;
#6189 = SHAPE_DEFINITION_REPRESENTATION ( #4465, #7474 ) ;
#6190 = EDGE_LOOP ( 'NONE', ( #7470, #4086, #1647 ) ) ;
#6191 = LINE ( 'NONE', #7184, #2760 ) ;
#6192 = VECTOR ( 'NONE', #9823, 1000.000000000000000 ) ;
#6193 = EDGE_CURVE ( 'NONE', #7733, #9580, #6166, .T. ) ;
#6194 = ADVANCED_FACE ( 'NONE', ( #6013 ), #9948, .T. ) ;
#6195 = EDGE_CURVE ( 'NONE', #4991, #3391, #1839, .T. ) ;
#6196 = CARTESIAN_POINT ( 'NONE',  ( -1.301042606982605321E-15, 2.649999999999999467, -10.67000000000001769 ) ) ;
#6197 = SURFACE_SIDE_STYLE ('',( #7846 ) ) ;
#6199 = ORIENTED_EDGE ( 'NONE', *, *, #4258, .T. ) ;
#6198 = CARTESIAN_POINT ( 'NONE',  ( 5.206020063032072542, 12.39568809514516445, 0.8164005497887859564 ) ) ;
#6200 = ORIENTED_EDGE ( 'NONE', *, *, #3640, .F. ) ;
#6201 = CARTESIAN_POINT ( 'NONE',  ( 5.206020063032076095, 15.33064494388263377, -8.436400549788807268 ) ) ;
#6202 = SURFACE_STYLE_FILL_AREA ( #354 ) ;
#6203 = CARTESIAN_POINT ( 'NONE',  ( 6.599999999999999645, 18.75000000000000000, 0.0000000000000000000 ) ) ;
#6204 = CARTESIAN_POINT ( 'NONE',  ( 5.432355715851504563, 13.60472206898996639, 7.315122679594203703 ) ) ;
#6205 = EDGE_CURVE ( 'NONE', #6748, #4393, #1933, .T. ) ;
#6206 = CARTESIAN_POINT ( 'NONE',  ( 6.224332664435228146, 16.94999999999997087, 9.130663035696496621 ) ) ;
#6207 = CARTESIAN_POINT ( 'NONE',  ( 10.58305125912161415, 21.69999999999999574, -1.478985838650954454 ) ) ;
#6208 = ORIENTED_EDGE ( 'NONE', *, *, #232, .T. ) ;
#6209 = VECTOR ( 'NONE', #8200, 1000.000000000000000 ) ;
#6210 = VECTOR ( 'NONE', #3827, 1000.000000000000000 ) ;
#6211 = PRESENTATION_LAYER_ASSIGNMENT (  '', '', ( #2812 ) ) ;
#6213 = ORIENTED_EDGE ( 'NONE', *, *, #6602, .F. ) ;
#6212 = CARTESIAN_POINT ( 'NONE',  ( 7.008200274894408111, 14.70818809514516090, -1.563359049252657895 ) ) ;
#6214 = CARTESIAN_POINT ( 'NONE',  ( 5.558861877317073485, 13.08388873565663069, -8.229754640811576039 ) ) ;
#6215 = DIRECTION ( 'NONE',  ( 0.0000000000000000000, 0.0000000000000000000, 1.000000000000000000 ) ) ;
#6216 = CARTESIAN_POINT ( 'NONE',  ( 8.163359049252655097, 11.08318809514513248, 0.4082002748944132398 ) ) ;
#6217 = SURFACE_SIDE_STYLE ('',( #2090 ) ) ;
#6218 = LINE ( 'NONE', #4422, #3015 ) ;
#6219 = CARTESIAN_POINT ( 'NONE',  ( 5.020590997084879881, 21.59382459450401015, -10.49396778745487246 ) ) ;
#6220 = CARTESIAN_POINT ( 'NONE',  ( 7.767644284148502720, 16.39638873565663246, 7.315122679594211696 ) ) ;
#6221 = ADVANCED_FACE ( 'NONE', ( #5230 ), #5417, .T. ) ;
#6222 = FILL_AREA_STYLE_COLOUR ( '', #10446 ) ;
#6223 = CARTESIAN_POINT ( 'NONE',  ( 7.209754640811593340, 12.45888873565663069, 6.578861877317077500 ) ) ;
#6224 = CARTESIAN_POINT ( 'NONE',  ( 7.008200274894384130, 15.49985476181183230, 9.183359049252670658 ) ) ;
#6225 = VERTEX_POINT ( 'NONE', #8341 ) ;
#6226 = EDGE_LOOP ( 'NONE', ( #807, #722, #3224, #3139, #1097, #3577 ) ) ;
#6227 = DIRECTION ( 'NONE',  ( 1.000000000000000000, 0.0000000000000000000, -0.0000000000000000000 ) ) ;
#6228 = ORIENTED_EDGE ( 'NONE', *, *, #2216, .F. ) ;
#6229 = DIRECTION ( 'NONE',  ( 1.000000000000000000, -0.0000000000000000000, 0.0000000000000000000 ) ) ;
#6230 = SURFACE_STYLE_FILL_AREA ( #10426 ) ;
#6231 = MECHANICAL_DESIGN_GEOMETRIC_PRESENTATION_REPRESENTATION (  '', ( #1784 ), #10130 ) ;
#6232 = ORIENTED_EDGE ( 'NONE', *, *, #3412, .T. ) ;
#6233 = VECTOR ( 'NONE', #10212, 1000.000000000000000 ) ;
#6234 = CARTESIAN_POINT ( 'NONE',  ( 6.191799725105592067, 14.45818809514516623, 1.563359049252660560 ) ) ;
#6235 = DIRECTION ( 'NONE',  ( -1.000000000000000000, 9.637352644315610034E-17, 0.0000000000000000000 ) ) ;
#6236 = AXIS2_PLACEMENT_3D ( 'NONE', #5939, #9170, #3810 ) ;
#6237 = CARTESIAN_POINT ( 'NONE',  ( 7.008200274894393900, 11.20818809514516445, 6.056640950747334884 ) ) ;
#6238 = DIRECTION ( 'NONE',  ( -0.2873478855663462173, -1.122048803180700363E-15, 0.9578262852211512079 ) ) ;
#6239 = CIRCLE ( 'NONE', #6743, 2.500000000000000444 ) ;
#6240 = CARTESIAN_POINT ( 'NONE',  ( 6.599999999999999645, 16.94999999999999929, 2.225735931288070901 ) ) ;
#6241 = ORIENTED_EDGE ( 'NONE', *, *, #5119, .F. ) ;
#6242 = COLOUR_RGB ( '',0.2862745098039215508, 0.6431372549019607199, 0.8666666666666666963 ) ;
#6243 = CIRCLE ( 'NONE', #2664, 2.500000000000000444 ) ;
#6244 = DIRECTION ( 'NONE',  ( 0.0000000000000000000, -1.000000000000000000, 0.0000000000000000000 ) ) ;
#6245 = DIRECTION ( 'NONE',  ( -1.000000000000000000, 0.0000000000000000000, 0.0000000000000000000 ) ) ;
#6246 = FACE_OUTER_BOUND ( 'NONE', #9183, .T. ) ;
#6247 = STYLED_ITEM ( 'NONE', ( #2847 ), #9188 ) ;
#6248 = MECHANICAL_DESIGN_GEOMETRIC_PRESENTATION_REPRESENTATION (  '', ( #8116 ), #4234 ) ;
#6249 = PRESENTATION_LAYER_ASSIGNMENT (  '', '', ( #427 ) ) ;
#6251 = VERTEX_POINT ( 'NONE', #7592 ) ;
#6250 = CARTESIAN_POINT ( 'NONE',  ( 7.993979936967939182, 11.56235476181183586, 0.8164005497887717455 ) ) ;
#6252 = ORIENTED_EDGE ( 'NONE', *, *, #1489, .T. ) ;
#6253 = LINE ( 'NONE', #8702, #5542 ) ;
#6254 = PRESENTATION_STYLE_ASSIGNMENT (( #679 ) ) ;
#6255 = ADVANCED_FACE ( 'NONE', ( #6892 ), #10093, .F. ) ;
#6256 = CARTESIAN_POINT ( 'NONE',  ( 3.250000000000000000, 17.19999999999999929, -11.42999999999999972 ) ) ;
#6257 = CIRCLE ( 'NONE', #4550, 2.187500000039471981 ) ;
#6258 = LINE ( 'NONE', #6513, #6192 ) ;
#6259 = PLANE ( 'NONE',  #1262 ) ;
#6260 = LINE ( 'NONE', #5429, #6055 ) ;
#6261 = ORIENTED_EDGE ( 'NONE', *, *, #1406, .T. ) ;
#6262 = FACE_BOUND ( 'NONE', #3068, .T. ) ;
#6263 = DIRECTION ( 'NONE',  ( 0.0000000000000000000, -0.0000000000000000000, 1.000000000000000000 ) ) ;
#6264 = VECTOR ( 'NONE', #7298, 1000.000000000000000 ) ;
#6266 = VERTEX_POINT ( 'NONE', #4457 ) ;
#6265 = CARTESIAN_POINT ( 'NONE',  ( 8.163359049252656874, 15.12485476181183053, -0.4082002748944137949 ) ) ;
#6267 = CARTESIAN_POINT ( 'NONE',  ( 7.993979936967933853, 13.14568809514516978, -8.436400549788784176 ) ) ;
#6268 = EDGE_CURVE ( 'NONE', #2370, #9311, #2694, .T. ) ;
#6269 = CARTESIAN_POINT ( 'NONE',  ( 7.500000000000000000, 1.549999999999990052, -8.119999999999999218 ) ) ;
#6270 = CARTESIAN_POINT ( 'NONE',  ( 7.702110499919415432, 11.04129925530718914, 1.108269986837310483 ) ) ;
#6271 = PRESENTATION_STYLE_ASSIGNMENT (( #368 ) ) ;
#6272 = DIRECTION ( 'NONE',  ( 0.0000000000000000000, 0.0000000000000000000, 1.000000000000000000 ) ) ;
#6273 = ADVANCED_FACE ( 'NONE', ( #8442 ), #9349, .T. ) ;
#6274 = FILL_AREA_STYLE ('',( #7982 ) ) ;
#6275 = CARTESIAN_POINT ( 'NONE',  ( 7.767644284148497391, 15.85472206898996816, 7.924877320405797398 ) ) ;
#6276 = DIRECTION ( 'NONE',  ( 0.8660254037844387076, -0.0000000000000000000, 0.4999999999999999445 ) ) ;
#6277 = CARTESIAN_POINT ( 'NONE',  ( 5.783599450211176496, 12.77068809514516623, 6.226020063032088991 ) ) ;
#6278 = CARTESIAN_POINT ( 'NONE',  ( 7.993979936967930300, 14.66397827721596059, 6.803599450211216038 ) ) ;
#6279 = ORIENTED_EDGE ( 'NONE', *, *, #8738, .T. ) ;
#6280 = CARTESIAN_POINT ( 'NONE',  ( 5.783599450211212911, 13.78897827721596414, -9.013979936967929874 ) ) ;
#6281 = FILL_AREA_STYLE_COLOUR ( '', #5395 ) ;
#6282 = DIRECTION ( 'NONE',  ( 0.0000000000000000000, -0.0000000000000000000, -1.000000000000000000 ) ) ;
#6283 = CARTESIAN_POINT ( 'NONE',  ( 6.199999999999999289, 17.94999999999240714, 2.266761713739205764 ) ) ;
#6284 = CARTESIAN_POINT ( 'NONE',  ( 6.600000000000001421, 17.25000000000000000, -5.270000000000000462 ) ) ;
#6285 = CARTESIAN_POINT ( 'NONE',  ( 6.191799725105617824, 15.95818809514516801, -6.056640950747332219 ) ) ;
#6286 = EDGE_LOOP ( 'NONE', ( #8198, #6464, #6988, #9608 ) ) ;
#6287 = CARTESIAN_POINT ( 'NONE',  ( 5.783599450211218240, 14.45564494388263554, 1.393979936967931765 ) ) ;
#6288 =( NAMED_UNIT ( * ) SI_UNIT ( $, .STERADIAN. ) SOLID_ANGLE_UNIT ( ) );
#6289 = CARTESIAN_POINT ( 'NONE',  ( 5.206020063032087641, 11.33064494388263199, 6.803599450211181399 ) ) ;
#6290 = LINE ( 'NONE', #3209, #4222 ) ;
#6291 = ORIENTED_EDGE ( 'NONE', *, *, #9658, .F. ) ;
#6292 = EDGE_CURVE ( 'NONE', #8606, #8778, #5164, .T. ) ;
#6293 = FILL_AREA_STYLE_COLOUR ( '', #1593 ) ;
#6294 = CARTESIAN_POINT ( 'NONE',  ( 0.0000000000000000000, 0.0000000000000000000, 83.81999999999997897 ) ) ;
#6295 = DIRECTION ( 'NONE',  ( 0.0000000000000000000, 0.2290393337206127755, 0.9734171683347371262 ) ) ;
#6296 = EDGE_LOOP ( 'NONE', ( #4139, #7721, #6324, #5301 ) ) ;
#6297 = PRESENTATION_STYLE_ASSIGNMENT (( #6346 ) ) ;
#6298 = UNCERTAINTY_MEASURE_WITH_UNIT (LENGTH_MEASURE( 1.000000000000000082E-05 ), #3261, 'distance_accuracy_value', 'NONE');
#6299 = FILL_AREA_STYLE ('',( #7961 ) ) ;
#6300 = CARTESIAN_POINT ( 'NONE',  ( 7.500000000000000000, 0.5999999999999907629, 8.119999999999999218 ) ) ;
#6302 = VERTEX_POINT ( 'NONE', #1983 ) ;
#6301 = CARTESIAN_POINT ( 'NONE',  ( 5.206020063032069878, 12.31235476181183763, -0.8164005497887751872 ) ) ;
#6303 = ORIENTED_EDGE ( 'NONE', *, *, #4455, .T. ) ;
#6304 = SURFACE_STYLE_USAGE ( .BOTH. , #7737 ) ;
#6305 = DIRECTION ( 'NONE',  ( 0.0000000000000000000, 0.0000000000000000000, -1.000000000000000000 ) ) ;
#6306 = CARTESIAN_POINT ( 'NONE',  ( 8.299999999999998934, -3.750000000000000000, 8.119999999999999218 ) ) ;
#6307 = PLANE ( 'NONE',  #4493 ) ;
#6308 = LINE ( 'NONE', #8123, #191 ) ;
#6309 = ORIENTED_EDGE ( 'NONE', *, *, #10553, .F. ) ;
#6310 = CARTESIAN_POINT ( 'NONE',  ( 7.500000000000000000, 0.9000000000000010214, 0.8000000000000122569 ) ) ;
#6311 = EDGE_CURVE ( 'NONE', #8377, #1067, #2031, .T. ) ;
#6313 = ORIENTED_EDGE ( 'NONE', *, *, #9324, .T. ) ;
#6312 = CARTESIAN_POINT ( 'NONE',  ( 5.036640950747324652, 14.87485476181182875, 0.4082002748943680537 ) ) ;
#6314 = CARTESIAN_POINT ( 'NONE',  ( 5.990245359188406837, 12.54222206898996461, -8.661138122682913831 ) ) ;
#6315 = DIRECTION ( 'NONE',  ( 0.0000000000000000000, 0.0000000000000000000, -1.000000000000000000 ) ) ;
#6316 = CARTESIAN_POINT ( 'NONE',  ( 5.036640950747339751, 11.87485476181183763, 0.4082002748944231207 ) ) ;
#6317 = FACE_OUTER_BOUND ( 'NONE', #5708, .T. ) ;
#6318 = LINE ( 'NONE', #4101, #5919 ) ;
#6319 = CARTESIAN_POINT ( 'NONE',  ( 5.066605054881935466, 21.63898084576835501, -10.46670603512078124 ) ) ;
#6320 = CARTESIAN_POINT ( 'NONE',  ( 5.558861877317064604, 15.66722206898996461, 8.229754640811560051 ) ) ;
#6321 = CARTESIAN_POINT ( 'NONE',  ( 3.167957166897568122, -6.929999999999949978, 10.80999999999999872 ) ) ;
#6322 = EDGE_CURVE ( 'NONE', #6225, #5234, #8544, .T. ) ;
#6323 = CARTESIAN_POINT ( 'NONE',  ( 5.990245359188433483, 12.04222206898997172, 6.578861877317072171 ) ) ;
#6324 = ORIENTED_EDGE ( 'NONE', *, *, #5889, .T. ) ;
#6325 = VECTOR ( 'NONE', #8553, 1000.000000000000000 ) ;
#6326 = PRESENTATION_STYLE_ASSIGNMENT (( #10476 ) ) ;
#6327 = EDGE_CURVE ( 'NONE', #4404, #2100, #5122, .T. ) ;
#6328 = UNCERTAINTY_MEASURE_WITH_UNIT (LENGTH_MEASURE( 1.000000000000000082E-05 ), #4959, 'distance_accuracy_value', 'NONE');
#6329 = FACE_OUTER_BOUND ( 'NONE', #10477, .T. ) ;
#6330 = CARTESIAN_POINT ( 'NONE',  ( 10.20877607586299796, 18.75000000000000355, 9.268039516158902202 ) ) ;
#6331 = CARTESIAN_POINT ( 'NONE',  ( 7.641138122682932909, 14.91722206898996284, -8.229754640811563604 ) ) ;
#6332 = CARTESIAN_POINT ( 'NONE',  ( 7.993979936967930300, 13.58064494388263199, 0.8164005497887859564 ) ) ;
#6333 = CARTESIAN_POINT ( 'NONE',  ( 6.600000000000000533, 17.25000000000000000, -9.670000000000001705 ) ) ;
#6334 =( NAMED_UNIT ( * ) SI_UNIT ( $, .STERADIAN. ) SOLID_ANGLE_UNIT ( ) );
#6335 = FACE_OUTER_BOUND ( 'NONE', #3275, .T. ) ;
#6336 = STYLED_ITEM ( 'NONE', ( #970 ), #3946 ) ;
#6337 = LINE ( 'NONE', #10434, #9376 ) ;
#6338 = DIRECTION ( 'NONE',  ( 1.000000000000000000, 0.0000000000000000000, -0.0000000000000000000 ) ) ;
#6339 = DIRECTION ( 'NONE',  ( 0.0000000000000000000, 0.0000000000000000000, -1.000000000000000000 ) ) ;
#6340 = CONTEXT_DEPENDENT_SHAPE_REPRESENTATION ( #1825, #3110 ) ;
#6341 = CARTESIAN_POINT ( 'NONE',  ( 10.03031986140680765, 18.75000000000000711, -9.162016754626360893 ) ) ;
#6342 = CARTESIAN_POINT ( 'NONE',  ( 8.163359049252656874, 13.64314494388263377, 7.211799725105583647 ) ) ;
#6343 = CLOSED_SHELL ( 'NONE', ( #745, #2813, #700, #3813 ) ) ;
#6344 =( LENGTH_UNIT ( ) NAMED_UNIT ( * ) SI_UNIT ( .MILLI., .METRE. ) );
#6345 = EDGE_CURVE ( 'NONE', #2351, #35, #2394, .T. ) ;
#6346 = SURFACE_STYLE_USAGE ( .BOTH. , #7142 ) ;
#6347 = B_SPLINE_CURVE_WITH_KNOTS ( 'NONE', 3,
 ( #10513, #7196, #4680, #8761 ),
 .UNSPECIFIED., .F., .F.,
 ( 4, 4 ),
 ( 4.472988098914366154E-15, 0.0007087569161299116802 ),
 .UNSPECIFIED. ) ;
#6349 = ORIENTED_EDGE ( 'NONE', *, *, #9064, .F. ) ;
#6348 = CARTESIAN_POINT ( 'NONE',  ( 7.008200274894401893, 12.20818809514516445, -1.563359049252657673 ) ) ;
#6350 = ORIENTED_EDGE ( 'NONE', *, *, #7851, .T. ) ;
#6351 = CARTESIAN_POINT ( 'NONE',  ( 5.250000000000000000, 21.69999999999999929, -11.43000000000000327 ) ) ;
#6352 = FACE_OUTER_BOUND ( 'NONE', #8056, .T. ) ;
#6353 = LINE ( 'NONE', #6153, #757 ) ;
#6354 = LINE ( 'NONE', #4843, #3486 ) ;
#6355 =( GEOMETRIC_REPRESENTATION_CONTEXT ( 3 ) GLOBAL_UNCERTAINTY_ASSIGNED_CONTEXT ( ( #3140 ) ) GLOBAL_UNIT_ASSIGNED_CONTEXT ( ( #5574, #9317, #7711 ) ) REPRESENTATION_CONTEXT ( 'NONE', 'WORKASPACE' ) );
#6356 = CARTESIAN_POINT ( 'NONE',  ( 8.156278861403016833, 21.61786898572396609, -10.48029709439176393 ) ) ;
#6358 = ORIENTED_EDGE ( 'NONE', *, *, #3214, .F. ) ;
#6357 = CARTESIAN_POINT ( 'NONE',  ( 6.904877320405776508, 15.27138873565663069, 1.167644284148502187 ) ) ;
#6359 = CARTESIAN_POINT ( 'NONE',  ( 2.099999999999999645, 4.799999999999999822, 1.699999999999999956 ) ) ;
#6360 = VECTOR ( 'NONE', #2593, 1000.000000000000000 ) ;
#6361 = FILL_AREA_STYLE_COLOUR ( '', #8587 ) ;
#6362 = CARTESIAN_POINT ( 'NONE',  ( 0.0000000000000000000, 0.0000000000000000000, 4.410000000000000142 ) ) ;
#6363 = CARTESIAN_POINT ( 'NONE',  ( 3.081748378972266167, 18.74999999999999645, -6.013300781939463491 ) ) ;
#6364 = SURFACE_STYLE_FILL_AREA ( #4692 ) ;
#6365 = SURFACE_STYLE_FILL_AREA ( #6274 ) ;
#6366 = STYLED_ITEM ( 'NONE', ( #7897 ), #5463 ) ;
#6367 = CARTESIAN_POINT ( 'NONE',  ( 5.558861877317079703, 15.16722206898997172, 8.229754640811593802 ) ) ;
#6368 = CARTESIAN_POINT ( 'NONE',  ( 4.950000000000010836, 21.39999999999999858, -10.53547594742268245 ) ) ;
#6369 = VECTOR ( 'NONE', #8344, 1000.000000000000000 ) ;
#6370 = CARTESIAN_POINT ( 'NONE',  ( 6.904877320405772068, 11.77138873565663424, 8.787644284148504070 ) ) ;
#6371 = ORIENTED_EDGE ( 'NONE', *, *, #2158, .F. ) ;
#6372 = AXIS2_PLACEMENT_3D ( 'NONE', #960, #6730, #8374 ) ;
#6373 = FACE_OUTER_BOUND ( 'NONE', #9575, .T. ) ;
#6374 = VERTEX_POINT ( 'NONE', #4630 ) ;
#6375 = FACE_OUTER_BOUND ( 'NONE', #1919, .T. ) ;
#6376 = CARTESIAN_POINT ( 'NONE',  ( 9.099999999999999645, 17.02352941176470580, -7.620000000000000107 ) ) ;
#6377 = CARTESIAN_POINT ( 'NONE',  ( 9.340449452938115016, 21.70000000000000639, -6.251286637796700241 ) ) ;
#6378 = CARTESIAN_POINT ( 'NONE',  ( 5.432355715851504563, 15.10472206898996639, -7.924877320405793846 ) ) ;
#6379 = CARTESIAN_POINT ( 'NONE',  ( 7.416400549788777496, 13.53897827721596769, 1.393979936967939759 ) ) ;
#6380 = STYLED_ITEM ( 'NONE', ( #10062 ), #6963 ) ;
#6381 = CARTESIAN_POINT ( 'NONE',  ( 6.599999999999999645, 18.75000000000000000, 0.0000000000000000000 ) ) ;
#6382 = FILL_AREA_STYLE ('',( #7941 ) ) ;
#6383 = PRESENTATION_LAYER_ASSIGNMENT (  '', '', ( #6885 ) ) ;
#6384 = EDGE_CURVE ( 'NONE', #7048, #9141, #10307, .T. ) ;
#6385 = AXIS2_PLACEMENT_3D ( 'NONE', #3352, #6598, #192 ) ;
#6386 = CARTESIAN_POINT ( 'NONE',  ( 6.599999999999998757, 17.27092694212337776, 5.270730784922062817 ) ) ;
#6387 = CARTESIAN_POINT ( 'NONE',  ( 1.900000000000001688, 17.25000000000000355, 2.349999999999999645 ) ) ;
#6388 = EDGE_LOOP ( 'NONE', ( #2456, #8410, #3606, #2816, #985, #3676 ) ) ;
#6389 =( LENGTH_UNIT ( ) NAMED_UNIT ( * ) SI_UNIT ( .MILLI., .METRE. ) );
#6390 = AXIS2_PLACEMENT_3D ( 'NONE', #9090, #4366, #6651 ) ;
#6391 = AXIS2_PLACEMENT_3D ( 'NONE', #2494, #1682, #4985 ) ;
#6392 = CARTESIAN_POINT ( 'NONE',  ( 2.500000000000004885, 16.94999999999999929, 9.670000000000003482 ) ) ;
#6393 = PRESENTATION_STYLE_ASSIGNMENT (( #7786 ) ) ;
#6394 = DIRECTION ( 'NONE',  ( -0.0000000000000000000, -1.000000000000000000, -0.0000000000000000000 ) ) ;
#6395 = ADVANCED_FACE ( 'NONE', ( #3267 ), #2144, .F. ) ;
#6396 = CARTESIAN_POINT ( 'NONE',  ( 8.163359049252656874, 13.08318809514516445, 8.028200274894404131 ) ) ;
#6397 = EDGE_CURVE ( 'NONE', #2370, #4376, #6260, .T. ) ;
#6398 = AXIS2_PLACEMENT_3D ( 'NONE', #7210, #2473, #856 ) ;
#6399 =( GEOMETRIC_REPRESENTATION_CONTEXT ( 3 ) GLOBAL_UNCERTAINTY_ASSIGNED_CONTEXT ( ( #3001 ) ) GLOBAL_UNIT_ASSIGNED_CONTEXT ( ( #179, #3654, #6832 ) ) REPRESENTATION_CONTEXT ( 'NONE', 'WORKASPACE' ) );
#6400 = CARTESIAN_POINT ( 'NONE',  ( 8.859439452220348343, 21.70000000000000284, 2.068417277702217394 ) ) ;
#6401 = AXIS2_PLACEMENT_3D ( 'NONE', #8364, #1646, #9914 ) ;
#6402 = ORIENTED_EDGE ( 'NONE', *, *, #8798, .F. ) ;
#6403 = UNCERTAINTY_MEASURE_WITH_UNIT (LENGTH_MEASURE( 1.000000000000000082E-05 ), #5052, 'distance_accuracy_value', 'NONE');
#6404 = PLANE ( 'NONE',  #2500 ) ;
#6405 = VECTOR ( 'NONE', #5089, 1000.000000000000000 ) ;
#6406 = AXIS2_PLACEMENT_3D ( 'NONE', #3501, #9931, #8337 ) ;
#6408 = ORIENTED_EDGE ( 'NONE', *, *, #7578, .F. ) ;
#6407 = CARTESIAN_POINT ( 'NONE',  ( 7.416400549788803254, 12.02068809514516801, 1.393979936967922439 ) ) ;
#6409 =( GEOMETRIC_REPRESENTATION_CONTEXT ( 3 ) GLOBAL_UNCERTAINTY_ASSIGNED_CONTEXT ( ( #8210 ) ) GLOBAL_UNIT_ASSIGNED_CONTEXT ( ( #2611, #170, #127 ) ) REPRESENTATION_CONTEXT ( 'NONE', 'WORKASPACE' ) );
#6410 = VERTEX_POINT ( 'NONE', #10202 ) ;
#6411 = CARTESIAN_POINT ( 'NONE',  ( -2.063397139908274887E-15, 2.650000000000024336, 3.050000000000005151 ) ) ;
#6412 = DIRECTION ( 'NONE',  ( 1.000000000000000000, -0.0000000000000000000, 0.0000000000000000000 ) ) ;
#6413 = SURFACE_SIDE_STYLE ('',( #8120 ) ) ;
#6414 = CARTESIAN_POINT ( 'NONE',  ( 6.599999999999999645, 16.95000000000000639, -6.106907539380300953 ) ) ;
#6415 = VECTOR ( 'NONE', #8473, 999.9999999999998863 ) ;
#6416 = PLANE ( 'NONE',  #712 ) ;
#6417 = DIRECTION ( 'NONE',  ( -0.0000000000000000000, -0.0000000000000000000, -1.000000000000000000 ) ) ;
#6419 = ORIENTED_EDGE ( 'NONE', *, *, #6723, .T. ) ;
#6418 = CARTESIAN_POINT ( 'NONE',  ( 5.990245359188417495, 14.54222206898996639, -1.041138122682921274 ) ) ;
#6420 = CARTESIAN_POINT ( 'NONE',  ( 7.767644284148492062, 11.85472206898996816, -7.315122679594211696 ) ) ;
#6421 = VECTOR ( 'NONE', #7458, 999.9999999999998863 ) ;
#6422 = PLANE ( 'NONE',  #4712 ) ;
#6423 = STYLED_ITEM ( 'NONE', ( #3683 ), #8802 ) ;
#6424 =( LENGTH_UNIT ( ) NAMED_UNIT ( * ) SI_UNIT ( .MILLI., .METRE. ) );
#6425 = CARTESIAN_POINT ( 'NONE',  ( 6.599999999999999645, 16.94999999999424745, 2.187500000039471981 ) ) ;
#6426 =( NAMED_UNIT ( * ) PLANE_ANGLE_UNIT ( ) SI_UNIT ( $, .RADIAN. ) );
#6427 = DIRECTION ( 'NONE',  ( -0.0000000000000000000, 1.000000000000000000, 0.0000000000000000000 ) ) ;
#6428 = CARTESIAN_POINT ( 'NONE',  ( 7.993979936967921418, 15.06235476181183230, 8.436400549788803716 ) ) ;
#6429 = DIRECTION ( 'NONE',  ( 1.000000000000000000, -0.0000000000000000000, 0.0000000000000000000 ) ) ;
#6430 = CARTESIAN_POINT ( 'NONE',  ( 5.558861877317078815, 11.66722206898996816, 8.229754640811597355 ) ) ;
#6431 = AXIS2_PLACEMENT_3D ( 'NONE', #3003, #1130, #7962 ) ;
#6432 = VERTEX_POINT ( 'NONE', #8894 ) ;
#6433 = CARTESIAN_POINT ( 'NONE',  ( 5.036640950747339751, 13.83318809514516623, -8.028200274894407684 ) ) ;
#6434 = CARTESIAN_POINT ( 'NONE',  ( 4.025000000000000355, 16.30000000000000071, 10.83000000000000007 ) ) ;
#6435 = FACE_OUTER_BOUND ( 'NONE', #9716, .T. ) ;
#6436 = CARTESIAN_POINT ( 'NONE',  ( 7.000000000000000000, 18.75000000000000000, 5.499292684040349322 ) ) ;
#6437 = DIRECTION ( 'NONE',  ( -0.2873478855663449405, -1.122048803180699377E-15, 0.9578262852211515410 ) ) ;
#6438 = EDGE_CURVE ( 'NONE', #5627, #8136, #2448, .T. ) ;
#6439 = CARTESIAN_POINT ( 'NONE',  ( 7.416400549788805030, 15.52068809514516978, -6.226020063032078333 ) ) ;
#6440 = CARTESIAN_POINT ( 'NONE',  ( 6.191799725105618712, 13.45818809514516445, 1.563359049252671662 ) ) ;
#6441 = CARTESIAN_POINT ( 'NONE',  ( 7.499999999999998224, -3.750000000000010658, -0.4999999999999991673 ) ) ;
#6442 = CARTESIAN_POINT ( 'NONE',  ( 3.250000000000000000, 17.19999999999999929, 11.42999999999999972 ) ) ;
#6443 = COLOUR_RGB ( '',0.7921568627450980005, 0.8196078431372548767, 0.9333333333333333481 ) ;
#6444 = DIRECTION ( 'NONE',  ( 0.0000000000000000000, 0.0000000000000000000, -1.000000000000000000 ) ) ;
#6445 = DIRECTION ( 'NONE',  ( 0.4736042662767661060, 0.8807377583392493881, 0.0000000000000000000 ) ) ;
#6446 = VERTEX_POINT ( 'NONE', #8110 ) ;
#6447 = CARTESIAN_POINT ( 'NONE',  ( 5.206020063032087641, 11.89568809514516623, -6.803599450211173405 ) ) ;
#6448 = DIRECTION ( 'NONE',  ( 0.0000000000000000000, 0.0000000000000000000, 1.000000000000000000 ) ) ;
#6449 = LINE ( 'NONE', #7394, #7261 ) ;
#6450 = CARTESIAN_POINT ( 'NONE',  ( 6.200000000000167155, 18.74679581112640747, 2.143057368596942958 ) ) ;
#6451 = EDGE_CURVE ( 'NONE', #1545, #2055, #10250, .T. ) ;
#6452 = CARTESIAN_POINT ( 'NONE',  ( 5.783056366656098568, 16.93735476181180033, 1.393979936967929545 ) ) ;
#6453 =( BOUNDED_CURVE ( )  B_SPLINE_CURVE ( 3, ( #2440, #8840, #5662, #4881 ),
 .UNSPECIFIED., .F., .T. ) 
 B_SPLINE_CURVE_WITH_KNOTS ( ( 4, 4 ),
 ( 0.0000000000000000000, 1.000000000000000000 ),
 .UNSPECIFIED. ) 
 CURVE ( )  GEOMETRIC_REPRESENTATION_ITEM ( )  RATIONAL_B_SPLINE_CURVE ( ( 1.000000000000000000, 0.4572150582541685826, 0.4572150582541685826, 1.000000000000000000 ) ) 
 REPRESENTATION_ITEM ( '' )  );
#6454 = CARTESIAN_POINT ( 'NONE',  ( 8.163359049252660427, 13.58318809514516801, 8.028200274894407684 ) ) ;
#6455 = B_SPLINE_CURVE_WITH_KNOTS ( 'NONE', 3,
 ( #1729, #3417, #1628, #154 ),
 .UNSPECIFIED., .F., .F.,
 ( 4, 4 ),
 ( 8.673617379884035472E-19, 0.0005672295858968100582 ),
 .UNSPECIFIED. ) ;
#6456 = CARTESIAN_POINT ( 'NONE',  ( 10.86617314097819964, 0.8999999999999910294, -11.83500000000000085 ) ) ;
#6457 = EDGE_CURVE ( 'NONE', #4559, #5774, #8605, .T. ) ;
#6458 = CARTESIAN_POINT ( 'NONE',  ( 7.913376528605506444, 21.69999999999999929, 2.752733567584801033 ) ) ;
#6459 = DIRECTION ( 'NONE',  ( 0.8660254037844388186, -0.0000000000000000000, 0.4999999999999996669 ) ) ;
#6460 = EDGE_CURVE ( 'NONE', #7407, #2062, #8051, .T. ) ;
#6461 = CARTESIAN_POINT ( 'NONE',  ( 8.299999999999998934, 0.5999999999999916511, -0.4999999999999995559 ) ) ;
#6463 = ORIENTED_EDGE ( 'NONE', *, *, #5623, .F. ) ;
#6462 = CARTESIAN_POINT ( 'NONE',  ( 6.904877320405779173, 11.27138873565663246, 1.167644284148510847 ) ) ;
#6464 = ORIENTED_EDGE ( 'NONE', *, *, #8737, .T. ) ;
#6465 =( LENGTH_UNIT ( ) NAMED_UNIT ( * ) SI_UNIT ( .MILLI., .METRE. ) );
#6466 =( NAMED_UNIT ( * ) SI_UNIT ( $, .STERADIAN. ) SOLID_ANGLE_UNIT ( ) );
#6467 = LINE ( 'NONE', #8814, #9597 ) ;
#6468 = CARTESIAN_POINT ( 'NONE',  ( 11.29999999999999716, 17.25000000000000355, -2.349999999999999645 ) ) ;
#6469 = CARTESIAN_POINT ( 'NONE',  ( 8.163359049252656874, 15.12485476181183053, 7.211799725105581871 ) ) ;
#6471 = ORIENTED_EDGE ( 'NONE', *, *, #1812, .F. ) ;
#6470 = CARTESIAN_POINT ( 'NONE',  ( 6.191799725105584074, 14.24985476181183408, -1.563359049252657673 ) ) ;
#6472 = VERTEX_POINT ( 'NONE', #6506 ) ;
#6473 = SURFACE_STYLE_FILL_AREA ( #4802 ) ;
#6474 = CARTESIAN_POINT ( 'NONE',  ( 6.200000000001852918, 18.66595455384023339, 5.404405590611870203 ) ) ;
#6475 = CARTESIAN_POINT ( 'NONE',  ( 6.599999999999999645, 16.94999999999999929, -5.569999999999995843 ) ) ;
#6476 = CARTESIAN_POINT ( 'NONE',  ( 6.904877320405796937, 14.77138873565663424, 8.787644284148498741 ) ) ;
#6477 = SURFACE_STYLE_FILL_AREA ( #5753 ) ;
#6478 = ADVANCED_FACE ( 'NONE', ( #1336 ), #2423, .T. ) ;
#6479 = CARTESIAN_POINT ( 'NONE',  ( 7.699017176186970346, 11.04107708213589767, 8.731336150022809051 ) ) ;
#6480 = ORIENTED_EDGE ( 'NONE', *, *, #9898, .T. ) ;
#6481 = CARTESIAN_POINT ( 'NONE',  ( 5.036640950747329981, 13.33318809514516445, -8.028200274894382815 ) ) ;
#6482 = CARTESIAN_POINT ( 'NONE',  ( 10.97482679280570927, 21.57573593128807232, -9.244459855567477291 ) ) ;
#6483 = CARTESIAN_POINT ( 'NONE',  ( 8.163359049252662203, 16.58318809514516801, 0.4082002748943936443 ) ) ;
#6484 = CARTESIAN_POINT ( 'NONE',  ( 5.098958052652664108, 21.65962339539019510, -2.827559541782596941 ) ) ;
#6485 = FILL_AREA_STYLE_COLOUR ( '', #2653 ) ;
#6486 = CARTESIAN_POINT ( 'NONE',  ( 7.416400549788805030, 15.18735476181182875, -9.013979936967919215 ) ) ;
#6487 = CARTESIAN_POINT ( 'NONE',  ( 7.993979936967914313, 13.16397827721596947, -0.8164005497888220386 ) ) ;
#6488 = CARTESIAN_POINT ( 'NONE',  ( 6.200000000001936407, 18.71144759946974645, -2.196171768694660464 ) ) ;
#6489 = DIRECTION ( 'NONE',  ( 0.0000000000000000000, -0.7071067811865470176, 0.7071067811865480168 ) ) ;
#6490 = CARTESIAN_POINT ( 'NONE',  ( 7.949999999999998401, 21.69999999999999929, -11.43000000000000327 ) ) ;
#6491 = DIRECTION ( 'NONE',  ( -0.0000000000000000000, 1.000000000000000000, -0.0000000000000000000 ) ) ;
#6492 = DIRECTION ( 'NONE',  ( -0.0000000000000000000, 0.0000000000000000000, -1.000000000000000000 ) ) ;
#6493 = ORIENTED_EDGE ( 'NONE', *, *, #1249, .F. ) ;
#6494 = CARTESIAN_POINT ( 'NONE',  ( 6.191799725105621377, 12.24985476181183230, -9.183359049252670658 ) ) ;
#6495 = CARTESIAN_POINT ( 'NONE',  ( 6.946840465790510066, 18.75000000000000000, -2.124464409729427405 ) ) ;
#6496 = ORIENTED_EDGE ( 'NONE', *, *, #5060, .T. ) ;
#6497 = CARTESIAN_POINT ( 'NONE',  ( 6.599999999999999645, 16.94999999999999929, 1.563359049252670774 ) ) ;
#6498 = SURFACE_SIDE_STYLE ('',( #4882 ) ) ;
#6499 = MECHANICAL_DESIGN_GEOMETRIC_PRESENTATION_REPRESENTATION (  '', ( #7016 ), #342 ) ;
#6500 = CARTESIAN_POINT ( 'NONE',  ( 6.191799725105617824, 15.95818809514516801, 1.563359049252668775 ) ) ;
#6501 = CARTESIAN_POINT ( 'NONE',  ( 7.416400549788808583, 13.02068809514516801, 9.013979936967920992 ) ) ;
#6502 = CARTESIAN_POINT ( 'NONE',  ( 1.900000000000001465, 17.25698273513599901, -2.349999999999999645 ) ) ;
#6503 = ADVANCED_FACE ( 'NONE', ( #230 ), #10019, .F. ) ;
#6504 = CARTESIAN_POINT ( 'NONE',  ( 1.853589838486222607, -6.929999999999949978, -12.03000000000000114 ) ) ;
#6505 = PRESENTATION_LAYER_ASSIGNMENT (  '', '', ( #6336 ) ) ;
#6506 = CARTESIAN_POINT ( 'NONE',  ( 2.099999999999999645, 9.400000000000016342, -1.699999999999977529 ) ) ;
#6508 = EDGE_LOOP ( 'NONE', ( #6738, #4505, #2874, #976 ) ) ;
#6507 = CARTESIAN_POINT ( 'NONE',  ( 5.558861877317067268, 11.08388873565663069, -0.6097546408115582794 ) ) ;
#6509 = VERTEX_POINT ( 'NONE', #2559 ) ;
#6510 = VERTEX_POINT ( 'NONE', #8956 ) ;
#6511 = DIRECTION ( 'NONE',  ( -0.0000000000000000000, 1.000000000000000000, -0.0000000000000000000 ) ) ;
#6512 = DIRECTION ( 'NONE',  ( 1.000000000000000000, -9.637352644315610034E-17, -0.0000000000000000000 ) ) ;
#6513 = CARTESIAN_POINT ( 'NONE',  ( 8.299999999999998934, 0.8999999999999998002, 9.695000000000000284 ) ) ;
#6514 = EDGE_CURVE ( 'NONE', #8465, #10152, #1796, .T. ) ;
#6515 = FACE_BOUND ( 'NONE', #7180, .T. ) ;
#6516 = ADVANCED_FACE ( 'NONE', ( #9057 ), #4702, .T. ) ;
#6517 = DIRECTION ( 'NONE',  ( -0.0000000000000000000, -1.000000000000000000, -0.0000000000000000000 ) ) ;
#6518 = CARTESIAN_POINT ( 'NONE',  ( 7.993979936967930300, 15.16397827721596414, 6.803599450211216926 ) ) ;
#6519 = MECHANICAL_DESIGN_GEOMETRIC_PRESENTATION_REPRESENTATION (  '', ( #3471 ), #532 ) ;
#6520 = CARTESIAN_POINT ( 'NONE',  ( 8.163359049252667532, 12.58318809514516623, -7.211799725105622727 ) ) ;
#6521 = CARTESIAN_POINT ( 'NONE',  ( 7.000000000000000000, 17.94999999999240714, 5.353238286268798163 ) ) ;
#6523 = ORIENTED_EDGE ( 'NONE', *, *, #2137, .T. ) ;
#6522 = CARTESIAN_POINT ( 'NONE',  ( 5.783599450211228898, 13.93735476181183230, 1.393979936967939981 ) ) ;
#6524 = CARTESIAN_POINT ( 'NONE',  ( 5.206020063032066325, 11.31235476181183053, -8.436400549788771741 ) ) ;
#6525 = CARTESIAN_POINT ( 'NONE',  ( 7.209754640811573800, 11.79222206898996816, -6.578861877317073947 ) ) ;
#6526 = ORIENTED_EDGE ( 'NONE', *, *, #4726, .T. ) ;
#6527 = CARTESIAN_POINT ( 'NONE',  ( 8.141785516338602591, 21.63071201400771315, -4.768304089005765967 ) ) ;
#6528 = CARTESIAN_POINT ( 'NONE',  ( 6.599999999999999645, 16.73816651951390000, -6.056640950747330443 ) ) ;
#6529 = EDGE_CURVE ( 'NONE', #2904, #7784, #7560, .T. ) ;
#6530 = CARTESIAN_POINT ( 'NONE',  ( 6.599999999999999645, 17.27092694210341506, -2.349269215088156670 ) ) ;
#6531 = DIRECTION ( 'NONE',  ( 0.4999999999999999445, 0.0000000000000000000, -0.8660254037844387076 ) ) ;
#6532 = CARTESIAN_POINT ( 'NONE',  ( 10.74358983848619964, 16.30000000000000071, 10.83000000000000007 ) ) ;
#6533 = CARTESIAN_POINT ( 'NONE',  ( 8.163359049252656874, 15.12485476181183053, 7.211799725105581871 ) ) ;
#6534 = ADVANCED_FACE ( 'NONE', ( #8209 ), #7346, .T. ) ;
#6535 = SURFACE_STYLE_USAGE ( .BOTH. , #5689 ) ;
#6536 = PRODUCT_DEFINITION ( 'UNKNOWN', '', #3571, #10340 ) ;
#6537 = MECHANICAL_DESIGN_GEOMETRIC_PRESENTATION_REPRESENTATION (  '', ( #1565 ), #1754 ) ;
#6538 = CARTESIAN_POINT ( 'NONE',  ( 7.641138122682940903, 10.83388873565650812, 8.229754640811624000 ) ) ;
#6539 = EDGE_LOOP ( 'NONE', ( #5254, #3834, #2517, #5 ) ) ;
#6540 = ORIENTED_EDGE ( 'NONE', *, *, #479, .F. ) ;
#6541 = CARTESIAN_POINT ( 'NONE',  ( 5.036640950747332646, 13.39314494388263022, -7.211799725105612957 ) ) ;
#6542 = CYLINDRICAL_SURFACE ( 'NONE', #7204, 2.500000000000000444 ) ;
#6543 = ORIENTED_EDGE ( 'NONE', *, *, #4670, .T. ) ;
#6544 = UNCERTAINTY_MEASURE_WITH_UNIT (LENGTH_MEASURE( 1.000000000000000082E-05 ), #5976, 'distance_accuracy_value', 'NONE');
#6545 =( NAMED_UNIT ( * ) PLANE_ANGLE_UNIT ( ) SI_UNIT ( $, .RADIAN. ) );
#6546 = DIRECTION ( 'NONE',  ( -0.0000000000000000000, -1.000000000000000000, -0.0000000000000000000 ) ) ;
#6547 = CARTESIAN_POINT ( 'NONE',  ( 9.610890619003427560, 21.69999999999999574, -7.056051227308191010 ) ) ;
#6548 = CARTESIAN_POINT ( 'NONE',  ( 7.641138122682933798, 15.41722206898996639, -8.229754640811567157 ) ) ;
#6549 = MECHANICAL_DESIGN_GEOMETRIC_PRESENTATION_REPRESENTATION (  '', ( #3145 ), #8232 ) ;
#6550 = CARTESIAN_POINT ( 'NONE',  ( 8.163359049252672861, 12.64314494388262844, -0.4082002748943777126 ) ) ;
#6551 = MECHANICAL_DESIGN_GEOMETRIC_PRESENTATION_REPRESENTATION (  '', ( #8065 ), #3319 ) ;
#6552 = CARTESIAN_POINT ( 'NONE',  ( 5.052245056383040556, 21.62562783374622200, 4.764763055824031923 ) ) ;
#6553 = EDGE_CURVE ( 'NONE', #6225, #8284, #6716, .T. ) ;
#6554 = FACE_OUTER_BOUND ( 'NONE', #7598, .T. ) ;
#6555 = VECTOR ( 'NONE', #6603, 1000.000000000000000 ) ;
#6556 = MECHANICAL_DESIGN_GEOMETRIC_PRESENTATION_REPRESENTATION (  '', ( #8070 ), #2802 ) ;
#6557 = CARTESIAN_POINT ( 'NONE',  ( 7.499999999999998224, -3.750000000000012879, 7.120000000000000995 ) ) ;
#6558 = DIRECTION ( 'NONE',  ( -1.000000000000000000, 0.0000000000000000000, 0.0000000000000000000 ) ) ;
#6559 = EDGE_LOOP ( 'NONE', ( #1820, #4570, #3195, #9588 ) ) ;
#6560 = CARTESIAN_POINT ( 'NONE',  ( 7.416400549788777496, 11.70564494388263554, -9.013979936967933426 ) ) ;
#6561 = CARTESIAN_POINT ( 'NONE',  ( 6.599999999999999645, 16.94999999999999929, -5.394264068711929205 ) ) ;
#6562 = CARTESIAN_POINT ( 'NONE',  ( 8.207321629847925237, 21.55564723372230063, 10.51022456899937829 ) ) ;
#6563 = CARTESIAN_POINT ( 'NONE',  ( 6.200000000000167155, 18.74863319779745297, 2.131866648634065609 ) ) ;
#6564 = MECHANICAL_DESIGN_GEOMETRIC_PRESENTATION_REPRESENTATION (  '', ( #5207 ), #2117 ) ;
#6565 = CARTESIAN_POINT ( 'NONE',  ( 5.206020063032069878, 16.39568809514516090, 0.8164005497887886209 ) ) ;
#6566 = EDGE_CURVE ( 'NONE', #8286, #5014, #6580, .T. ) ;
#6567 = CARTESIAN_POINT ( 'NONE',  ( 5.783599450211228898, 13.45564494388263022, 9.013979936967936979 ) ) ;
#6568 = DIRECTION ( 'NONE',  ( 0.0000000000000000000, -1.215927670077199944E-16, -1.000000000000000000 ) ) ;
#6569 = VECTOR ( 'NONE', #8348, 1000.000000000000000 ) ;
#6570 = CARTESIAN_POINT ( 'NONE',  ( 2.616948740878384694, 21.69999999999999929, -9.098985838651003633 ) ) ;
#6571 = SURFACE_SIDE_STYLE ('',( #8159 ) ) ;
#6572 = ORIENTED_EDGE ( 'NONE', *, *, #3232, .F. ) ;
#6573 = FILL_AREA_STYLE_COLOUR ( '', #4564 ) ;
#6574 = LINE ( 'NONE', #16, #8646 ) ;
#6576 = ORIENTED_EDGE ( 'NONE', *, *, #6783, .T. ) ;
#6575 = CARTESIAN_POINT ( 'NONE',  ( 6.599999999999998757, 17.26396121657894867, 5.270243693941865537 ) ) ;
#6577 = DIRECTION ( 'NONE',  ( 0.5547001962252273710, 0.0000000000000000000, -0.8320502943378448313 ) ) ;
#6578 = ORIENTED_EDGE ( 'NONE', *, *, #493, .T. ) ;
#6579 = FILL_AREA_STYLE_COLOUR ( '', #735 ) ;
#6580 = CIRCLE ( 'NONE', #6236, 2.349269215077949724 ) ;
#6581 = CARTESIAN_POINT ( 'NONE',  ( 6.599999999999999645, 18.65697564738866276, -7.620000000000000107 ) ) ;
#6582 = DIRECTION ( 'NONE',  ( 0.0000000000000000000, 1.000000000000000000, 0.0000000000000000000 ) ) ;
#6583 = VECTOR ( 'NONE', #762, 1000.000000000000000 ) ;
#6584 =( GEOMETRIC_REPRESENTATION_CONTEXT ( 3 ) GLOBAL_UNCERTAINTY_ASSIGNED_CONTEXT ( ( #5185 ) ) GLOBAL_UNIT_ASSIGNED_CONTEXT ( ( #9357, #4532, #7012 ) ) REPRESENTATION_CONTEXT ( 'NONE', 'WORKASPACE' ) );
#6585 = STYLED_ITEM ( 'NONE', ( #7676 ), #7632 ) ;
#6586 = CARTESIAN_POINT ( 'NONE',  ( 6.599999999999999645, 16.94999999999999929, 208.7460000000000093 ) ) ;
#6588 = ORIENTED_EDGE ( 'NONE', *, *, #24, .F. ) ;
#6587 = CARTESIAN_POINT ( 'NONE',  ( 7.641138122682924916, 13.41722206898996816, -0.6097546408115922523 ) ) ;
#6589 = CARTESIAN_POINT ( 'NONE',  ( 5.036640950747327317, 10.89314494388263022, -7.211799725105619174 ) ) ;
#6590 = ORIENTED_EDGE ( 'NONE', *, *, #7689, .F. ) ;
#6591 = ADVANCED_FACE ( 'NONE', ( #7837 ), #6870, .F. ) ;
#6592 = CARTESIAN_POINT ( 'NONE',  ( 5.783599450211206694, 16.28897827721596769, -9.013979936967928097 ) ) ;
#6593 = FACE_OUTER_BOUND ( 'NONE', #4396, .T. ) ;
#6594 = DIRECTION ( 'NONE',  ( 0.0000000000000000000, 0.0000000000000000000, -1.000000000000000000 ) ) ;
#6595 = AXIS2_PLACEMENT_3D ( 'NONE', #8011, #4739, #6305 ) ;
#6596 = PLANE ( 'NONE',  #10483 ) ;
#6597 = CARTESIAN_POINT ( 'NONE',  ( 6.904877320405796048, 14.27138873565663602, 8.787644284148496965 ) ) ;
#6598 = DIRECTION ( 'NONE',  ( 0.0000000000000000000, -1.000000000000000000, 0.0000000000000000000 ) ) ;
#6599 = CARTESIAN_POINT ( 'NONE',  ( 6.904877320405785390, 10.97972206898996639, 6.452355715851499696 ) ) ;
#6600 = VERTEX_POINT ( 'NONE', #8418 ) ;
#6601 = CARTESIAN_POINT ( 'NONE',  ( 7.993979936967916089, 13.08064494388263022, -6.803599450211176958 ) ) ;
#6602 = EDGE_CURVE ( 'NONE', #9880, #4404, #2769, .T. ) ;
#6603 = DIRECTION ( 'NONE',  ( 0.0000000000000000000, 1.000000000000000000, 0.0000000000000000000 ) ) ;
#6604 = VECTOR ( 'NONE', #1795, 1000.000000000000000 ) ;
#6605 = CARTESIAN_POINT ( 'NONE',  ( 7.767644284148502720, 16.39638873565663246, -0.3048773204057869668 ) ) ;
#6606 = VECTOR ( 'NONE', #983, 1000.000000000000000 ) ;
#6607 = CARTESIAN_POINT ( 'NONE',  ( 4.949999999999999289, 21.39999999999999858, 11.42999999999999972 ) ) ;
#6608 = EDGE_CURVE ( 'NONE', #5478, #6410, #3670, .T. ) ;
#6609 = CARTESIAN_POINT ( 'NONE',  ( 8.163359049252660427, 13.58318809514516801, 0.4082002748944064119 ) ) ;
#6610 = SURFACE_SIDE_STYLE ('',( #4275 ) ) ;
#6611 =( NAMED_UNIT ( * ) SI_UNIT ( $, .STERADIAN. ) SOLID_ANGLE_UNIT ( ) );
#6612 = CARTESIAN_POINT ( 'NONE',  ( 6.599999999999999645, 17.27092694212320012, 5.270730784924590573 ) ) ;
#6613 = ORIENTED_EDGE ( 'NONE', *, *, #5604, .F. ) ;
#6614 = CARTESIAN_POINT ( 'NONE',  ( 7.993979936967939182, 11.56235476181183586, -6.803599450211232025 ) ) ;
#6615 = CARTESIAN_POINT ( 'NONE',  ( 6.599999999999999645, 17.25000000000000000, -5.270000000000000462 ) ) ;
#6616 = DIRECTION ( 'NONE',  ( -1.000000000000000000, 0.0000000000000000000, 0.0000000000000000000 ) ) ;
#6617 = CARTESIAN_POINT ( 'NONE',  ( 3.589109380996689858, 21.69999999999999929, -8.183948772692660967 ) ) ;
#6618 = CARTESIAN_POINT ( 'NONE',  ( 7.008200274894397452, 16.70818809514516445, -1.563359049252662114 ) ) ;
#6619 = CARTESIAN_POINT ( 'NONE',  ( 5.206020063032076983, 13.31235476181182698, 6.803599450211193833 ) ) ;
#6620 = CARTESIAN_POINT ( 'NONE',  ( 2.225173207194290903, 21.57573593128806877, -9.244459855567496831 ) ) ;
#6621 = EDGE_CURVE ( 'NONE', #9878, #7964, #6093, .T. ) ;
#6622 = CARTESIAN_POINT ( 'NONE',  ( 0.0000000000000000000, 0.0000000000000000000, -11.43000000000000149 ) ) ;
#6623 = ORIENTED_EDGE ( 'NONE', *, *, #2510, .F. ) ;
#6624 = FACE_OUTER_BOUND ( 'NONE', #9929, .T. ) ;
#6625 = DIRECTION ( 'NONE',  ( 0.5000000000000067724, 0.0000000000000000000, 0.8660254037844347108 ) ) ;
#6627 = ORIENTED_EDGE ( 'NONE', *, *, #7214, .F. ) ;
#6626 = CARTESIAN_POINT ( 'NONE',  ( 11.29853843015587422, 17.27092694212337776, 5.270730784922059264 ) ) ;
#6628 = CARTESIAN_POINT ( 'NONE',  ( 6.599999999999999645, 17.19999999999999929, 0.0000000000000000000 ) ) ;
#6629 = CARTESIAN_POINT ( 'NONE',  ( 8.249721259024914488, 21.44056894427121662, -10.53563369957605289 ) ) ;
#6630 = LINE ( 'NONE', #9873, #10303 ) ;
#6631 =( GEOMETRIC_REPRESENTATION_CONTEXT ( 3 ) GLOBAL_UNCERTAINTY_ASSIGNED_CONTEXT ( ( #5668 ) ) GLOBAL_UNIT_ASSIGNED_CONTEXT ( ( #9995, #1126, #8549 ) ) REPRESENTATION_CONTEXT ( 'NONE', 'WORKASPACE' ) );
#6632 = CARTESIAN_POINT ( 'NONE',  ( 26.05000000000000071, -3.750000000000010214, -0.4999999999999990563 ) ) ;
#6633 = FACE_OUTER_BOUND ( 'NONE', #10355, .T. ) ;
#6634 = CARTESIAN_POINT ( 'NONE',  ( 3.156410161513770074, 16.30000000000000071, 10.83000000000000007 ) ) ;
#6636 = EDGE_LOOP ( 'NONE', ( #9209, #8117, #9549, #649 ) ) ;
#6635 = CARTESIAN_POINT ( 'NONE',  ( 5.432355715851509004, 14.14638873565663424, 0.3048773204057951269 ) ) ;
#6637 = CARTESIAN_POINT ( 'NONE',  ( 5.206020063032073431, 16.89568809514516445, -6.803599450211208044 ) ) ;
#6638 = ORIENTED_EDGE ( 'NONE', *, *, #2756, .T. ) ;
#6639 = SURFACE_SIDE_STYLE ('',( #8380 ) ) ;
#6640 = CARTESIAN_POINT ( 'NONE',  ( 1.500000000000000000, -36.96000000000000085, -2.600000000000040057 ) ) ;
#6641 = CARTESIAN_POINT ( 'NONE',  ( -6.437352664865134647E-15, 2.649999999999975486, 4.570000000000001172 ) ) ;
#6642 = CARTESIAN_POINT ( 'NONE',  ( 6.191799725105592067, 14.45818809514516623, 9.183359049252658224 ) ) ;
#6643 = CARTESIAN_POINT ( 'NONE',  ( 8.299999999999998934, -4.750000000000000000, 9.695000000000000284 ) ) ;
#6644 = CARTESIAN_POINT ( 'NONE',  ( 6.191799725105599173, 11.45818809514516623, 9.183359049252660000 ) ) ;
#6645 = ADVANCED_FACE ( 'NONE', ( #8471 ), #1148, .T. ) ;
#6646 = EDGE_LOOP ( 'NONE', ( #100, #9375, #2165, #6998 ) ) ;
#6647 = CARTESIAN_POINT ( 'NONE',  ( 8.163359049252660427, 13.62485476181183586, -8.028200274894414790 ) ) ;
#6648 = CARTESIAN_POINT ( 'NONE',  ( 10.58305125912161593, 21.69999999999999929, -9.098985838650984093 ) ) ;
#6649 = CARTESIAN_POINT ( 'NONE',  ( 7.993979936967930300, 14.14568809514516623, -8.436400549788782399 ) ) ;
#6650 = CARTESIAN_POINT ( 'NONE',  ( 6.599999999999999645, 17.94999999998481144, 7.620000000000000107 ) ) ;
#6651 = DIRECTION ( 'NONE',  ( 0.0000000000000000000, -0.0000000000000000000, 1.000000000000000000 ) ) ;
#6652 = CARTESIAN_POINT ( 'NONE',  ( 5.783599450211189819, 13.77068809514516623, -1.393979936967914446 ) ) ;
#6653 = DIRECTION ( 'NONE',  ( 0.0000000000000000000, 0.0000000000000000000, 1.000000000000000000 ) ) ;
#6654 = FILL_AREA_STYLE_COLOUR ( '', #7575 ) ;
#6655 =( NAMED_UNIT ( * ) PLANE_ANGLE_UNIT ( ) SI_UNIT ( $, .RADIAN. ) );
#6656 = ADVANCED_FACE ( 'NONE', ( #7889 ), #7231, .T. ) ;
#6657 = CARTESIAN_POINT ( 'NONE',  ( 1.499999999999974021, 11.00000000000000355, 5.019999999999976481 ) ) ;
#6658 = EDGE_CURVE ( 'NONE', #2834, #9952, #4215, .T. ) ;
#6659 = CARTESIAN_POINT ( 'NONE',  ( 6.220252819198450744, 16.95967380949281278, 9.146838492623349026 ) ) ;
#6660 = ORIENTED_EDGE ( 'NONE', *, *, #10180, .F. ) ;
#6661 = EDGE_CURVE ( 'NONE', #10363, #8551, #4716, .T. ) ;
#6662 = CARTESIAN_POINT ( 'NONE',  ( 6.191799725105618712, 12.45818809514516801, -6.056640950747326890 ) ) ;
#6663 = CARTESIAN_POINT ( 'NONE',  ( 26.05000000000000071, 1.349999999999990097, -1.250000000000000000 ) ) ;
#6664 = FILL_AREA_STYLE ('',( #3427 ) ) ;
#6665 = CARTESIAN_POINT ( 'NONE',  ( 7.993979936967914313, 16.06235476181182875, 0.8164005497888189300 ) ) ;
#6666 = CARTESIAN_POINT ( 'NONE',  ( 6.191799725105594732, 12.47647827721596769, 9.183359049252661777 ) ) ;
#6667 = EDGE_CURVE ( 'NONE', #1713, #4335, #9691, .T. ) ;
#6668 = B_SPLINE_CURVE_WITH_KNOTS ( 'NONE', 3,
 ( #4230, #1732, #7502, #6701 ),
 .UNSPECIFIED., .F., .F.,
 ( 4, 4 ),
 ( 0.0000000000000000000, 0.0005602187495296504990 ),
 .UNSPECIFIED. ) ;
#6669 = CARTESIAN_POINT ( 'NONE',  ( 8.042561105189653503, 21.39999999999999858, 3.023494246363633842 ) ) ;
#6670 = VECTOR ( 'NONE', #6873, 1000.000000000000000 ) ;
#6671 = FILL_AREA_STYLE_COLOUR ( '', #6443 ) ;
#6672 = ORIENTED_EDGE ( 'NONE', *, *, #2063, .F. ) ;
#6673 = CARTESIAN_POINT ( 'NONE',  ( 26.05000000000000071, 0.5999999999999889866, -7.120000000000000107 ) ) ;
#6674 = CARTESIAN_POINT ( 'NONE',  ( 4.025000000000000355, 16.30000000000000071, -10.83000000000000007 ) ) ;
#6675 = PLANE ( 'NONE',  #2992 ) ;
#6676 = EDGE_CURVE ( 'NONE', #3373, #5292, #1363, .T. ) ;
#6677 = VECTOR ( 'NONE', #6685, 1000.000000000000000 ) ;
#6678 = SURFACE_STYLE_FILL_AREA ( #4193 ) ;
#6679 =( NAMED_UNIT ( * ) SI_UNIT ( $, .STERADIAN. ) SOLID_ANGLE_UNIT ( ) );
#6680 = PRESENTATION_LAYER_ASSIGNMENT (  '', '', ( #4311 ) ) ;
#6682 = VERTEX_POINT ( 'NONE', #7950 ) ;
#6681 = CARTESIAN_POINT ( 'NONE',  ( 6.904877320405770291, 13.97972206898996639, -1.167644284148501743 ) ) ;
#6683 = CARTESIAN_POINT ( 'NONE',  ( 5.206020063032072542, 11.39568809514516623, -6.803599450211200050 ) ) ;
#6684 = EDGE_LOOP ( 'NONE', ( #5023, #7664, #1481, #549, #6200 ) ) ;
#6685 = DIRECTION ( 'NONE',  ( -8.185976218434330542E-17, 1.000000000000000000, 0.0000000000000000000 ) ) ;
#6686 = CARTESIAN_POINT ( 'NONE',  ( 7.000000000000000888, 18.75000000000000000, -5.504900159113811142 ) ) ;
#6687 = CARTESIAN_POINT ( 'NONE',  ( 5.558861877317072597, 14.08388873565663602, 7.010245359188423286 ) ) ;
#6688 = CARTESIAN_POINT ( 'NONE',  ( 6.244235344735381332, 18.75000000000000355, 9.799126782756122367 ) ) ;
#6689 = EDGE_LOOP ( 'NONE', ( #5016, #9413, #9704, #571 ) ) ;
#6690 = CARTESIAN_POINT ( 'NONE',  ( 5.783599450211223569, 12.45564494388263377, -6.226020063032060570 ) ) ;
#6691 = CARTESIAN_POINT ( 'NONE',  ( 6.200000000000203570, 18.73234883560326480, 9.793891282717508417 ) ) ;
#6692 = CARTESIAN_POINT ( 'NONE',  ( 5.036640950747337087, 16.87485476181183586, 0.4082002748943980852 ) ) ;
#6693 = CARTESIAN_POINT ( 'NONE',  ( 6.904877320405803154, 13.47972206898996816, -8.787644284148498741 ) ) ;
#6694 = CARTESIAN_POINT ( 'NONE',  ( 8.299999999999998934, -4.750000000000002665, -0.2999999999999997113 ) ) ;
#6695 = CARTESIAN_POINT ( 'NONE',  ( 5.206020063032084089, 12.89568809514516445, 0.8164005497888086049 ) ) ;
#6696 = FACE_OUTER_BOUND ( 'NONE', #8226, .T. ) ;
#6697 = DIRECTION ( 'NONE',  ( 0.0000000000000000000, -0.0000000000000000000, 1.000000000000000000 ) ) ;
#6698 =( NAMED_UNIT ( * ) SI_UNIT ( $, .STERADIAN. ) SOLID_ANGLE_UNIT ( ) );
#6699 = VECTOR ( 'NONE', #3981, 1000.000000000000000 ) ;
#6700 = DIRECTION ( 'NONE',  ( -0.2873478855663449405, -1.122048803180699377E-15, 0.9578262852211515410 ) ) ;
#6701 = CARTESIAN_POINT ( 'NONE',  ( 6.599999999999999645, 16.95000000000000639, -6.106907539380300953 ) ) ;
#6702 = CARTESIAN_POINT ( 'NONE',  ( -4.235826505026851920E-15, 2.650000000000103828, 3.050000000000006928 ) ) ;
#6703 = ORIENTED_EDGE ( 'NONE', *, *, #643, .F. ) ;
#6704 = ORIENTED_EDGE ( 'NONE', *, *, #6195, .F. ) ;
#6705 = CARTESIAN_POINT ( 'NONE',  ( 5.206020063032084089, 14.83064494388263022, -8.436400549788821479 ) ) ;
#6706 = DIRECTION ( 'NONE',  ( 0.0000000000000000000, 0.0000000000000000000, 1.000000000000000000 ) ) ;
#6707 = AXIS2_PLACEMENT_3D ( 'NONE', #9922, #7358, #5795 ) ;
#6708 = PRESENTATION_LAYER_ASSIGNMENT (  '', '', ( #1234 ) ) ;
#6709 = FILL_AREA_STYLE_COLOUR ( '', #780 ) ;
#6710 = SURFACE_SIDE_STYLE ('',( #1892 ) ) ;
#6711 = CARTESIAN_POINT ( 'NONE',  ( 8.163359049252656874, 15.10147827721596414, 0.4082002748944054682 ) ) ;
#6712 =( GEOMETRIC_REPRESENTATION_CONTEXT ( 3 ) GLOBAL_UNCERTAINTY_ASSIGNED_CONTEXT ( ( #5786 ) ) GLOBAL_UNIT_ASSIGNED_CONTEXT ( ( #6389, #1564, #9541 ) ) REPRESENTATION_CONTEXT ( 'NONE', 'WORKASPACE' ) );
#6713 = EDGE_CURVE ( 'NONE', #2395, #4519, #1608, .T. ) ;
#6714 = MECHANICAL_DESIGN_GEOMETRIC_PRESENTATION_REPRESENTATION (  '', ( #7722 ), #5879 ) ;
#6715 = CARTESIAN_POINT ( 'NONE',  ( 5.036640950747325540, 11.85147827721596769, 7.211799725105629832 ) ) ;
#6716 = LINE ( 'NONE', #9963, #581 ) ;
#6717 = VECTOR ( 'NONE', #2365, 1000.000000000000000 ) ;
#6718 = MECHANICAL_DESIGN_GEOMETRIC_PRESENTATION_REPRESENTATION (  '', ( #2812 ), #8420 ) ;
#6719 = ADVANCED_FACE ( 'NONE', ( #7091 ), #9590, .F. ) ;
#6720 = CARTESIAN_POINT ( 'NONE',  ( 4.760760170784911871, 21.70000000000000284, 10.06942199911542524 ) ) ;
#6721 = ORIENTED_EDGE ( 'NONE', *, *, #2556, .T. ) ;
#6722 = FACE_OUTER_BOUND ( 'NONE', #9983, .T. ) ;
#6723 = EDGE_CURVE ( 'NONE', #1841, #9741, #7203, .T. ) ;
#6724 = CARTESIAN_POINT ( 'NONE',  ( 6.191799725105590291, 15.74985476181182875, -9.183359049252658224 ) ) ;
#6725 = CARTESIAN_POINT ( 'NONE',  ( 5.036640950747341527, 11.33318809514516445, -8.028200274894405908 ) ) ;
#6726 = SURFACE_STYLE_FILL_AREA ( #1105 ) ;
#6727 = AXIS2_PLACEMENT_3D ( 'NONE', #5106, #8327, #10078 ) ;
#6728 = DIRECTION ( 'NONE',  ( 6.883823317368279851E-17, -1.000000000000000000, 0.0000000000000000000 ) ) ;
#6729 = DIRECTION ( 'NONE',  ( -0.1776267739252019029, 0.9473427942677395963, -0.2664401608877994265 ) ) ;
#6730 = DIRECTION ( 'NONE',  ( -8.185976218434330542E-17, 1.000000000000000000, 0.0000000000000000000 ) ) ;
#6731 = AXIS2_PLACEMENT_3D ( 'NONE', #6434, #540, #10377 ) ;
#6732 = CARTESIAN_POINT ( 'NONE',  ( 5.250000000000000000, 21.39999999999999858, 7.620000000000000107 ) ) ;
#6733 = STYLED_ITEM ( 'NONE', ( #7446 ), #3090 ) ;
#6734 =( GEOMETRIC_REPRESENTATION_CONTEXT ( 3 ) GLOBAL_UNCERTAINTY_ASSIGNED_CONTEXT ( ( #4647 ) ) GLOBAL_UNIT_ASSIGNED_CONTEXT ( ( #3913, #4655, #6288 ) ) REPRESENTATION_CONTEXT ( 'NONE', 'WORKASPACE' ) );
#6736 = ORIENTED_EDGE ( 'NONE', *, *, #8497, .F. ) ;
#6735 = CARTESIAN_POINT ( 'NONE',  ( 7.993979936967930300, 13.06235476181183586, 0.8164005497887768525 ) ) ;
#6737 = CARTESIAN_POINT ( 'NONE',  ( 7.416400549788795260, 16.68735476181182875, -9.013979936967922768 ) ) ;
#6738 = ORIENTED_EDGE ( 'NONE', *, *, #2801, .F. ) ;
#6739 =( GEOMETRIC_REPRESENTATION_CONTEXT ( 3 ) GLOBAL_UNCERTAINTY_ASSIGNED_CONTEXT ( ( #2130 ) ) GLOBAL_UNIT_ASSIGNED_CONTEXT ( ( #8659, #7856, #5370 ) ) REPRESENTATION_CONTEXT ( 'NONE', 'WORKASPACE' ) );
#6740 = DIRECTION ( 'NONE',  ( 0.0000000000000000000, 0.0000000000000000000, 1.000000000000000000 ) ) ;
#6741 = CARTESIAN_POINT ( 'NONE',  ( 6.999999999999595879, 18.74802143783840336, 9.758322070303677265 ) ) ;
#6742 = CARTESIAN_POINT ( 'NONE',  ( 5.783599450211192483, 14.77068809514516801, 6.226020063032077445 ) ) ;
#6743 = AXIS2_PLACEMENT_3D ( 'NONE', #817, #117, #5036 ) ;
#6744 = CARTESIAN_POINT ( 'NONE',  ( 6.237086085741279540, 18.65697564737531167, 9.842917365998072654 ) ) ;
#6745 = MECHANICAL_DESIGN_GEOMETRIC_PRESENTATION_REPRESENTATION (  '', ( #3500 ), #8937 ) ;
#6746 = COLOUR_RGB ( '',0.2862745098039215508, 0.6431372549019607199, 0.8666666666666666963 ) ;
#6747 = PRESENTATION_STYLE_ASSIGNMENT (( #1010 ) ) ;
#6748 = VERTEX_POINT ( 'NONE', #4822 ) ;
#6749 = ORIENTED_EDGE ( 'NONE', *, *, #9178, .T. ) ;
#6750 = FILL_AREA_STYLE_COLOUR ( '', #4520 ) ;
#6751 = CARTESIAN_POINT ( 'NONE',  ( 7.767644284148493838, 15.35472206898996461, 0.3048773204057915187 ) ) ;
#6752 = CARTESIAN_POINT ( 'NONE',  ( 7.008200274894409887, 14.49985476181183586, -6.056640950747341989 ) ) ;
#6753 = CARTESIAN_POINT ( 'NONE',  ( 5.250000000000016875, 21.69999999999999929, -10.35495886623548323 ) ) ;
#6754 = COLOUR_RGB ( '',0.2862745098039215508, 0.6431372549019607199, 0.8666666666666666963 ) ;
#6755 = VECTOR ( 'NONE', #2976, 1000.000000000000000 ) ;
#6756 = CARTESIAN_POINT ( 'NONE',  ( 5.036640950747337975, 12.35147827721596414, -0.4082002748944088544 ) ) ;
#6757 = CARTESIAN_POINT ( 'NONE',  ( 0.0000000000000000000, 0.0000000000000000000, 11.42999999999999972 ) ) ;
#6758 = CARTESIAN_POINT ( 'NONE',  ( 4.950000000000000178, 21.39999999999999858, -2.915475947422650371 ) ) ;
#6759 = CARTESIAN_POINT ( 'NONE',  ( 8.299999999999998934, -4.750000000000000000, 0.5000000000000009992 ) ) ;
#6760 = CARTESIAN_POINT ( 'NONE',  ( 0.0000000000000000000, 0.0000000000000000000, 11.42999999999999972 ) ) ;
#6761 = CARTESIAN_POINT ( 'NONE',  ( 7.000000000000000000, 18.65697564738295711, 9.836544185261589135 ) ) ;
#6762 = CARTESIAN_POINT ( 'NONE',  ( 7.008200274894408111, 15.72647827721596769, 6.056640950747342877 ) ) ;
#6763 = VERTEX_POINT ( 'NONE', #4880 ) ;
#6764 = VECTOR ( 'NONE', #3420, 1000.000000000000000 ) ;
#6765 = CARTESIAN_POINT ( 'NONE',  ( 6.191799725105589403, 15.24985476181183053, -9.183359049252658224 ) ) ;
#6766 = SURFACE_STYLE_FILL_AREA ( #2766 ) ;
#6767 = UNCERTAINTY_MEASURE_WITH_UNIT (LENGTH_MEASURE( 1.000000000000000082E-05 ), #10281, 'distance_accuracy_value', 'NONE');
#6768 = LINE ( 'NONE', #9208, #5259 ) ;
#6769 = DIRECTION ( 'NONE',  ( -0.8320502943378430549, -6.498053988515389633E-16, 0.5547001962252300356 ) ) ;
#6770 = CARTESIAN_POINT ( 'NONE',  ( 5.036640950747342416, 14.85147827721596592, -0.4082002748944122406 ) ) ;
#6771 = STYLED_ITEM ( 'NONE', ( #4328 ), #9708 ) ;
#6772 = CARTESIAN_POINT ( 'NONE',  ( 5.783599450211217352, 12.27068809514516801, 6.226020063032076557 ) ) ;
#6773 = CARTESIAN_POINT ( 'NONE',  ( 6.599999999999999645, 17.27092694212328183, -5.270730784922055712 ) ) ;
#6774 = CARTESIAN_POINT ( 'NONE',  ( 1.499999999999965805, 11.00000000000000000, -10.21999999999999886 ) ) ;
#6775 = EDGE_CURVE ( 'NONE', #4335, #8660, #4773, .T. ) ;
#6776 = COLOUR_RGB ( '',0.2862745098039215508, 0.6431372549019607199, 0.8666666666666666963 ) ;
#6777 = DIRECTION ( 'NONE',  ( 1.000000000000000000, 0.0000000000000000000, 0.0000000000000000000 ) ) ;
#6778 = VERTEX_POINT ( 'NONE', #3965 ) ;
#6779 = FACE_OUTER_BOUND ( 'NONE', #10186, .T. ) ;
#6780 = EDGE_LOOP ( 'NONE', ( #7643, #10117, #967, #8295, #6881, #162, #10465, #6228 ) ) ;
#6781 = CARTESIAN_POINT ( 'NONE',  ( 7.209754640811576465, 11.45888873565663069, -8.661138122682922713 ) ) ;
#6782 = CARTESIAN_POINT ( 'NONE',  ( 5.057078403903873642, 21.62976951498053779, 2.852320691919181694 ) ) ;
#6783 = EDGE_CURVE ( 'NONE', #3111, #6509, #7181, .T. ) ;
#6784 = FILL_AREA_STYLE_COLOUR ( '', #7901 ) ;
#6785 = EDGE_CURVE ( 'NONE', #8562, #721, #4071, .T. ) ;
#6786 = DIRECTION ( 'NONE',  ( -0.1776267739252017641, 0.9473427942677392632, -0.2664401608878006478 ) ) ;
#6788 = ORIENTED_EDGE ( 'NONE', *, *, #4527, .F. ) ;
#6787 = CARTESIAN_POINT ( 'NONE',  ( 6.191799725105587626, 12.74985476181183763, -1.563359049252654787 ) ) ;
#6789 = ORIENTED_EDGE ( 'NONE', *, *, #6840, .T. ) ;
#6790 = EDGE_LOOP ( 'NONE', ( #3298, #7991, #3182, #10366 ) ) ;
#6791 = CARTESIAN_POINT ( 'NONE',  ( 5.206020063032065437, 15.83064494388263022, -8.436400549788778847 ) ) ;
#6792 = SURFACE_SIDE_STYLE ('',( #3565 ) ) ;
#6793 = FACE_OUTER_BOUND ( 'NONE', #5589, .T. ) ;
#6794 = CARTESIAN_POINT ( 'NONE',  ( 7.993979936967921418, 14.64568809514516268, 6.803599450211192057 ) ) ;
#6795 = CARTESIAN_POINT ( 'NONE',  ( 6.042671120528348538, 16.94999999999998153, 1.458800176420508965 ) ) ;
#6796 = CARTESIAN_POINT ( 'NONE',  ( 7.641138122682924028, 14.41722206898996106, 7.010245359188421510 ) ) ;
#6797 = CARTESIAN_POINT ( 'NONE',  ( 6.237708605730063027, 18.71222679458301741, 5.400895688391253557 ) ) ;
#6798 = DIRECTION ( 'NONE',  ( 0.0000000000000000000, -1.000000000000000000, 0.0000000000000000000 ) ) ;
#6799 = ORIENTED_EDGE ( 'NONE', *, *, #9236, .T. ) ;
#6800 = ORIENTED_EDGE ( 'NONE', *, *, #9647, .F. ) ;
#6801 = ORIENTED_CLOSED_SHELL ( 'NONE', *, #2602, .F. );
#6802 = CARTESIAN_POINT ( 'NONE',  ( 7.416400549788808583, 13.02068809514516801, -6.226020063032078333 ) ) ;
#6803 = DIRECTION ( 'NONE',  ( 0.0000000000000000000, 0.0000000000000000000, -1.000000000000000000 ) ) ;
#6804 = CARTESIAN_POINT ( 'NONE',  ( 6.904877320405797825, 15.97972206898996461, -1.167644284148494416 ) ) ;
#6805 = CARTESIAN_POINT ( 'NONE',  ( 7.209754640811581794, 13.95888873565663779, -8.661138122682924489 ) ) ;
#6806 = FILL_AREA_STYLE_COLOUR ( '', #1657 ) ;
#6807 = VERTEX_POINT ( 'NONE', #879 ) ;
#6808 = DIRECTION ( 'NONE',  ( 0.5000000000000048850, 0.0000000000000000000, 0.8660254037844358210 ) ) ;
#6809 = CARTESIAN_POINT ( 'NONE',  ( 6.191799725105615160, 14.74985476181183230, -9.183359049252667106 ) ) ;
#6810 = CARTESIAN_POINT ( 'NONE',  ( 7.416400549788823682, 12.20564494388263199, -1.393979936967915778 ) ) ;
#6811 = LINE ( 'NONE', #1071, #9971 ) ;
#6812 = LINE ( 'NONE', #10054, #4031 ) ;
#6813 = DIRECTION ( 'NONE',  ( -0.0000000000000000000, -1.000000000000000000, 1.215927670077199944E-16 ) ) ;
#6814 = EDGE_CURVE ( 'NONE', #2696, #9240, #1636, .T. ) ;
#6815 = CARTESIAN_POINT ( 'NONE',  ( 4.983811427773740199, 21.56257155090849764, -4.724029364617588378 ) ) ;
#6816 = CARTESIAN_POINT ( 'NONE',  ( 5.783599450211206694, 16.28897827721596769, 6.226020063032073004 ) ) ;
#6817 = VERTEX_POINT ( 'NONE', #4938 ) ;
#6818 = CARTESIAN_POINT ( 'NONE',  ( 7.993979936967930300, 14.66397827721596059, -8.436400549788782399 ) ) ;
#6819 = DIRECTION ( 'NONE',  ( 0.0000000000000000000, -1.000000000000000000, 0.0000000000000000000 ) ) ;
#6820 = ORIENTED_EDGE ( 'NONE', *, *, #9586, .F. ) ;
#6821 = CARTESIAN_POINT ( 'NONE',  ( 6.191799725105590291, 15.74985476181182875, -1.563359049252657673 ) ) ;
#6822 = CARTESIAN_POINT ( 'NONE',  ( 6.191799725105618712, 11.97647827721596592, 9.183359049252670658 ) ) ;
#6823 = CARTESIAN_POINT ( 'NONE',  ( 8.141785516337595396, 21.63071201400839527, 2.851695910993857996 ) ) ;
#6824 = CARTESIAN_POINT ( 'NONE',  ( 3.745098452047108228, 21.69999999999999929, 1.110408129067933736 ) ) ;
#6825 = EDGE_LOOP ( 'NONE', ( #4428, #3925, #1901, #5430 ) ) ;
#6826 = CARTESIAN_POINT ( 'NONE',  ( 9.224999999999999645, 0.8999999999999920286, 10.83000000000000007 ) ) ;
#6827 = EDGE_LOOP ( 'NONE', ( #6836, #6103, #6463, #6914, #1686 ) ) ;
#6828 = ORIENTED_EDGE ( 'NONE', *, *, #1290, .F. ) ;
#6829 = CARTESIAN_POINT ( 'NONE',  ( 6.295122679594215676, 11.02138873565663246, -8.787644284148493412 ) ) ;
#6830 = CARTESIAN_POINT ( 'NONE',  ( 5.065507646221282023, 21.63676716331300653, 2.847226612323332962 ) ) ;
#6831 = VECTOR ( 'NONE', #6957, 1000.000000000000000 ) ;
#6832 =( NAMED_UNIT ( * ) SI_UNIT ( $, .STERADIAN. ) SOLID_ANGLE_UNIT ( ) );
#6834 = ORIENTED_EDGE ( 'NONE', *, *, #10550, .F. ) ;
#6833 = CARTESIAN_POINT ( 'NONE',  ( 7.416400549788808583, 13.02068809514516801, 1.393979936967920663 ) ) ;
#6835 = CARTESIAN_POINT ( 'NONE',  ( 6.191799725105604502, 16.45818809514516445, -6.056640950747335772 ) ) ;
#6836 = ORIENTED_EDGE ( 'NONE', *, *, #6384, .F. ) ;
#6837 = CARTESIAN_POINT ( 'NONE',  ( 7.416400549788780161, 16.18735476181183586, -9.013979936967933426 ) ) ;
#6838 = AXIS2_PLACEMENT_3D ( 'NONE', #8863, #1538, #7426 ) ;
#6839 = CARTESIAN_POINT ( 'NONE',  ( 5.783599450211192483, 14.28897827721596236, 6.226020063032077445 ) ) ;
#6840 = EDGE_CURVE ( 'NONE', #2351, #8534, #3470, .T. ) ;
#6841 = LINE ( 'NONE', #9987, #10324 ) ;
#6842 = PRESENTATION_LAYER_ASSIGNMENT (  '', '', ( #2060 ) ) ;
#6843 = CARTESIAN_POINT ( 'NONE',  ( 5.558861877317073485, 13.08388873565663069, 7.010245359188423286 ) ) ;
#6844 = DIRECTION ( 'NONE',  ( 0.0000000000000000000, 1.000000000000000000, 0.0000000000000000000 ) ) ;
#6845 =( NAMED_UNIT ( * ) SI_UNIT ( $, .STERADIAN. ) SOLID_ANGLE_UNIT ( ) );
#6846 = ORIENTED_EDGE ( 'NONE', *, *, #7045, .T. ) ;
#6847 = CARTESIAN_POINT ( 'NONE',  ( 1.500000000000000000, -36.96000000000000085, 2.599999999999960121 ) ) ;
#6848 = CARTESIAN_POINT ( 'NONE',  ( 7.416400549788780161, 16.18735476181183586, -1.393979936967931987 ) ) ;
#6849 = CARTESIAN_POINT ( 'NONE',  ( 7.767644284148498279, 14.35472206898996639, -7.315122679594206367 ) ) ;
#6850 = EDGE_CURVE ( 'NONE', #5074, #2988, #4171, .T. ) ;
#6851 = ORIENTED_EDGE ( 'NONE', *, *, #5555, .T. ) ;
#6852 = DIRECTION ( 'NONE',  ( 0.0000000000000000000, 0.0000000000000000000, 1.000000000000000000 ) ) ;
#6853 = CARTESIAN_POINT ( 'NONE',  ( 7.416400549788777496, 12.18735476181183230, -1.393979936967932209 ) ) ;
#6854 = DIRECTION ( 'NONE',  ( 0.0000000000000000000, -0.0000000000000000000, 1.000000000000000000 ) ) ;
#6855 = ADVANCED_FACE ( 'NONE', ( #1736 ), #1733, .T. ) ;
#6856 = LINE ( 'NONE', #9306, #4893 ) ;
#6857 = CARTESIAN_POINT ( 'NONE',  ( 7.209754640811564919, 15.79222206898996106, 8.661138122682931595 ) ) ;
#6858 = CARTESIAN_POINT ( 'NONE',  ( 5.050458463002633458, 21.62407952923786780, -4.763693509965470696 ) ) ;
#6859 = CARTESIAN_POINT ( 'NONE',  ( 8.163359049252662203, 16.14314494388262844, 7.211799725105601411 ) ) ;
#6860 = ORIENTED_EDGE ( 'NONE', *, *, #8335, .T. ) ;
#6861 = CARTESIAN_POINT ( 'NONE',  ( 5.036640950747342416, 14.85147827721596592, -8.028200274894411237 ) ) ;
#6862 = CARTESIAN_POINT ( 'NONE',  ( 6.999999999999597655, 18.74421396058624723, 2.149206760064480637 ) ) ;
#6863 = UNCERTAINTY_MEASURE_WITH_UNIT (LENGTH_MEASURE( 1.000000000000000082E-05 ), #9391, 'distance_accuracy_value', 'NONE');
#6864 = DIRECTION ( 'NONE',  ( -1.000000000000000000, 0.0000000000000000000, 0.0000000000000000000 ) ) ;
#6865 = CARTESIAN_POINT ( 'NONE',  ( -8.881784197001250351E-16, -36.96000000000000085, 3.049999999999959854 ) ) ;
#6866 = CARTESIAN_POINT ( 'NONE',  ( 6.295122679594223669, 15.72972206898996816, -6.452355715851496143 ) ) ;
#6867 = CARTESIAN_POINT ( 'NONE',  ( 7.416400549788780161, 15.02068809514516445, 1.393979936967931765 ) ) ;
#6868 = CARTESIAN_POINT ( 'NONE',  ( 7.416400549788823682, 12.20564494388263199, 6.226020063032083662 ) ) ;
#6869 = CARTESIAN_POINT ( 'NONE',  ( 7.949999999999994849, 21.69999999999999929, 2.734958866235470687 ) ) ;
#6870 = PLANE ( 'NONE',  #3180 ) ;
#6871 = DIRECTION ( 'NONE',  ( 0.0000000000000000000, -1.000000000000000000, 0.0000000000000000000 ) ) ;
#6872 = ORIENTED_EDGE ( 'NONE', *, *, #5847, .T. ) ;
#6873 = DIRECTION ( 'NONE',  ( -1.000000000000000000, 0.0000000000000000000, -0.0000000000000000000 ) ) ;
#6874 = FILL_AREA_STYLE ('',( #4498 ) ) ;
#6875 = AXIS2_PLACEMENT_3D ( 'NONE', #4620, #2890, #6100 ) ;
#6876 = PRESENTATION_LAYER_ASSIGNMENT (  '', '', ( #898 ) ) ;
#6877 = PRESENTATION_STYLE_ASSIGNMENT (( #8168 ) ) ;
#6878 = CIRCLE ( 'NONE', #3509, 3.349999999999999645 ) ;
#6879 = FILL_AREA_STYLE_COLOUR ( '', #6746 ) ;
#6881 = ORIENTED_EDGE ( 'NONE', *, *, #2283, .T. ) ;
#6880 = CARTESIAN_POINT ( 'NONE',  ( 6.295122679594196136, 13.02138873565663069, -1.167644284148493750 ) ) ;
#6882 = CARTESIAN_POINT ( 'NONE',  ( 5.206020063032065437, 16.31235476181182875, -8.436400549788778847 ) ) ;
#6883 = ORIENTED_EDGE ( 'NONE', *, *, #4064, .F. ) ;
#6884 = CARTESIAN_POINT ( 'NONE',  ( 5.783599450211217352, 15.77068809514516445, -9.013979936967933426 ) ) ;
#6885 = STYLED_ITEM ( 'NONE', ( #2567 ), #1358 ) ;
#6886 = PRESENTATION_STYLE_ASSIGNMENT (( #2898 ) ) ;
#6887 = DIRECTION ( 'NONE',  ( 0.0000000000000000000, 0.0000000000000000000, 1.000000000000000000 ) ) ;
#6888 = CARTESIAN_POINT ( 'NONE',  ( 7.008200274894410775, 14.99985476181183230, 9.183359049252658224 ) ) ;
#6889 = CARTESIAN_POINT ( 'NONE',  ( 8.142932467948382325, 21.62976032602628607, -2.852332823543867857 ) ) ;
#6890 = CARTESIAN_POINT ( 'NONE',  ( 6.295122679594196136, 13.02138873565663069, 6.452355715851505913 ) ) ;
#6891 = SURFACE_SIDE_STYLE ('',( #4456 ) ) ;
#6892 = FACE_OUTER_BOUND ( 'NONE', #5348, .T. ) ;
#6893 =( GEOMETRIC_REPRESENTATION_CONTEXT ( 3 ) GLOBAL_UNCERTAINTY_ASSIGNED_CONTEXT ( ( #8031 ) ) GLOBAL_UNIT_ASSIGNED_CONTEXT ( ( #54, #9846, #868 ) ) REPRESENTATION_CONTEXT ( 'NONE', 'WORKASPACE' ) );
#6894 = EDGE_LOOP ( 'NONE', ( #6613, #5728, #9071, #8378 ) ) ;
#6895 = AXIS2_PLACEMENT_3D ( 'NONE', #4871, #2, #8307 ) ;
#6896 = LINE ( 'NONE', #4309, #3160 ) ;
#6897 = VERTEX_POINT ( 'NONE', #9954 ) ;
#6898 = ADVANCED_FACE ( 'NONE', ( #10543 ), #5712, .F. ) ;
#6900 = ORIENTED_EDGE ( 'NONE', *, *, #9060, .F. ) ;
#6899 = CARTESIAN_POINT ( 'NONE',  ( 5.432355715851494793, 16.14638873565663246, 0.3048773204057721453 ) ) ;
#6901 = CARTESIAN_POINT ( 'NONE',  ( 7.209754640811560478, 12.95888873565663779, -8.661138122682935148 ) ) ;
#6902 = ORIENTED_EDGE ( 'NONE', *, *, #10123, .T. ) ;
#6903 = LINE ( 'NONE', #2960, #3270 ) ;
#6904 = CARTESIAN_POINT ( 'NONE',  ( 7.993979936967930300, 11.58064494388263022, 0.8164005497887779628 ) ) ;
#6905 = CARTESIAN_POINT ( 'NONE',  ( 5.250000000000000000, 21.39999999999999858, 11.42999999999999972 ) ) ;
#6906 = CARTESIAN_POINT ( 'NONE',  ( 6.200000000000401634, 18.74802143783840336, 5.481677929696323837 ) ) ;
#6907 = AXIS2_PLACEMENT_3D ( 'NONE', #9537, #10485, #2223 ) ;
#6908 = AXIS2_PLACEMENT_3D ( 'NONE', #6732, #3441, #1816 ) ;
#6909 = CARTESIAN_POINT ( 'NONE',  ( 5.206020063032065437, 16.31235476181182875, 6.803599450211220478 ) ) ;
#6910 = CARTESIAN_POINT ( 'NONE',  ( 6.599999999999999645, 16.94999999999424745, -9.807500000039471644 ) ) ;
#6911 = EDGE_CURVE ( 'NONE', #5475, #10453, #161, .T. ) ;
#6912 = CARTESIAN_POINT ( 'NONE',  ( 5.057078403903690678, 21.62976951498038503, -4.767679308080666090 ) ) ;
#6913 = CARTESIAN_POINT ( 'NONE',  ( 8.163359049252660427, 15.64314494388263910, 7.211799725105591641 ) ) ;
#6914 = ORIENTED_EDGE ( 'NONE', *, *, #364, .F. ) ;
#6915 = CARTESIAN_POINT ( 'NONE',  ( 7.993979936967921418, 15.06235476181183230, -6.803599450211195609 ) ) ;
#6916 = DIRECTION ( 'NONE',  ( 1.376764663473659915E-16, -1.000000000000000000, -0.0000000000000000000 ) ) ;
#6917 =( GEOMETRIC_REPRESENTATION_CONTEXT ( 3 ) GLOBAL_UNCERTAINTY_ASSIGNED_CONTEXT ( ( #2345 ) ) GLOBAL_UNIT_ASSIGNED_CONTEXT ( ( #6024, #392, #4551 ) ) REPRESENTATION_CONTEXT ( 'NONE', 'WORKASPACE' ) );
#6918 = ADVANCED_FACE ( 'NONE', ( #3259 ), #1676, .T. ) ;
#6919 = AXIS2_PLACEMENT_3D ( 'NONE', #9345, #1284, #412 ) ;
#6920 = CARTESIAN_POINT ( 'NONE',  ( 12.59999999999999964, 0.0000000000000000000, 11.42999999999999972 ) ) ;
#6921 = PRESENTATION_LAYER_ASSIGNMENT (  '', '', ( #8629 ) ) ;
#6922 = CARTESIAN_POINT ( 'NONE',  ( 2.099999999999997868, 9.400000000000030553, 5.920000000000005258 ) ) ;
#6923 = CARTESIAN_POINT ( 'NONE',  ( 6.199999999999999289, 18.18565895348264405, -2.250028231230485343 ) ) ;
#6924 = ORIENTED_EDGE ( 'NONE', *, *, #2347, .F. ) ;
#6925 = CARTESIAN_POINT ( 'NONE',  ( 7.993979936967930300, 15.16397827721596414, -0.8164005497887827367 ) ) ;
#6926 = CARTESIAN_POINT ( 'NONE',  ( 5.206020063032066325, 11.31235476181183053, 6.803599450211226696 ) ) ;
#6927 = STYLED_ITEM ( 'NONE', ( #8742 ), #9533 ) ;
#6928 = CARTESIAN_POINT ( 'NONE',  ( 11.29999999999999716, 17.25698273513623704, -5.270000000000000462 ) ) ;
#6929 = ORIENTED_EDGE ( 'NONE', *, *, #5993, .T. ) ;
#6930 =( NAMED_UNIT ( * ) PLANE_ANGLE_UNIT ( ) SI_UNIT ( $, .RADIAN. ) );
#6931 = CARTESIAN_POINT ( 'NONE',  ( 6.599999999999999645, 17.02352941176470580, 0.0000000000000000000 ) ) ;
#6932 =( NAMED_UNIT ( * ) SI_UNIT ( $, .STERADIAN. ) SOLID_ANGLE_UNIT ( ) );
#6933 = ORIENTED_EDGE ( 'NONE', *, *, #3153, .T. ) ;
#6934 = MECHANICAL_DESIGN_GEOMETRIC_PRESENTATION_REPRESENTATION (  '', ( #8124 ), #7780 ) ;
#6935 = LINE ( 'NONE', #295, #6670 ) ;
#6936 = SURFACE_STYLE_USAGE ( .BOTH. , #397 ) ;
#6937 =( NAMED_UNIT ( * ) SI_UNIT ( $, .STERADIAN. ) SOLID_ANGLE_UNIT ( ) );
#6938 = EDGE_CURVE ( 'NONE', #1841, #3111, #121, .T. ) ;
#6939 = ADVANCED_FACE ( 'NONE', ( #1688 ), #3424, .T. ) ;
#6940 =( GEOMETRIC_REPRESENTATION_CONTEXT ( 3 ) GLOBAL_UNCERTAINTY_ASSIGNED_CONTEXT ( ( #8111 ) ) GLOBAL_UNIT_ASSIGNED_CONTEXT ( ( #1066, #8697, #1878 ) ) REPRESENTATION_CONTEXT ( 'NONE', 'WORKASPACE' ) );
#6941 = CARTESIAN_POINT ( 'NONE',  ( 6.200000000000401634, 18.74802143783840336, -9.758322070303679041 ) ) ;
#6942 = DIRECTION ( 'NONE',  ( 0.0000000000000000000, -0.0000000000000000000, 1.000000000000000000 ) ) ;
#6944 = VERTEX_POINT ( 'NONE', #8357 ) ;
#6943 = CARTESIAN_POINT ( 'NONE',  ( 5.432355715851499234, 12.64638873565663424, 0.3048773204057755315 ) ) ;
#6945 = ORIENTED_EDGE ( 'NONE', *, *, #4332, .F. ) ;
#6946 = CARTESIAN_POINT ( 'NONE',  ( 7.993979936967916089, 15.66397827721596769, -8.436400549788817926 ) ) ;
#6947 = CARTESIAN_POINT ( 'NONE',  ( 5.206020063032066325, 14.81235476181183230, 6.803599450211217814 ) ) ;
#6948 = CARTESIAN_POINT ( 'NONE',  ( 7.000000000000000000, 18.65697564738288960, -9.836544185263250029 ) ) ;
#6949 = CARTESIAN_POINT ( 'NONE',  ( 5.036640950747339751, 13.83318809514516623, 7.211799725105590753 ) ) ;
#6950 = CARTESIAN_POINT ( 'NONE',  ( 10.97482679280570039, 21.57573593128806522, -1.624459855567441657 ) ) ;
#6951 = ORIENTED_EDGE ( 'NONE', *, *, #2612, .T. ) ;
#6952 = SURFACE_STYLE_USAGE ( .BOTH. , #3732 ) ;
#6954 = VERTEX_POINT ( 'NONE', #6075 ) ;
#6953 = CARTESIAN_POINT ( 'NONE',  ( 5.990245359188414831, 16.04222206898996106, -1.041138122682922384 ) ) ;
#6955 = CARTESIAN_POINT ( 'NONE',  ( 5.783599450211198700, 13.43735476181183230, -6.226020063032070340 ) ) ;
#6956 = ORIENTED_EDGE ( 'NONE', *, *, #9650, .F. ) ;
#6957 = DIRECTION ( 'NONE',  ( -1.326525867060349907E-16, -1.000000000000000000, -0.0000000000000000000 ) ) ;
#6958 = CARTESIAN_POINT ( 'NONE',  ( 7.993979936967890332, 11.06235476181174526, 0.8164005497887737439 ) ) ;
#6959 = FILL_AREA_STYLE_COLOUR ( '', #379 ) ;
#6960 = FILL_AREA_STYLE ('',( #531 ) ) ;
#6961 = PLANE ( 'NONE',  #8107 ) ;
#6962 = CARTESIAN_POINT ( 'NONE',  ( 7.209754640811574689, 16.45888873565663246, 6.578861877317071283 ) ) ;
#6963 = ADVANCED_FACE ( 'NONE', ( #9416 ), #8627, .F. ) ;
#6964 = DIRECTION ( 'NONE',  ( 0.1051056407233113416, -0.9944610622282513690, 0.0000000000000000000 ) ) ;
#6965 = CARTESIAN_POINT ( 'NONE',  ( 4.950000000000000178, 21.47973812232093493, -4.705083940495033978 ) ) ;
#6966 = CARTESIAN_POINT ( 'NONE',  ( 5.206020063032069878, 16.39568809514516090, 8.436400549788785952 ) ) ;
#6967 = EDGE_LOOP ( 'NONE', ( #7056, #18, #4201, #5421 ) ) ;
#6968 = ORIENTED_EDGE ( 'NONE', *, *, #10408, .T. ) ;
#6969 = CARTESIAN_POINT ( 'NONE',  ( 7.416400549788820129, 14.03897827721596947, -6.226020063032083662 ) ) ;
#6970 = CARTESIAN_POINT ( 'NONE',  ( 6.999999999998145483, 18.68136878987107607, 2.212336449557896767 ) ) ;
#6971 = ORIENTED_EDGE ( 'NONE', *, *, #5439, .F. ) ;
#6972 = UNCERTAINTY_MEASURE_WITH_UNIT (LENGTH_MEASURE( 1.000000000000000082E-05 ), #10523, 'distance_accuracy_value', 'NONE');
#6973 = DIRECTION ( 'NONE',  ( -8.185976218434330542E-17, 1.000000000000000000, 0.0000000000000000000 ) ) ;
#6974 = CARTESIAN_POINT ( 'NONE',  ( 6.599999999999999645, 17.27092694212320012, 7.620000000000000107 ) ) ;
#6975 = DIRECTION ( 'NONE',  ( 0.0000000000000000000, -0.0000000000000000000, -1.000000000000000000 ) ) ;
#6976 = ORIENTED_EDGE ( 'NONE', *, *, #5635, .F. ) ;
#6977 = CARTESIAN_POINT ( 'NONE',  ( 6.191799725105596508, 13.47647827721596769, 1.563359049252662336 ) ) ;
#6978 = EDGE_CURVE ( 'NONE', #9671, #3766, #3636, .T. ) ;
#6979 = CARTESIAN_POINT ( 'NONE',  ( 6.191799725105592955, 11.26814494388263377, 6.056640950747336660 ) ) ;
#6980 = EDGE_CURVE ( 'NONE', #8271, #7192, #7186, .T. ) ;
#6981 = ADVANCED_FACE ( 'NONE', ( #332 ), #724, .F. ) ;
#6982 = CARTESIAN_POINT ( 'NONE',  ( 6.600000000000000533, 17.27092694212328183, -9.969269215077943613 ) ) ;
#6983 = ORIENTED_EDGE ( 'NONE', *, *, #1606, .F. ) ;
#6984 = CARTESIAN_POINT ( 'NONE',  ( 3.589109380996690302, 21.69999999999999574, -0.5639487726926680766 ) ) ;
#6985 = FILL_AREA_STYLE ('',( #4438 ) ) ;
#6986 = CARTESIAN_POINT ( 'NONE',  ( 12.09999999999999964, 11.05000000000000071, 11.42999999999999972 ) ) ;
#6987 = PRODUCT_CONTEXT ( 'NONE', #1133, 'mechanical' ) ;
#6988 = ORIENTED_EDGE ( 'NONE', *, *, #9332, .F. ) ;
#6989 = CARTESIAN_POINT ( 'NONE',  ( 7.949999999999998401, 21.69999999999999929, 7.620000000000000107 ) ) ;
#6990 = EDGE_CURVE ( 'NONE', #8562, #3008, #4017, .T. ) ;
#6991 = CARTESIAN_POINT ( 'NONE',  ( 6.200000000000401634, 18.74421396058624723, -9.769206760064484740 ) ) ;
#6992 = CARTESIAN_POINT ( 'NONE',  ( 10.03031986140680765, 18.75000000000000000, 1.542016754626362784 ) ) ;
#6993 = CARTESIAN_POINT ( 'NONE',  ( 5.250000000000000000, 21.69999999999999929, 7.620000000000000107 ) ) ;
#6995 = ORIENTED_EDGE ( 'NONE', *, *, #7297, .T. ) ;
#6994 = CARTESIAN_POINT ( 'NONE',  ( 5.783599450211226234, 11.93735476181182875, 1.393979936967931765 ) ) ;
#6996 = ORIENTED_EDGE ( 'NONE', *, *, #9383, .T. ) ;
#6997 = EDGE_CURVE ( 'NONE', #5292, #3234, #3527, .T. ) ;
#6998 = ORIENTED_EDGE ( 'NONE', *, *, #10423, .T. ) ;
#6999 = CARTESIAN_POINT ( 'NONE',  ( 7.008200274894408111, 16.20818809514516801, -9.183359049252658224 ) ) ;
#7000 = SURFACE_STYLE_FILL_AREA ( #9449 ) ;
#7001 = DIRECTION ( 'NONE',  ( 0.0000000000000000000, 0.0000000000000000000, 1.000000000000000000 ) ) ;
#7002 = CARTESIAN_POINT ( 'NONE',  ( 5.783599450211198700, 13.43735476181183230, 9.013979936967928097 ) ) ;
#7003 = DIRECTION ( 'NONE',  ( 0.4999999999999999445, 0.0000000000000000000, -0.8660254037844387076 ) ) ;
#7004 = FILL_AREA_STYLE ('',( #9397 ) ) ;
#7005 = VERTEX_POINT ( 'NONE', #10011 ) ;
#7007 = ORIENTED_EDGE ( 'NONE', *, *, #1249, .T. ) ;
#7006 = CARTESIAN_POINT ( 'NONE',  ( 6.295122679594201465, 15.02138873565663424, -1.167644284148493306 ) ) ;
#7008 = CARTESIAN_POINT ( 'NONE',  ( 6.904877320405760521, 12.97972206898996639, -8.787644284148507623 ) ) ;
#7009 = CARTESIAN_POINT ( 'NONE',  ( 1.899999999999998801, 17.25698273513623349, -9.970000000000000639 ) ) ;
#7010 = CARTESIAN_POINT ( 'NONE',  ( 6.191799725105607166, 10.76814494388263554, -1.563359049252663890 ) ) ;
#7011 = LINE ( 'NONE', #9520, #9261 ) ;
#7012 =( NAMED_UNIT ( * ) SI_UNIT ( $, .STERADIAN. ) SOLID_ANGLE_UNIT ( ) );
#7013 =( NAMED_UNIT ( * ) SI_UNIT ( $, .STERADIAN. ) SOLID_ANGLE_UNIT ( ) );
#7014 = CARTESIAN_POINT ( 'NONE',  ( 6.191799725105602725, 16.74985476181183230, 6.056640950747336660 ) ) ;
#7015 = CARTESIAN_POINT ( 'NONE',  ( 11.08999999999998565, 8.199999999999999289, 11.42999999999999616 ) ) ;
#7016 = STYLED_ITEM ( 'NONE', ( #3054 ), #3693 ) ;
#7017 = CARTESIAN_POINT ( 'NONE',  ( 6.191799725105618712, 12.45818809514516801, 9.183359049252670658 ) ) ;
#7018 = CARTESIAN_POINT ( 'NONE',  ( 8.163359049252672861, 15.14314494388263022, 7.211799725105622727 ) ) ;
#7019 = EDGE_LOOP ( 'NONE', ( #915, #9901, #6358, #2979, #9419, #1971 ) ) ;
#7020 = CARTESIAN_POINT ( 'NONE',  ( 5.206020063032076095, 14.31235476181183230, -8.436400549788807268 ) ) ;
#7021 = CARTESIAN_POINT ( 'NONE',  ( 7.500000000000000000, 1.349999999999990097, -1.250000000000000000 ) ) ;
#7022 = FACE_OUTER_BOUND ( 'NONE', #4203, .T. ) ;
#7023 = DIRECTION ( 'NONE',  ( -0.5547001962252289253, -0.0000000000000000000, -0.8320502943378437211 ) ) ;
#7024 = CARTESIAN_POINT ( 'NONE',  ( 4.025000000000000355, 0.0000000000000000000, -3.209999999999999964 ) ) ;
#7025 = ORIENTED_EDGE ( 'NONE', *, *, #5007, .T. ) ;
#7026 = CARTESIAN_POINT ( 'NONE',  ( 7.416400549788803254, 13.70564494388263554, -1.393979936967921329 ) ) ;
#7027 = CARTESIAN_POINT ( 'NONE',  ( 7.416400549788805918, 11.68735476181182698, 6.226020063032077445 ) ) ;
#7028 = CARTESIAN_POINT ( 'NONE',  ( 2.810000000000000053, 11.49999999999999645, 11.42999999999999972 ) ) ;
#7029 = ORIENTED_EDGE ( 'NONE', *, *, #5883, .T. ) ;
#7030 = STYLED_ITEM ( 'NONE', ( #3533 ), #91 ) ;
#7031 = CARTESIAN_POINT ( 'NONE',  ( 4.993974467541537621, 21.70000000000000284, -2.608080517010134436 ) ) ;
#7032 = CARTESIAN_POINT ( 'NONE',  ( 8.299999999999998934, 0.5999999999999919842, 8.120000000000000995 ) ) ;
#7033 = CARTESIAN_POINT ( 'NONE',  ( 5.036640950747339751, 11.87485476181183763, -7.211799725105577430 ) ) ;
#7034 = DIRECTION ( 'NONE',  ( 0.0000000000000000000, -0.9805806756909201116, -0.1961161351381840445 ) ) ;
#7035 = EDGE_CURVE ( 'NONE', #4204, #2304, #2873, .T. ) ;
#7036 =( LENGTH_UNIT ( ) NAMED_UNIT ( * ) SI_UNIT ( .MILLI., .METRE. ) );
#7037 = VERTEX_POINT ( 'NONE', #5338 ) ;
#7038 = CARTESIAN_POINT ( 'NONE',  ( 1.500000000000003997, 4.185714285714278837, -5.019999999999997797 ) ) ;
#7039 = B_SPLINE_CURVE_WITH_KNOTS ( 'NONE', 3,
 ( #5116, #7528, #6741, #1770, #4154, #9985, #2635, #2690, #5804, #9024, #7482, #5160, #4353, #7583, #9882, #254 ),
 .UNSPECIFIED., .F., .F.,
 ( 4, 3, 3, 3, 3, 4 ),
 ( 0.0000000000000000000, 3.459422188649581825E-05, 6.920741127230169978E-05, 0.0001035169635104261237, 0.0001372649979643145179, 0.0001506191642545886926 ),
 .UNSPECIFIED. ) ;
#7040 = CARTESIAN_POINT ( 'NONE',  ( 5.057088514833184334, 21.62977805897537564, 10.47231281311143292 ) ) ;
#7041 = DIRECTION ( 'NONE',  ( 0.0000000000000000000, 0.0000000000000000000, 1.000000000000000000 ) ) ;
#7042 = ADVANCED_FACE ( 'NONE', ( #8565 ), #2920, .F. ) ;
#7043 = UNCERTAINTY_MEASURE_WITH_UNIT (LENGTH_MEASURE( 1.000000000000000082E-05 ), #5866, 'distance_accuracy_value', 'NONE');
#7044 = SURFACE_SIDE_STYLE ('',( #8804 ) ) ;
#7045 = EDGE_CURVE ( 'NONE', #4580, #1750, #1504, .T. ) ;
#7047 = ORIENTED_EDGE ( 'NONE', *, *, #5503, .T. ) ;
#7046 = CARTESIAN_POINT ( 'NONE',  ( 7.008200274894408111, 12.49985476181183230, 1.563359049252657673 ) ) ;
#7048 = VERTEX_POINT ( 'NONE', #10268 ) ;
#7049 = CARTESIAN_POINT ( 'NONE',  ( 2.225173207194270919, 21.57573593128806522, 5.995540144432562002 ) ) ;
#7050 = CYLINDRICAL_SURFACE ( 'NONE', #10499, 3.349999999999999645 ) ;
#7051 =( NAMED_UNIT ( * ) PLANE_ANGLE_UNIT ( ) SI_UNIT ( $, .RADIAN. ) );
#7052 = CARTESIAN_POINT ( 'NONE',  ( 6.191799725105596508, 13.95818809514516801, 9.183359049252660000 ) ) ;
#7053 = STYLED_ITEM ( 'NONE', ( #6297 ), #5470 ) ;
#7054 = FACE_OUTER_BOUND ( 'NONE', #1705, .T. ) ;
#7055 = CARTESIAN_POINT ( 'NONE',  ( 8.299999999999998934, 0.8999999999999998002, 6.820000000000000284 ) ) ;
#7056 = ORIENTED_EDGE ( 'NONE', *, *, #4670, .F. ) ;
#7057 = AXIS2_PLACEMENT_3D ( 'NONE', #7869, #5383, #589 ) ;
#7059 = ORIENTED_EDGE ( 'NONE', *, *, #7310, .F. ) ;
#7058 = CARTESIAN_POINT ( 'NONE',  ( 5.783599450211218240, 14.93735476181183408, 1.393979936967931765 ) ) ;
#7060 = CARTESIAN_POINT ( 'NONE',  ( 5.206020063032076983, 13.31235476181182698, -8.436400549788807268 ) ) ;
#7061 = CARTESIAN_POINT ( 'NONE',  ( 6.599999999999999645, 17.27092694212328183, -9.969269215077943613 ) ) ;
#7062 = CARTESIAN_POINT ( 'NONE',  ( 7.993979936967890332, 10.58064494388244725, 0.8164005497887737439 ) ) ;
#7063 = CARTESIAN_POINT ( 'NONE',  ( 6.599999999999999645, 17.25000000000000000, -7.620000000000000107 ) ) ;
#7064 = CARTESIAN_POINT ( 'NONE',  ( 4.949999999999999289, 21.69999999999999929, -4.704524052577349735 ) ) ;
#7065 = CARTESIAN_POINT ( 'NONE',  ( 5.990245359188414831, 16.04222206898996106, 6.578861877317080165 ) ) ;
#7066 =( GEOMETRIC_REPRESENTATION_CONTEXT ( 3 ) GLOBAL_UNCERTAINTY_ASSIGNED_CONTEXT ( ( #5606 ) ) GLOBAL_UNIT_ASSIGNED_CONTEXT ( ( #2355, #5511, #553 ) ) REPRESENTATION_CONTEXT ( 'NONE', 'WORKASPACE' ) );
#7067 = DIRECTION ( 'NONE',  ( 0.0000000000000000000, 0.0000000000000000000, -1.000000000000000000 ) ) ;
#7068 = VECTOR ( 'NONE', #3932, 1000.000000000000000 ) ;
#7069 = CARTESIAN_POINT ( 'NONE',  ( 7.416400549788779273, 12.52068809514516268, 9.013979936967931650 ) ) ;
#7070 = CARTESIAN_POINT ( 'NONE',  ( 6.191799725105589403, 14.76814494388263377, 6.056640950747341989 ) ) ;
#7071 = EDGE_LOOP ( 'NONE', ( #9030, #1613, #9829, #1214, #6721, #5559, #2221, #1172 ) ) ;
#7072 = CARTESIAN_POINT ( 'NONE',  ( 6.191799725105592067, 13.97647827721596236, -6.056640950747338437 ) ) ;
#7073 = DIRECTION ( 'NONE',  ( 0.0000000000000000000, 0.0000000000000000000, 1.000000000000000000 ) ) ;
#7074 = CARTESIAN_POINT ( 'NONE',  ( 6.599999999999999645, 21.69999999999999929, -7.620000000000000107 ) ) ;
#7075 = CARTESIAN_POINT ( 'NONE',  ( 6.999999999999668709, 18.72531777649810181, 5.437045231976769699 ) ) ;
#7076 = CARTESIAN_POINT ( 'NONE',  ( 10.20877607586298907, 18.75000000000000355, 5.971960483841093570 ) ) ;
#7077 = VERTEX_POINT ( 'NONE', #7124 ) ;
#7078 = VECTOR ( 'NONE', #2432, 1000.000000000000000 ) ;
#7079 = CARTESIAN_POINT ( 'NONE',  ( 7.416400549788779273, 14.20564494388263377, -1.393979936967932209 ) ) ;
#7080 = DIRECTION ( 'NONE',  ( -0.0000000000000000000, -0.0000000000000000000, 1.000000000000000000 ) ) ;
#7081 = VECTOR ( 'NONE', #7805, 1000.000000000000000 ) ;
#7082 = CARTESIAN_POINT ( 'NONE',  ( 7.416400549788795260, 11.03897827721596769, 9.013979936967929874 ) ) ;
#7083 = AXIS2_PLACEMENT_3D ( 'NONE', #3809, #4821, #7947 ) ;
#7084 = CARTESIAN_POINT ( 'NONE',  ( 0.0000000000000000000, -36.96000000000000085, 4.569999999999960316 ) ) ;
#7085 = CIRCLE ( 'NONE', #5427, 2.500000000000000444 ) ;
#7086 = CARTESIAN_POINT ( 'NONE',  ( 0.3999999999999999667, 11.50000000000000000, 11.42999999999999972 ) ) ;
#7087 = EDGE_LOOP ( 'NONE', ( #6480, #5856, #3236, #4190 ) ) ;
#7088 = VECTOR ( 'NONE', #9136, 1000.000000000000114 ) ;
#7089 = COLOUR_RGB ( '',0.2862745098039215508, 0.6431372549019607199, 0.8666666666666666963 ) ;
#7090 = CARTESIAN_POINT ( 'NONE',  ( 7.416400549788779273, 12.03897827721596414, -6.226020063032067675 ) ) ;
#7091 = FACE_OUTER_BOUND ( 'NONE', #3678, .T. ) ;
#7092 = DIRECTION ( 'NONE',  ( -0.1842885350501859976, 0.9828721869343217676, 0.0000000000000000000 ) ) ;
#7093 = DIRECTION ( 'NONE',  ( 0.0000000000000000000, 0.0000000000000000000, -1.000000000000000000 ) ) ;
#7094 = VECTOR ( 'NONE', #10552, 1000.000000000000227 ) ;
#7095 = EDGE_CURVE ( 'NONE', #9535, #407, #3952, .T. ) ;
#7096 = VECTOR ( 'NONE', #7251, 1000.000000000000000 ) ;
#7097 = VECTOR ( 'NONE', #487, 1000.000000000000000 ) ;
#7098 = CARTESIAN_POINT ( 'NONE',  ( 7.000000000000000888, 18.75000000000000000, -2.115099840886189853 ) ) ;
#7099 = CARTESIAN_POINT ( 'NONE',  ( 3.146410161513771619, 0.8999999999999930278, -12.02999999999999936 ) ) ;
#7101 = ORIENTED_EDGE ( 'NONE', *, *, #9858, .F. ) ;
#7100 = CARTESIAN_POINT ( 'NONE',  ( 6.295122679594205017, 11.52138873565663069, -1.167644284148498190 ) ) ;
#7102 = ADVANCED_FACE ( 'NONE', ( #6373 ), #7877, .F. ) ;
#7103 =( GEOMETRIC_REPRESENTATION_CONTEXT ( 3 ) GLOBAL_UNCERTAINTY_ASSIGNED_CONTEXT ( ( #3973 ) ) GLOBAL_UNIT_ASSIGNED_CONTEXT ( ( #488, #3751, #7827 ) ) REPRESENTATION_CONTEXT ( 'NONE', 'WORKASPACE' ) );
#7104 = LINE ( 'NONE', #1434, #6210 ) ;
#7105 = DIRECTION ( 'NONE',  ( 0.0000000000000000000, 0.0000000000000000000, 1.000000000000000000 ) ) ;
#7106 = ADVANCED_FACE ( 'NONE', ( #8728 ), #9709, .T. ) ;
#7107 = CARTESIAN_POINT ( 'NONE',  ( 3.250000000000000000, 17.19999999999999929, 11.42999999999999972 ) ) ;
#7108 = ORIENTED_EDGE ( 'NONE', *, *, #5245, .T. ) ;
#7109 = PRESENTATION_LAYER_ASSIGNMENT (  '', '', ( #1317 ) ) ;
#7111 = VERTEX_POINT ( 'NONE', #9938 ) ;
#7110 = CARTESIAN_POINT ( 'NONE',  ( 7.209754640811561366, 14.45888873565663069, -1.041138122682930600 ) ) ;
#7112 = CARTESIAN_POINT ( 'NONE',  ( 7.641138122682926692, 12.83388873565663069, -7.010245359188439274 ) ) ;
#7113 = DIRECTION ( 'NONE',  ( 1.000000000000000000, -0.0000000000000000000, 0.0000000000000000000 ) ) ;
#7114 = PRESENTATION_STYLE_ASSIGNMENT (( #2566 ) ) ;
#7115 = CARTESIAN_POINT ( 'NONE',  ( 7.008200274894383242, 11.70818809514516801, -1.563359049252668775 ) ) ;
#7116 = LINE ( 'NONE', #3238, #7376 ) ;
#7117 = CARTESIAN_POINT ( 'NONE',  ( 26.05000000000000071, 0.5999999999999889866, -8.119999999999999218 ) ) ;
#7118 = CARTESIAN_POINT ( 'NONE',  ( 5.044031241407945565, 21.61814793079747332, -10.48013595530195019 ) ) ;
#7119 = CARTESIAN_POINT ( 'NONE',  ( 6.904877320405774732, 14.97972206898997172, 6.452355715851499696 ) ) ;
#7120 = CARTESIAN_POINT ( 'NONE',  ( 11.71000000000000085, -6.929999999999949978, 11.42999999999999972 ) ) ;
#7121 = CARTESIAN_POINT ( 'NONE',  ( 5.432355715851499234, 12.64638873565663424, 7.924877320405776970 ) ) ;
#7122 = ORIENTED_EDGE ( 'NONE', *, *, #4726, .F. ) ;
#7123 = CARTESIAN_POINT ( 'NONE',  ( 7.416400549788777496, 13.53897827721596769, -6.226020063032059682 ) ) ;
#7124 = CARTESIAN_POINT ( 'NONE',  ( 8.250000000000000000, 17.19999999999999929, -2.915475947422649927 ) ) ;
#7125 = FACE_BOUND ( 'NONE', #3066, .T. ) ;
#7126 = LINE ( 'NONE', #7024, #3519 ) ;
#7127 = CARTESIAN_POINT ( 'NONE',  ( 5.206020063032076095, 15.81235476181183230, -8.436400549788807268 ) ) ;
#7128 = ORIENTED_EDGE ( 'NONE', *, *, #42, .F. ) ;
#7129 = CARTESIAN_POINT ( 'NONE',  ( 8.163359049252669308, 14.14314494388263199, -0.4082002748943882597 ) ) ;
#7130 = EDGE_CURVE ( 'NONE', #676, #2304, #4978, .T. ) ;
#7131 = CARTESIAN_POINT ( 'NONE',  ( 5.050387622304404189, 21.62401862783264761, 4.763663884481372790 ) ) ;
#7132 = LINE ( 'NONE', #2982, #1437 ) ;
#7133 = LINE ( 'NONE', #3305, #1272 ) ;
#7134 = PLANE ( 'NONE',  #10168 ) ;
#7135 = CARTESIAN_POINT ( 'NONE',  ( 2.148528137423857842, 16.94999999999999929, -2.225735931288071789 ) ) ;
#7136 = EDGE_LOOP ( 'NONE', ( #2527, #2076, #330, #4094 ) ) ;
#7137 = CARTESIAN_POINT ( 'NONE',  ( 6.600000000000001421, 16.94999999999999929, 9.669999999999999929 ) ) ;
#7138 = CARTESIAN_POINT ( 'NONE',  ( 7.949999999999998401, 21.69999999999999929, -2.734958866235468911 ) ) ;
#7139 = DIRECTION ( 'NONE',  ( 0.0000000000000000000, 0.0000000000000000000, 1.000000000000000000 ) ) ;
#7140 = CARTESIAN_POINT ( 'NONE',  ( 6.191799725105592067, 14.45818809514516623, 9.183359049252658224 ) ) ;
#7141 = CARTESIAN_POINT ( 'NONE',  ( 6.599999999999999645, 17.27092694210341506, 7.620000000000000107 ) ) ;
#7142 = SURFACE_SIDE_STYLE ('',( #7189 ) ) ;
#7143 = FACE_OUTER_BOUND ( 'NONE', #4807, .T. ) ;
#7144 = FACE_OUTER_BOUND ( 'NONE', #5341, .T. ) ;
#7146 = EDGE_LOOP ( 'NONE', ( #10128, #6860, #3591 ) ) ;
#7145 = CARTESIAN_POINT ( 'NONE',  ( 5.990245359188441476, 11.54222206898996284, -1.041138122682938372 ) ) ;
#7147 = EDGE_LOOP ( 'NONE', ( #8287, #8522, #7577, #1151 ) ) ;
#7148 = CARTESIAN_POINT ( 'NONE',  ( 8.250000000000000000, 17.19999999999999929, 11.42999999999999972 ) ) ;
#7149 = CARTESIAN_POINT ( 'NONE',  ( 0.0000000000000000000, 0.0000000000000000000, -4.570000000000001172 ) ) ;
#7150 = DIRECTION ( 'NONE',  ( -0.0000000000000000000, -1.000000000000000000, -0.0000000000000000000 ) ) ;
#7151 = DIRECTION ( 'NONE',  ( -0.0000000000000000000, -1.000000000000000000, 0.0000000000000000000 ) ) ;
#7152 = DIRECTION ( 'NONE',  ( -0.0000000000000000000, 1.000000000000000000, 0.0000000000000000000 ) ) ;
#7153 = FACE_OUTER_BOUND ( 'NONE', #2763, .T. ) ;
#7154 = CARTESIAN_POINT ( 'NONE',  ( 6.199999999999999289, 17.94999999999999929, 14.01999999999999957 ) ) ;
#7156 = VERTEX_POINT ( 'NONE', #4267 ) ;
#7155 = CARTESIAN_POINT ( 'NONE',  ( 7.641138122682924028, 14.41722206898996106, -0.6097546408115810390 ) ) ;
#7157 = LINE ( 'NONE', #2516, #504 ) ;
#7158 = CARTESIAN_POINT ( 'NONE',  ( 2.057209438086390119, 11.50000000000000000, 10.93999999999999950 ) ) ;
#7159 = CARTESIAN_POINT ( 'NONE',  ( 7.416400549788761509, 11.18735476181183053, -1.393979936967944644 ) ) ;
#7160 = CARTESIAN_POINT ( 'NONE',  ( 2.925018529003200918, 18.71222679458301030, -9.298273896200649702 ) ) ;
#7161 = DIRECTION ( 'NONE',  ( 0.0000000000000000000, 0.0000000000000000000, -1.000000000000000000 ) ) ;
#7162 = CARTESIAN_POINT ( 'NONE',  ( 10.75358983848620831, 0.8999999999999912514, -12.03000000000000114 ) ) ;
#7163 = CARTESIAN_POINT ( 'NONE',  ( 5.036640950747342416, 15.37485476181183586, 8.028200274894409461 ) ) ;
#7164 = DIRECTION ( 'NONE',  ( -0.0000000000000000000, -0.0000000000000000000, -1.000000000000000000 ) ) ;
#7165 = B_SPLINE_CURVE_WITH_KNOTS ( 'NONE', 3,
 ( #9721, #5642, #8916, #2253 ),
 .UNSPECIFIED., .F., .F.,
 ( 4, 4 ),
 ( 0.0000000000000000000, 0.004887270908133802515 ),
 .UNSPECIFIED. ) ;
#7166 = CARTESIAN_POINT ( 'NONE',  ( 5.206020063032072542, 12.39568809514516445, 8.436400549788784176 ) ) ;
#7167 = ORIENTED_EDGE ( 'NONE', *, *, #7689, .T. ) ;
#7168 = ADVANCED_FACE ( 'NONE', ( #50 ), #6542, .F. ) ;
#7169 = SURFACE_SIDE_STYLE ('',( #5697 ) ) ;
#7170 = CARTESIAN_POINT ( 'NONE',  ( 6.962291394269795930, 18.71222679458387361, 5.400895688392238547 ) ) ;
#7171 = EDGE_CURVE ( 'NONE', #7733, #2696, #3648, .T. ) ;
#7172 = CARTESIAN_POINT ( 'NONE',  ( 7.993979936967930300, 15.56235476181183230, -6.803599450211221367 ) ) ;
#7173 = ORIENTED_EDGE ( 'NONE', *, *, #3541, .F. ) ;
#7174 = CARTESIAN_POINT ( 'NONE',  ( 7.008200274894409887, 14.01814494388263554, 1.563359049252657895 ) ) ;
#7175 = CARTESIAN_POINT ( 'NONE',  ( 6.200000000001936407, 18.69211839736294678, -2.208038622056907041 ) ) ;
#7176 = DIRECTION ( 'NONE',  ( 0.0000000000000000000, 0.0000000000000000000, 1.000000000000000000 ) ) ;
#7177 = VECTOR ( 'NONE', #38, 1000.000000000000000 ) ;
#7178 = DIRECTION ( 'NONE',  ( 0.0000000000000000000, -0.0000000000000000000, 1.000000000000000000 ) ) ;
#7179 = SURFACE_STYLE_FILL_AREA ( #1514 ) ;
#7180 = EDGE_LOOP ( 'NONE', ( #2074, #2237, #655, #7939 ) ) ;
#7181 = LINE ( 'NONE', #3158, #2097 ) ;
#7182 = DIRECTION ( 'NONE',  ( -0.4823445772640544416, -0.4938289719608117134, 0.7235168658960815513 ) ) ;
#7183 = DIRECTION ( 'NONE',  ( -0.0000000000000000000, 1.000000000000000000, -0.0000000000000000000 ) ) ;
#7184 = CARTESIAN_POINT ( 'NONE',  ( 11.09999999999999964, 0.0000000000000000000, -11.42999999999999972 ) ) ;
#7185 = CARTESIAN_POINT ( 'NONE',  ( 5.783599450211228898, 13.93735476181183230, 9.013979936967936979 ) ) ;
#7186 = B_SPLINE_CURVE_WITH_KNOTS ( 'NONE', 3,
 ( #5291, #9314, #5236, #6862, #8462, #7550, #6176, #218, #8509, #1143, #5972, #6970, #5391, #2103, #4430, #7661 ),
 .UNSPECIFIED., .F., .F.,
 ( 4, 3, 3, 3, 3, 4 ),
 ( 0.0000000000000000000, 3.459422188649411063E-05, 6.920741127229833875E-05, 0.0001035169635104248362, 0.0001372649979643139216, 0.0001506191642549165554 ),
 .UNSPECIFIED. ) ;
#7187 = COLOUR_RGB ( '',0.2862745098039215508, 0.6431372549019607199, 0.8666666666666666963 ) ;
#7188 = DIRECTION ( 'NONE',  ( 0.5000000000000048850, 0.0000000000000000000, 0.8660254037844358210 ) ) ;
#7189 = SURFACE_STYLE_FILL_AREA ( #3056 ) ;
#7190 =( LENGTH_UNIT ( ) NAMED_UNIT ( * ) SI_UNIT ( .MILLI., .METRE. ) );
#7192 = VERTEX_POINT ( 'NONE', #3619 ) ;
#7191 = CARTESIAN_POINT ( 'NONE',  ( 6.904877320405771179, 11.47972206898996639, -1.167644284148502853 ) ) ;
#7193 = EDGE_LOOP ( 'NONE', ( #1114, #2564, #693, #3915 ) ) ;
#7194 = CARTESIAN_POINT ( 'NONE',  ( 10.75358983848621719, -6.929999999999949978, -12.03000000000000824 ) ) ;
#7195 = FACE_OUTER_BOUND ( 'NONE', #7087, .T. ) ;
#7196 = CARTESIAN_POINT ( 'NONE',  ( 6.199999999999999289, 18.18565895348261208, 9.870028231223708204 ) ) ;
#7197 = DIRECTION ( 'NONE',  ( 0.0000000000000000000, 0.9805806756909203337, -0.1961161351381830176 ) ) ;
#7198 = CARTESIAN_POINT ( 'NONE',  ( 6.411723855481886503, 16.94999999999999929, 1.530243110942347773 ) ) ;
#7199 = B_SPLINE_CURVE_WITH_KNOTS ( 'NONE', 3,
 ( #9434, #2127, #5416, #4342, #7570, #242, #6830, #6782, #10079, #9274, #7727, #1966, #399 ),
 .UNSPECIFIED., .F., .F.,
 ( 4, 2, 2, 1, 2, 2, 4 ),
 ( 0.0000000000000000000, 0.2500000000000434097, 0.3750000000000645040, 0.4375000000000728306, 0.4687500000000672795, 0.5000000000000617284, 1.000000000000000000 ),
 .UNSPECIFIED. ) ;
#7201 = ORIENTED_EDGE ( 'NONE', *, *, #3153, .F. ) ;
#7200 = CARTESIAN_POINT ( 'NONE',  ( 7.416400549788780161, 15.02068809514516445, 1.393979936967931765 ) ) ;
#7202 = CARTESIAN_POINT ( 'NONE',  ( 8.163359049252656874, 12.62485476181183408, -8.028200274894414790 ) ) ;
#7203 = CIRCLE ( 'NONE', #3845, 3.349999999999999645 ) ;
#7204 = AXIS2_PLACEMENT_3D ( 'NONE', #7375, #10579, #3358 ) ;
#7205 = EDGE_LOOP ( 'NONE', ( #4312, #10266, #7564, #2745 ) ) ;
#7206 = STYLED_ITEM ( 'NONE', ( #275 ), #370 ) ;
#7207 = SURFACE_STYLE_FILL_AREA ( #9014 ) ;
#7208 = SURFACE_SIDE_STYLE ('',( #10521 ) ) ;
#7209 = CARTESIAN_POINT ( 'NONE',  ( 2.918703862245490388, 18.65697564737530811, -5.938842350379796464 ) ) ;
#7210 = CARTESIAN_POINT ( 'NONE',  ( 6.599999999999999645, 17.94999999998481144, 7.620000000000000107 ) ) ;
#7211 = CARTESIAN_POINT ( 'NONE',  ( 8.163359049252667532, 15.08318809514516445, 8.028200274894377486 ) ) ;
#7212 = CARTESIAN_POINT ( 'NONE',  ( 10.11825162102771714, 18.75000000000000711, -9.226699218060540275 ) ) ;
#7213 = CARTESIAN_POINT ( 'NONE',  ( 5.990245359188437035, 11.20888873565663424, 8.661138122682931595 ) ) ;
#7214 = EDGE_CURVE ( 'NONE', #9510, #677, #7646, .T. ) ;
#7215 = VERTEX_POINT ( 'NONE', #3511 ) ;
#7216 = MECHANICAL_DESIGN_GEOMETRIC_PRESENTATION_REPRESENTATION (  '', ( #2983 ), #9949 ) ;
#7217 = CARTESIAN_POINT ( 'NONE',  ( 5.206020063032084977, 13.41397827721596414, -6.803599450211183175 ) ) ;
#7218 = ORIENTED_EDGE ( 'NONE', *, *, #4513, .F. ) ;
#7219 = DIRECTION ( 'NONE',  ( 9.637352644315610034E-17, 1.000000000000000000, -0.0000000000000000000 ) ) ;
#7220 = CARTESIAN_POINT ( 'NONE',  ( 6.999999999999795719, 18.74304181000390201, 5.465910783974766041 ) ) ;
#7221 = CARTESIAN_POINT ( 'NONE',  ( 5.432355715851490352, 14.64638873565662891, -7.315122679594232125 ) ) ;
#7222 = CARTESIAN_POINT ( 'NONE',  ( 7.416400549788779273, 13.03897827721596414, 1.393979936967938649 ) ) ;
#7223 = STYLED_ITEM ( 'NONE', ( #6326 ), #7102 ) ;
#7224 = CARTESIAN_POINT ( 'NONE',  ( 1.799999999999999822, 11.00000000000000000, 9.320000000000000284 ) ) ;
#7225 = EDGE_CURVE ( 'NONE', #6124, #5389, #5218, .T. ) ;
#7226 = STYLED_ITEM ( 'NONE', ( #9396 ), #5050 ) ;
#7227 = SURFACE_STYLE_FILL_AREA ( #7997 ) ;
#7228 = EDGE_CURVE ( 'NONE', #6432, #4686, #6896, .T. ) ;
#7229 = LINE ( 'NONE', #10342, #415 ) ;
#7230 = ORIENTED_EDGE ( 'NONE', *, *, #2402, .T. ) ;
#7231 = PLANE ( 'NONE',  #67 ) ;
#7232 =( NAMED_UNIT ( * ) SI_UNIT ( $, .STERADIAN. ) SOLID_ANGLE_UNIT ( ) );
#7233 = CARTESIAN_POINT ( 'NONE',  ( 4.993644768672324652, 21.69999999999998508, -5.012082904504113756 ) ) ;
#7234 =( GEOMETRIC_REPRESENTATION_CONTEXT ( 3 ) GLOBAL_UNCERTAINTY_ASSIGNED_CONTEXT ( ( #834 ) ) GLOBAL_UNIT_ASSIGNED_CONTEXT ( ( #9326, #6930, #4613 ) ) REPRESENTATION_CONTEXT ( 'NONE', 'WORKASPACE' ) );
#7235 = CARTESIAN_POINT ( 'NONE',  ( 7.993979936967933853, 13.14568809514516978, 6.803599450211216926 ) ) ;
#7236 = CIRCLE ( 'NONE', #9807, 2.349269215077949724 ) ;
#7237 =( GEOMETRIC_REPRESENTATION_CONTEXT ( 3 ) GLOBAL_UNCERTAINTY_ASSIGNED_CONTEXT ( ( #6018 ) ) GLOBAL_UNIT_ASSIGNED_CONTEXT ( ( #7764, #3746, #9251 ) ) REPRESENTATION_CONTEXT ( 'NONE', 'WORKASPACE' ) );
#7238 = VECTOR ( 'NONE', #1120, 1000.000000000000000 ) ;
#7239 = CARTESIAN_POINT ( 'NONE',  ( 4.950000000000010836, 21.39999999999999858, 10.53547594742268245 ) ) ;
#7240 = FILL_AREA_STYLE ('',( #4725 ) ) ;
#7241 = SURFACE_STYLE_FILL_AREA ( #7004 ) ;
#7242 = UNCERTAINTY_MEASURE_WITH_UNIT (LENGTH_MEASURE( 1.000000000000000082E-05 ), #3991, 'distance_accuracy_value', 'NONE');
#7243 = PRESENTATION_STYLE_ASSIGNMENT (( #5834 ) ) ;
#7244 =( BOUNDED_CURVE ( )  B_SPLINE_CURVE ( 3, ( #10022, #4735, #10399, #1697 ),
 .UNSPECIFIED., .F., .T. ) 
 B_SPLINE_CURVE_WITH_KNOTS ( ( 4, 4 ),
 ( 0.0000000000000000000, 1.000000000000000000 ),
 .UNSPECIFIED. ) 
 CURVE ( )  GEOMETRIC_REPRESENTATION_ITEM ( )  RATIONAL_B_SPLINE_CURVE ( ( 1.000000000000000000, 0.3333333333333333703, 0.3333333333333333703, 1.000000000000000000 ) ) 
 REPRESENTATION_ITEM ( '' )  );
#7245 = PRESENTATION_LAYER_ASSIGNMENT (  '', '', ( #4563 ) ) ;
#7246 = PLANE ( 'NONE',  #6099 ) ;
#7248 = EDGE_LOOP ( 'NONE', ( #3038, #2466, #6968, #10042, #785 ) ) ;
#7247 = CARTESIAN_POINT ( 'NONE',  ( 5.783599450211187154, 11.27068809514516623, -1.393979936967914224 ) ) ;
#7249 = ORIENTED_EDGE ( 'NONE', *, *, #8145, .F. ) ;
#7250 = DIRECTION ( 'NONE',  ( 1.000000000000000000, 0.0000000000000000000, 0.0000000000000000000 ) ) ;
#7251 = DIRECTION ( 'NONE',  ( -0.0000000000000000000, -1.000000000000000000, 0.0000000000000000000 ) ) ;
#7252 = CARTESIAN_POINT ( 'NONE',  ( 9.224999999999999645, 0.9000000000000010214, -0.8000000000000124789 ) ) ;
#7253 = SURFACE_SIDE_STYLE ('',( #3120 ) ) ;
#7254 = SURFACE_STYLE_USAGE ( .BOTH. , #1436 ) ;
#7255 = CARTESIAN_POINT ( 'NONE',  ( 12.59999999999999964, 11.05000000000000071, -11.42999999999999972 ) ) ;
#7256 = CARTESIAN_POINT ( 'NONE',  ( 7.993979936967930300, 15.08064494388263022, 8.436400549788777070 ) ) ;
#7257 = FILL_AREA_STYLE_COLOUR ( '', #7089 ) ;
#7259 = ORIENTED_EDGE ( 'NONE', *, *, #4455, .F. ) ;
#7258 = CARTESIAN_POINT ( 'NONE',  ( 7.993979936967914313, 13.64568809514516801, -0.8164005497888220386 ) ) ;
#7260 = CARTESIAN_POINT ( 'NONE',  ( 5.036640950747343304, 12.37485476181183230, -7.211799725105584535 ) ) ;
#7261 = VECTOR ( 'NONE', #4237, 1000.000000000000114 ) ;
#7262 = CIRCLE ( 'NONE', #4577, 2.301783801065286905 ) ;
#7263 = LINE ( 'NONE', #7316, #7862 ) ;
#7264 = DIRECTION ( 'NONE',  ( 0.0000000000000000000, 0.0000000000000000000, 1.000000000000000000 ) ) ;
#7265 = CARTESIAN_POINT ( 'NONE',  ( 7.209754640811564030, 15.45888873565663602, 6.578861877317073059 ) ) ;
#7266 = CYLINDRICAL_SURFACE ( 'NONE', #5557, 2.500000000000000444 ) ;
#7267 = CARTESIAN_POINT ( 'NONE',  ( 6.295122679594205017, 11.52138873565663069, 6.452355715851500584 ) ) ;
#7268 = VECTOR ( 'NONE', #7537, 1000.000000000000000 ) ;
#7269 = ORIENTED_EDGE ( 'NONE', *, *, #5623, .T. ) ;
#7270 = CARTESIAN_POINT ( 'NONE',  ( 7.416400549788780161, 13.20564494388262844, -9.013979936967931650 ) ) ;
#7271 = ORIENTED_EDGE ( 'NONE', *, *, #1159, .F. ) ;
#7272 = SURFACE_STYLE_USAGE ( .BOTH. , #5452 ) ;
#7273 = CARTESIAN_POINT ( 'NONE',  ( 5.558861877317080591, 11.58388873565663246, -8.229754640811593802 ) ) ;
#7274 = DIRECTION ( 'NONE',  ( 0.5000000000000009992, 0.0000000000000000000, 0.8660254037844380415 ) ) ;
#7275 = CARTESIAN_POINT ( 'NONE',  ( 9.610765808627165896, 21.70000000000000284, -8.184017242117995750 ) ) ;
#7276 = CARTESIAN_POINT ( 'NONE',  ( 5.206020063032084089, 15.31235476181183053, -8.436400549788821479 ) ) ;
#7277 = CARTESIAN_POINT ( 'NONE',  ( 8.163359049252660427, 13.62485476181183586, -0.4082002748944159598 ) ) ;
#7278 = FILL_AREA_STYLE ('',( #3959 ) ) ;
#7279 = ADVANCED_FACE ( 'NONE', ( #195 ), #1876, .F. ) ;
#7280 = CIRCLE ( 'NONE', #5784, 0.2999999999999999334 ) ;
#7281 = CARTESIAN_POINT ( 'NONE',  ( 6.199999999999999289, 17.94999999999999929, -1.219999999999999973 ) ) ;
#7282 = DIRECTION ( 'NONE',  ( 0.0000000000000000000, -0.0000000000000000000, -1.000000000000000000 ) ) ;
#7283 = CARTESIAN_POINT ( 'NONE',  ( 26.05000000000000071, -4.750000000000009770, -7.919999999999998153 ) ) ;
#7284 = CARTESIAN_POINT ( 'NONE',  ( 6.599999999999999645, 17.02352941176470580, 0.0000000000000000000 ) ) ;
#7285 = EDGE_LOOP ( 'NONE', ( #10383, #6851, #7948, #101 ) ) ;
#7286 = CARTESIAN_POINT ( 'NONE',  ( 7.993979936967939182, 11.08064494388263554, -6.803599450211232025 ) ) ;
#7287 = CARTESIAN_POINT ( 'NONE',  ( 6.599999999999999645, 17.19999999999999929, 7.620000000000000107 ) ) ;
#7288 = CARTESIAN_POINT ( 'NONE',  ( 3.589234191373861460, 21.70000000000000284, -7.055982757879984746 ) ) ;
#7289 = CARTESIAN_POINT ( 'NONE',  ( 7.008200274894408111, 15.72647827721596769, -1.563359049252658117 ) ) ;
#7290 = EDGE_CURVE ( 'NONE', #5673, #10030, #7294, .T. ) ;
#7291 = EDGE_CURVE ( 'NONE', #3797, #5074, #1061, .T. ) ;
#7292 = CARTESIAN_POINT ( 'NONE',  ( 5.036640950747329981, 12.85147827721596414, 7.211799725105615622 ) ) ;
#7293 = CARTESIAN_POINT ( 'NONE',  ( 7.949999999999998401, 21.69999999999999929, -2.734958866235468911 ) ) ;
#7294 = CIRCLE ( 'NONE', #5622, 2.301783801071757285 ) ;
#7295 = CARTESIAN_POINT ( 'NONE',  ( 7.913376528605513549, 21.69999999999999929, -2.752733567584797925 ) ) ;
#7296 = DIRECTION ( 'NONE',  ( 9.637352644315610034E-17, 1.000000000000000000, -0.0000000000000000000 ) ) ;
#7297 = EDGE_CURVE ( 'NONE', #7784, #4918, #1985, .T. ) ;
#7298 = DIRECTION ( 'NONE',  ( 0.0000000000000000000, -0.0000000000000000000, 1.000000000000000000 ) ) ;
#7300 = ORIENTED_EDGE ( 'NONE', *, *, #9912, .F. ) ;
#7299 = CARTESIAN_POINT ( 'NONE',  ( 5.432355715851502787, 11.10472206898996461, -0.3048773204057929065 ) ) ;
#7301 = ORIENTED_EDGE ( 'NONE', *, *, #3203, .F. ) ;
#7302 = EDGE_CURVE ( 'NONE', #4519, #841, #1327, .T. ) ;
#7303 = CARTESIAN_POINT ( 'NONE',  ( 7.500000000000000888, -4.750000000000009770, 2.074999999999999734 ) ) ;
#7304 = PRESENTATION_STYLE_ASSIGNMENT (( #788 ) ) ;
#7305 = DIRECTION ( 'NONE',  ( 0.0000000000000000000, 0.9805806756909201116, -0.1961161351381840168 ) ) ;
#7306 = SURFACE_SIDE_STYLE ('',( #2406 ) ) ;
#7307 = LINE ( 'NONE', #9757, #47 ) ;
#7308 = CARTESIAN_POINT ( 'NONE',  ( 7.993979936967930300, 15.56235476181183230, 8.436400549788777070 ) ) ;
#7309 =( NAMED_UNIT ( * ) SI_UNIT ( $, .STERADIAN. ) SOLID_ANGLE_UNIT ( ) );
#7310 = EDGE_CURVE ( 'NONE', #2180, #10455, #8496, .T. ) ;
#7312 = EDGE_LOOP ( 'NONE', ( #9916, #2746, #10217, #7488, #9444 ) ) ;
#7311 = CARTESIAN_POINT ( 'NONE',  ( 5.558861877317079703, 13.66722206898996639, 0.6097546408115855909 ) ) ;
#7313 = CARTESIAN_POINT ( 'NONE',  ( 5.206020063032066325, 10.83064494388263199, -8.436400549788771741 ) ) ;
#7314 = CARTESIAN_POINT ( 'NONE',  ( 5.558861877317072597, 12.16722206898996639, -7.010245359188434833 ) ) ;
#7315 = CARTESIAN_POINT ( 'NONE',  ( 10.73204283310241536, -6.929999999999949978, 10.80999999999999162 ) ) ;
#7316 = CARTESIAN_POINT ( 'NONE',  ( 4.025000000000000355, 0.0000000000000000000, 3.209999999999999964 ) ) ;
#7317 = DIRECTION ( 'NONE',  ( -0.1842885350501859976, 0.9828721869343217676, 0.0000000000000000000 ) ) ;
#7318 = DIRECTION ( 'NONE',  ( -1.000000000000000000, 0.0000000000000000000, -0.0000000000000000000 ) ) ;
#7319 = CARTESIAN_POINT ( 'NONE',  ( 6.191799725105591179, 15.45818809514516801, 9.183359049252660000 ) ) ;
#7320 = LINE ( 'NONE', #2317, #8254 ) ;
#7321 = CARTESIAN_POINT ( 'NONE',  ( 7.641138122682935574, 11.33388873565663602, 8.229754640811552946 ) ) ;
#7322 = ORIENTED_EDGE ( 'NONE', *, *, #4934, .F. ) ;
#7323 = CARTESIAN_POINT ( 'NONE',  ( 7.008200274894370807, 13.51814494388263377, -6.056640950747321561 ) ) ;
#7324 = CARTESIAN_POINT ( 'NONE',  ( 6.200000000000330580, 18.70895134681767757, 9.818011558501906322 ) ) ;
#7325 =( NAMED_UNIT ( * ) SI_UNIT ( $, .STERADIAN. ) SOLID_ANGLE_UNIT ( ) );
#7326 = LINE ( 'NONE', #5030, #8265 ) ;
#7327 = CARTESIAN_POINT ( 'NONE',  ( 6.904877320405768515, 15.47972206898996994, -8.787644284148511176 ) ) ;
#7328 = CARTESIAN_POINT ( 'NONE',  ( 7.993979936967933853, 12.66397827721596414, -0.8164005497887842910 ) ) ;
#7329 = DIRECTION ( 'NONE',  ( 0.0000000000000000000, -0.0000000000000000000, 1.000000000000000000 ) ) ;
#7330 = LINE ( 'NONE', #10486, #8105 ) ;
#7331 = STYLED_ITEM ( 'NONE', ( #5104 ), #3465 ) ;
#7332 = CARTESIAN_POINT ( 'NONE',  ( 7.500000000000000000, 0.5999999999999890976, 7.120000000000000995 ) ) ;
#7333 = CARTESIAN_POINT ( 'NONE',  ( 2.918703862244922398, 18.65697564737526193, 1.681157649620901751 ) ) ;
#7334 = ORIENTED_EDGE ( 'NONE', *, *, #4385, .F. ) ;
#7335 = COLOUR_RGB ( '',0.2862745098039215508, 0.6431372549019607199, 0.8666666666666666963 ) ;
#7336 = CARTESIAN_POINT ( 'NONE',  ( 8.163359049252667532, 11.64314494388263199, -8.028200274894393473 ) ) ;
#7337 = CARTESIAN_POINT ( 'NONE',  ( 3.249999999999998668, 17.19999999999999574, 11.42999999999999972 ) ) ;
#7338 = CARTESIAN_POINT ( 'NONE',  ( 2.099999999999999645, 13.97719298245609920, -5.919999999999980389 ) ) ;
#7339 = CARTESIAN_POINT ( 'NONE',  ( 4.760760170783813194, 21.69999999999999574, -5.170578000885120318 ) ) ;
#7340 = AXIS2_PLACEMENT_3D ( 'NONE', #3105, #5413, #7093 ) ;
#7341 = CARTESIAN_POINT ( 'NONE',  ( 8.163359049252660427, 16.12485476181182875, -0.4082002748944095760 ) ) ;
#7342 = COLOUR_RGB ( '',0.2862745098039215508, 0.6431372549019607199, 0.8666666666666666963 ) ;
#7343 = CARTESIAN_POINT ( 'NONE',  ( 7.008200274894370807, 13.51814494388263377, 9.183359049252677764 ) ) ;
#7344 = CARTESIAN_POINT ( 'NONE',  ( 1.499999999999982458, 4.185714285714294824, 2.600000000000009859 ) ) ;
#7345 = PLANE ( 'NONE',  #3667 ) ;
#7346 = PLANE ( 'NONE',  #9804 ) ;
#7347 = EDGE_CURVE ( 'NONE', #9878, #1821, #2033, .T. ) ;
#7348 = LINE ( 'NONE', #1579, #6264 ) ;
#7350 = ORIENTED_EDGE ( 'NONE', *, *, #895, .F. ) ;
#7349 = CARTESIAN_POINT ( 'NONE',  ( 6.599999999999999645, 17.27092694212337776, 9.969269215077938284 ) ) ;
#7351 = SURFACE_STYLE_FILL_AREA ( #4137 ) ;
#7352 = EDGE_LOOP ( 'NONE', ( #2087, #10084, #3006, #1610 ) ) ;
#7353 = VERTEX_POINT ( 'NONE', #360 ) ;
#7354 = LINE ( 'NONE', #21, #7401 ) ;
#7355 = DIRECTION ( 'NONE',  ( 0.0000000000000000000, 1.000000000000000000, 0.0000000000000000000 ) ) ;
#7356 = FILL_AREA_STYLE ('',( #3439 ) ) ;
#7357 = ADVANCED_FACE ( 'NONE', ( #1013 ), #4521, .T. ) ;
#7358 = DIRECTION ( 'NONE',  ( 0.0000000000000000000, 1.000000000000000000, 0.0000000000000000000 ) ) ;
#7359 = EDGE_CURVE ( 'NONE', #6897, #4631, #3067, .T. ) ;
#7360 = CARTESIAN_POINT ( 'NONE',  ( 7.000000000000000000, 18.65697564738283987, 5.403455814738181928 ) ) ;
#7362 = ORIENTED_EDGE ( 'NONE', *, *, #8293, .F. ) ;
#7361 = CARTESIAN_POINT ( 'NONE',  ( 5.036640950747339751, 13.83318809514516623, -0.4082002748944121295 ) ) ;
#7363 = CARTESIAN_POINT ( 'NONE',  ( 5.036640950747337087, 16.87485476181183586, -7.211799725105602299 ) ) ;
#7364 = CARTESIAN_POINT ( 'NONE',  ( 5.783599450211226234, 11.93735476181182875, -6.226020063032066787 ) ) ;
#7365 = EDGE_LOOP ( 'NONE', ( #8325, #9662, #10099, #7301 ) ) ;
#7366 = CARTESIAN_POINT ( 'NONE',  ( 5.036640950747337087, 16.87485476181183586, -7.211799725105602299 ) ) ;
#7367 = DIRECTION ( 'NONE',  ( 0.0000000000000000000, 0.0000000000000000000, -1.000000000000000000 ) ) ;
#7368 = CARTESIAN_POINT ( 'NONE',  ( 1.944626135594410110, 11.50000000000000000, 11.00500000000000078 ) ) ;
#7369 = AXIS2_PLACEMENT_3D ( 'NONE', #6865, #442, #3752 ) ;
#7370 = CARTESIAN_POINT ( 'NONE',  ( 5.206020063032067213, 14.89568809514516445, 8.436400549788777070 ) ) ;
#7371 = CARTESIAN_POINT ( 'NONE',  ( 5.432355715851501010, 11.64638873565663602, 7.924877320405809833 ) ) ;
#7372 = VERTEX_POINT ( 'NONE', #2956 ) ;
#7373 = CARTESIAN_POINT ( 'NONE',  ( 2.225173207194298008, 21.39999999999999858, -1.624459855567455868 ) ) ;
#7374 = CARTESIAN_POINT ( 'NONE',  ( 8.163359049252656874, 12.60147827721596059, -7.211799725105595193 ) ) ;
#7375 = CARTESIAN_POINT ( 'NONE',  ( 6.599999999999999645, 21.69999999999999929, -7.620000000000000107 ) ) ;
#7376 = VECTOR ( 'NONE', #7980, 1000.000000000000000 ) ;
#7377 = DIRECTION ( 'NONE',  ( -0.4736042662767661615, -0.8807377583392493881, 0.0000000000000000000 ) ) ;
#7378 = DIRECTION ( 'NONE',  ( -1.000000000000000000, 0.0000000000000000000, 0.0000000000000000000 ) ) ;
#7379 = CARTESIAN_POINT ( 'NONE',  ( 7.416400549788779273, 14.68735476181183053, -9.013979936967931650 ) ) ;
#7380 = CIRCLE ( 'NONE', #893, 2.301783801071757285 ) ;
#7381 = CARTESIAN_POINT ( 'NONE',  ( 7.008200274894408111, 13.49985476181183053, 1.563359049252661226 ) ) ;
#7382 = VECTOR ( 'NONE', #5515, 1000.000000000000114 ) ;
#7383 = DIRECTION ( 'NONE',  ( 0.0000000000000000000, -1.000000000000000000, 0.0000000000000000000 ) ) ;
#7384 = DIRECTION ( 'NONE',  ( 0.0000000000000000000, 0.0000000000000000000, 1.000000000000000000 ) ) ;
#7385 = CARTESIAN_POINT ( 'NONE',  ( 26.05000000000000071, 0.5999999999999889866, -7.120000000000000107 ) ) ;
#7386 = SURFACE_STYLE_FILL_AREA ( #1731 ) ;
#7387 = ADVANCED_FACE ( 'NONE', ( #8661 ), #7973, .T. ) ;
#7388 = CARTESIAN_POINT ( 'NONE',  ( 6.600000000000000533, 17.26396121657894867, 9.969756306058135564 ) ) ;
#7389 = FACE_OUTER_BOUND ( 'NONE', #4492, .T. ) ;
#7390 = VERTEX_POINT ( 'NONE', #3832 ) ;
#7391 = CARTESIAN_POINT ( 'NONE',  ( 7.993979936967932076, 11.16397827721596414, -8.436400549788784176 ) ) ;
#7392 = CARTESIAN_POINT ( 'NONE',  ( 11.29999999999999538, 17.07426406871192981, -5.270000000000000462 ) ) ;
#7393 = ORIENTED_EDGE ( 'NONE', *, *, #7624, .F. ) ;
#7394 = CARTESIAN_POINT ( 'NONE',  ( 7.500000000000000000, 0.8999999999999920286, 8.420000000000005258 ) ) ;
#7395 = DIRECTION ( 'NONE',  ( 0.0000000000000000000, 1.000000000000000000, -0.0000000000000000000 ) ) ;
#7396 = AXIS2_PLACEMENT_3D ( 'NONE', #4141, #1484, #22 ) ;
#7397 = CARTESIAN_POINT ( 'NONE',  ( 5.206020063032074319, 16.33064494388263554, -0.8164005497887926177 ) ) ;
#7398 = CARTESIAN_POINT ( 'NONE',  ( 5.783599450211189819, 13.28897827721596236, 6.226020063032083662 ) ) ;
#7399 = CYLINDRICAL_SURFACE ( 'NONE', #2967, 0.2999999999999999334 ) ;
#7400 = DIRECTION ( 'NONE',  ( -0.0000000000000000000, -1.000000000000000000, 0.0000000000000000000 ) ) ;
#7401 = VECTOR ( 'NONE', #10557, 1000.000000000000000 ) ;
#7402 = CARTESIAN_POINT ( 'NONE',  ( 10.97482679280570039, 21.39999999999999858, -1.624459855567442101 ) ) ;
#7403 = VECTOR ( 'NONE', #5477, 1000.000000000000000 ) ;
#7404 =( NAMED_UNIT ( * ) SI_UNIT ( $, .STERADIAN. ) SOLID_ANGLE_UNIT ( ) );
#7405 = PRESENTATION_STYLE_ASSIGNMENT (( #8113 ) ) ;
#7407 = VERTEX_POINT ( 'NONE', #1490 ) ;
#7406 = CARTESIAN_POINT ( 'NONE',  ( 8.163359049252655097, 11.08318809514513248, 0.4082002748944132398 ) ) ;
#7408 = CARTESIAN_POINT ( 'NONE',  ( 6.999999999999832134, 18.74863319779753823, -2.131866648633536254 ) ) ;
#7409 = ORIENTED_EDGE ( 'NONE', *, *, #7413, .T. ) ;
#7410 = ORIENTED_EDGE ( 'NONE', *, *, #6667, .T. ) ;
#7411 = STYLED_ITEM ( 'NONE', ( #2270 ), #1512 ) ;
#7412 = CARTESIAN_POINT ( 'NONE',  ( 26.05000000000000071, -4.750000000000000000, 8.119999999999999218 ) ) ;
#7413 = EDGE_CURVE ( 'NONE', #7372, #662, #3123, .T. ) ;
#7414 = PLANE ( 'NONE',  #2787 ) ;
#7415 = FILL_AREA_STYLE ('',( #4560 ) ) ;
#7416 = AXIS2_PLACEMENT_3D ( 'NONE', #7620, #291, #6184 ) ;
#7417 = CIRCLE ( 'NONE', #8959, 2.349999999999999645 ) ;
#7418 = COLOUR_RGB ( '',0.2862745098039215508, 0.6431372549019607199, 0.8666666666666666963 ) ;
#7419 = FILL_AREA_STYLE ('',( #7257 ) ) ;
#7421 = ORIENTED_EDGE ( 'NONE', *, *, #6460, .F. ) ;
#7420 = CARTESIAN_POINT ( 'NONE',  ( 8.163359049252660427, 13.62485476181183586, -0.4082002748944159598 ) ) ;
#7422 = CARTESIAN_POINT ( 'NONE',  ( 6.599999999999999645, 16.75055540232330031, -6.452355715851499696 ) ) ;
#7423 = EDGE_CURVE ( 'NONE', #5774, #1713, #8608, .T. ) ;
#7424 = ORIENTED_EDGE ( 'NONE', *, *, #3010, .F. ) ;
#7425 = CARTESIAN_POINT ( 'NONE',  ( 8.215192097659246073, 21.56352027432502538, -4.724694127587992121 ) ) ;
#7426 = DIRECTION ( 'NONE',  ( 0.0000000000000000000, 0.0000000000000000000, -1.000000000000000000 ) ) ;
#7427 = CARTESIAN_POINT ( 'NONE',  ( 2.057209438086390119, 11.50000000000000000, 11.42999999999999972 ) ) ;
#7428 = ADVANCED_FACE ( 'NONE', ( #1384 ), #10314, .T. ) ;
#7429 = VECTOR ( 'NONE', #6188, 1000.000000000000114 ) ;
#7430 = DIRECTION ( 'NONE',  ( 0.0000000000000000000, 0.9805806756909201116, -0.1961161351381842666 ) ) ;
#7431 = AXIS2_PLACEMENT_3D ( 'NONE', #5885, #4336, #10172 ) ;
#7432 = CARTESIAN_POINT ( 'NONE',  ( 7.767644284148495615, 13.89638873565664134, 7.315122679594200150 ) ) ;
#7433 = DIRECTION ( 'NONE',  ( 0.0000000000000000000, -0.1961161351381840445, 0.9805806756909202226 ) ) ;
#7434 = CARTESIAN_POINT ( 'NONE',  ( 7.993979936967932076, 11.64568809514516090, 6.803599450211215149 ) ) ;
#7435 = ORIENTED_EDGE ( 'NONE', *, *, #4527, .T. ) ;
#7436 = DIRECTION ( 'NONE',  ( 0.0000000000000000000, 1.000000000000000000, 0.0000000000000000000 ) ) ;
#7437 = CARTESIAN_POINT ( 'NONE',  ( 7.993979936967933853, 12.66397827721596414, -8.436400549788784176 ) ) ;
#7438 = CARTESIAN_POINT ( 'NONE',  ( 7.913376528605506444, 21.69999999999999929, -4.867266432415198629 ) ) ;
#7439 = ORIENTED_EDGE ( 'NONE', *, *, #8404, .T. ) ;
#7440 =( GEOMETRIC_REPRESENTATION_CONTEXT ( 3 ) GLOBAL_UNCERTAINTY_ASSIGNED_CONTEXT ( ( #6298 ) ) GLOBAL_UNIT_ASSIGNED_CONTEXT ( ( #3261, #3102, #7232 ) ) REPRESENTATION_CONTEXT ( 'NONE', 'WORKASPACE' ) );
#7441 = CARTESIAN_POINT ( 'NONE',  ( 5.990245359188426377, 16.54222206898996816, -1.041138122682927492 ) ) ;
#7442 = COLOUR_RGB ( '',0.2862745098039215508, 0.6431372549019607199, 0.8666666666666666963 ) ;
#7443 = CARTESIAN_POINT ( 'NONE',  ( 5.783599450211183601, 14.43735476181183230, -6.226020063032076557 ) ) ;
#7444 = CARTESIAN_POINT ( 'NONE',  ( 2.099999999999999645, 4.799999999999990052, 9.320000000000000284 ) ) ;
#7445 = ADVANCED_FACE ( 'NONE', ( #6262, #5479 ), #6158, .F. ) ;
#7446 = PRESENTATION_STYLE_ASSIGNMENT (( #1992 ) ) ;
#7447 = CARTESIAN_POINT ( 'NONE',  ( 7.008200274894414328, 13.22647827721596059, -1.563359049252658117 ) ) ;
#7448 =( NAMED_UNIT ( * ) SI_UNIT ( $, .STERADIAN. ) SOLID_ANGLE_UNIT ( ) );
#7449 = FACE_OUTER_BOUND ( 'NONE', #1653, .T. ) ;
#7450 = PRODUCT_RELATED_PRODUCT_CATEGORY ( 'part', '', ( #3893 ) ) ;
#7451 = DIRECTION ( 'NONE',  ( 0.0000000000000000000, 0.0000000000000000000, 1.000000000000000000 ) ) ;
#7452 = DIRECTION ( 'NONE',  ( 1.000000000000000000, 0.0000000000000000000, 0.0000000000000000000 ) ) ;
#7453 = CARTESIAN_POINT ( 'NONE',  ( 5.783056366656098568, 16.45564494388264620, 9.013979936967929874 ) ) ;
#7454 = ORIENTED_EDGE ( 'NONE', *, *, #8343, .T. ) ;
#7455 = CARTESIAN_POINT ( 'NONE',  ( 7.008200274894401893, 12.20818809514516445, -9.183359049252656447 ) ) ;
#7456 = CARTESIAN_POINT ( 'NONE',  ( 10.27498147099564640, 18.71222679458384519, -1.678273896200865645 ) ) ;
#7457 = ORIENTED_EDGE ( 'NONE', *, *, #8516, .F. ) ;
#7458 = DIRECTION ( 'NONE',  ( 0.0000000000000000000, -0.7071067811865462405, -0.7071067811865489050 ) ) ;
#7459 = EDGE_CURVE ( 'NONE', #8499, #4918, #10364, .T. ) ;
#7460 = PLANE ( 'NONE',  #8088 ) ;
#7461 = VECTOR ( 'NONE', #8475, 1000.000000000000114 ) ;
#7462 = CARTESIAN_POINT ( 'NONE',  ( 8.163359049252660427, 15.64314494388263910, -0.4082002748944095760 ) ) ;
#7463 = CARTESIAN_POINT ( 'NONE',  ( 5.036640950747325540, 12.33318809514516801, 7.211799725105629832 ) ) ;
#7464 = SURFACE_SIDE_STYLE ('',( #4243 ) ) ;
#7465 = CARTESIAN_POINT ( 'NONE',  ( 10.97482679280570039, 21.39999999999999858, 1.624459855567452538 ) ) ;
#7466 = SURFACE_STYLE_FILL_AREA ( #3696 ) ;
#7467 = CARTESIAN_POINT ( 'NONE',  ( 1.800000000000000488, 11.00000000000000000, 2.150000000000015010 ) ) ;
#7468 = VERTEX_POINT ( 'NONE', #3785 ) ;
#7469 = SURFACE_STYLE_USAGE ( .BOTH. , #4249 ) ;
#7470 = ORIENTED_EDGE ( 'NONE', *, *, #9669, .F. ) ;
#7471 = LINE ( 'NONE', #607, #8774 ) ;
#7472 = AXIS2_PLACEMENT_3D ( 'NONE', #6847, #10096, #7693 ) ;
#7473 = FILL_AREA_STYLE_COLOUR ( '', #3312 ) ;
#7474 = SHAPE_REPRESENTATION ( 'TB005-762-03P_Blue - S', ( #10014 ), #7984 ) ;
#7475 = CARTESIAN_POINT ( 'NONE',  ( 7.500000000000000000, 0.5999999999999894307, -8.119999999999999218 ) ) ;
#7476 = CARTESIAN_POINT ( 'NONE',  ( 7.000000000000000000, 18.75000000000000000, 0.0000000000000000000 ) ) ;
#7478 = EDGE_LOOP ( 'NONE', ( #7271, #1164, #3422, #1112, #1806 ) ) ;
#7477 = CARTESIAN_POINT ( 'NONE',  ( 7.993979936967930300, 14.06235476181183053, 0.8164005497887859564 ) ) ;
#7479 = CARTESIAN_POINT ( 'NONE',  ( 5.990245359188426377, 16.54222206898996816, -8.661138122682931595 ) ) ;
#7480 = VERTEX_POINT ( 'NONE', #4092 ) ;
#7481 = CARTESIAN_POINT ( 'NONE',  ( 6.599999999999999645, 16.49731161054929984, -6.056640950747330443 ) ) ;
#7482 = CARTESIAN_POINT ( 'NONE',  ( 6.999999999998062883, 18.69211839736295033, 9.828038622056906704 ) ) ;
#7483 = CARTESIAN_POINT ( 'NONE',  ( 8.148345292725371891, 21.62510417467929358, -2.855589859862019519 ) ) ;
#7484 = CARTESIAN_POINT ( 'NONE',  ( 8.163359049252669308, 14.62485476181183053, 7.211799725105607628 ) ) ;
#7485 = CARTESIAN_POINT ( 'NONE',  ( 9.099999999999999645, 21.69999999999999929, 7.620000000000000107 ) ) ;
#7486 = CARTESIAN_POINT ( 'NONE',  ( 9.224999999999999645, 0.9000000000000010214, 3.209999999999999964 ) ) ;
#7487 = ORIENTED_EDGE ( 'NONE', *, *, #2838, .T. ) ;
#7488 = ORIENTED_EDGE ( 'NONE', *, *, #5300, .F. ) ;
#7489 = CARTESIAN_POINT ( 'NONE',  ( 5.286623471394496399, 21.69999999999999574, -2.752733567584801477 ) ) ;
#7490 = CARTESIAN_POINT ( 'NONE',  ( 6.199999999999999289, 18.65697564738257697, 9.836544185261836049 ) ) ;
#7491 = EDGE_CURVE ( 'NONE', #10152, #2361, #1191, .T. ) ;
#7492 = FACE_OUTER_BOUND ( 'NONE', #7285, .T. ) ;
#7493 = CARTESIAN_POINT ( 'NONE',  ( 6.904877320405770291, 13.97972206898996639, -8.787644284148502294 ) ) ;
#7494 = SURFACE_SIDE_STYLE ('',( #9035 ) ) ;
#7495 = DIRECTION ( 'NONE',  ( -0.0000000000000000000, 0.0000000000000000000, -1.000000000000000000 ) ) ;
#7496 = CARTESIAN_POINT ( 'NONE',  ( 6.191799725105621377, 11.76814494388263199, -1.563359049252670552 ) ) ;
#7497 = CARTESIAN_POINT ( 'NONE',  ( 0.0000000000000000000, -3.469446951953614189E-15, 10.83000000000000007 ) ) ;
#7498 = DIRECTION ( 'NONE',  ( -1.000000000000000000, 9.637352644315610034E-17, 0.0000000000000000000 ) ) ;
#7499 = CARTESIAN_POINT ( 'NONE',  ( -1.496426674269464855E-15, 2.650000000000018563, 10.67000000000005677 ) ) ;
#7500 = LINE ( 'NONE', #1074, #9213 ) ;
#7501 = EDGE_CURVE ( 'NONE', #2788, #8271, #4963, .T. ) ;
#7502 = CARTESIAN_POINT ( 'NONE',  ( 6.411723855481887391, 16.95000000000000639, -6.089756889057646561 ) ) ;
#7503 = CARTESIAN_POINT ( 'NONE',  ( 10.59999999999999964, 11.05000000000000071, 11.42999999999999972 ) ) ;
#7504 = ORIENTED_EDGE ( 'NONE', *, *, #8479, .T. ) ;
#7505 = CARTESIAN_POINT ( 'NONE',  ( 7.008200274894410775, 14.99985476181183230, -6.056640950747341989 ) ) ;
#7506 = CARTESIAN_POINT ( 'NONE',  ( 10.69999999999999751, 16.94999999999999929, -9.669999999999999929 ) ) ;
#7507 = ADVANCED_FACE ( 'NONE', ( #5012 ), #3283, .F. ) ;
#7508 = CARTESIAN_POINT ( 'NONE',  ( 8.250000000000000000, 21.39999999999999858, -4.704524052577349735 ) ) ;
#7509 = CARTESIAN_POINT ( 'NONE',  ( 6.599999999999999645, 16.73816651951390000, 1.563359049252669886 ) ) ;
#7510 = CARTESIAN_POINT ( 'NONE',  ( 7.993979936967916089, 16.14568809514516801, -8.436400549788817926 ) ) ;
#7511 = CARTESIAN_POINT ( 'NONE',  ( 7.416400549788791707, 16.03897827721596414, 1.393979936967926436 ) ) ;
#7512 = CARTESIAN_POINT ( 'NONE',  ( 5.206020063032084089, 12.89568809514516445, 8.436400549788810821 ) ) ;
#7513 = DIRECTION ( 'NONE',  ( 0.0000000000000000000, -0.1961161351381840445, 0.9805806756909202226 ) ) ;
#7514 = SURFACE_STYLE_USAGE ( .BOTH. , #8324 ) ;
#7515 = CARTESIAN_POINT ( 'NONE',  ( 7.000000000000000000, 18.18565895348289629, 9.870028231223686888 ) ) ;
#7516 = ORIENTED_EDGE ( 'NONE', *, *, #2151, .T. ) ;
#7517 = CARTESIAN_POINT ( 'NONE',  ( 6.999999999999292122, 18.67909150389264639, -2.213043071595681699 ) ) ;
#7518 = AXIS2_PLACEMENT_3D ( 'NONE', #2758, #3418, #7605 ) ;
#7519 = CARTESIAN_POINT ( 'NONE',  ( 6.191799725105607166, 11.24985476181183230, -9.183359049252665329 ) ) ;
#7520 = AXIS2_PLACEMENT_3D ( 'NONE', #3714, #5194, #1098 ) ;
#7521 = DIRECTION ( 'NONE',  ( 0.0000000000000000000, 0.0000000000000000000, -1.000000000000000000 ) ) ;
#7522 = EDGE_CURVE ( 'NONE', #4349, #425, #8066, .T. ) ;
#7523 = CARTESIAN_POINT ( 'NONE',  ( 8.299999999999998934, 0.8999999999999960254, 8.420000000000003482 ) ) ;
#7524 = DIRECTION ( 'NONE',  ( 1.000000000000000000, 0.0000000000000000000, 0.0000000000000000000 ) ) ;
#7526 = ORIENTED_EDGE ( 'NONE', *, *, #7035, .T. ) ;
#7525 = CARTESIAN_POINT ( 'NONE',  ( 7.008200274894408111, 13.49985476181183053, 1.563359049252661226 ) ) ;
#7527 = ORIENTED_EDGE ( 'NONE', *, *, #1041, .F. ) ;
#7528 = CARTESIAN_POINT ( 'NONE',  ( 7.000000000000000000, 18.75000000000000000, 9.746631248181687468 ) ) ;
#7529 = DIRECTION ( 'NONE',  ( 0.0000000000000000000, 0.0000000000000000000, 1.000000000000000000 ) ) ;
#7530 = CARTESIAN_POINT ( 'NONE',  ( 5.432355715851490352, 14.64638873565662891, 7.924877320405764536 ) ) ;
#7531 = DIRECTION ( 'NONE',  ( 0.0000000000000000000, -1.000000000000000000, 0.0000000000000000000 ) ) ;
#7532 = ORIENTED_EDGE ( 'NONE', *, *, #5761, .F. ) ;
#7533 = CARTESIAN_POINT ( 'NONE',  ( 2.387451946652203283, 21.69999999999999929, 1.564202544787736793 ) ) ;
#7534 = DIRECTION ( 'NONE',  ( -0.0000000000000000000, -0.0000000000000000000, 1.000000000000000000 ) ) ;
#7535 = FILL_AREA_STYLE_COLOUR ( '', #2851 ) ;
#7536 = CARTESIAN_POINT ( 'NONE',  ( 6.295122679594211235, 13.72972206898996994, -6.452355715851503248 ) ) ;
#7537 = DIRECTION ( 'NONE',  ( 1.000000000000000000, 0.0000000000000000000, 0.0000000000000000000 ) ) ;
#7538 = ORIENTED_EDGE ( 'NONE', *, *, #1683, .T. ) ;
#7539 = FACE_OUTER_BOUND ( 'NONE', #7071, .T. ) ;
#7540 = CARTESIAN_POINT ( 'NONE',  ( 5.990245359188417495, 14.54222206898996639, -8.661138122682919160 ) ) ;
#7541 = CARTESIAN_POINT ( 'NONE',  ( 5.036640950747343304, 11.89314494388263199, 0.4082002748944111858 ) ) ;
#7542 = DIRECTION ( 'NONE',  ( -1.000000000000000000, 0.0000000000000000000, -0.0000000000000000000 ) ) ;
#7543 = DIRECTION ( 'NONE',  ( -0.0000000000000000000, -0.0000000000000000000, 1.000000000000000000 ) ) ;
#7544 = EDGE_CURVE ( 'NONE', #622, #3482, #4812, .T. ) ;
#7545 = DIRECTION ( 'NONE',  ( 0.4823445772640553297, 0.4938289719608113804, 0.7235168658960812182 ) ) ;
#7546 = CARTESIAN_POINT ( 'NONE',  ( 7.993979936967926747, 16.16397827721596414, 6.803599450211207156 ) ) ;
#7547 = EDGE_LOOP ( 'NONE', ( #2805, #8057, #4291, #5262 ) ) ;
#7548 = STYLED_ITEM ( 'NONE', ( #8302 ), #177 ) ;
#7549 = CARTESIAN_POINT ( 'NONE',  ( 5.783599450211220017, 14.95564494388263554, -6.226020063032068563 ) ) ;
#7550 = CARTESIAN_POINT ( 'NONE',  ( 6.999999999998820499, 18.73465771489496134, 2.170478940044336724 ) ) ;
#7551 = VECTOR ( 'NONE', #1042, 1000.000000000000000 ) ;
#7552 = CARTESIAN_POINT ( 'NONE',  ( 7.913376528605509996, 21.69999999999999929, 4.867266432415199517 ) ) ;
#7553 = CARTESIAN_POINT ( 'NONE',  ( 5.783599450211220017, 14.95564494388263554, 1.393979936967931765 ) ) ;
#7554 = EDGE_CURVE ( 'NONE', #4069, #3443, #848, .T. ) ;
#7555 = CARTESIAN_POINT ( 'NONE',  ( 7.416400549788823682, 12.68735476181182875, 6.226020063032083662 ) ) ;
#7556 = EDGE_CURVE ( 'NONE', #1026, #4936, #3338, .T. ) ;
#7557 = MECHANICAL_DESIGN_GEOMETRIC_PRESENTATION_REPRESENTATION (  '', ( #2275 ), #4344 ) ;
#7558 = UNCERTAINTY_MEASURE_WITH_UNIT (LENGTH_MEASURE( 1.000000000000000082E-05 ), #4836, 'distance_accuracy_value', 'NONE');
#7559 = DIRECTION ( 'NONE',  ( 1.000000000000000000, 1.376764663473659915E-16, -0.0000000000000000000 ) ) ;
#7560 = LINE ( 'NONE', #6774, #8788 ) ;
#7561 = VECTOR ( 'NONE', #8656, 1000.000000000000000 ) ;
#7562 = ORIENTED_EDGE ( 'NONE', *, *, #2612, .F. ) ;
#7563 = CARTESIAN_POINT ( 'NONE',  ( 4.159715232357726222, 21.69999999999999929, 5.768475298725548761 ) ) ;
#7564 = ORIENTED_EDGE ( 'NONE', *, *, #144, .T. ) ;
#7565 = DIRECTION ( 'NONE',  ( 1.000000000000000000, 0.0000000000000000000, 0.0000000000000000000 ) ) ;
#7566 = CARTESIAN_POINT ( 'NONE',  ( 7.416400549788761509, 11.18735476181183053, -9.013979936967944084 ) ) ;
#7567 = FACE_OUTER_BOUND ( 'NONE', #10108, .T. ) ;
#7568 = AXIS2_PLACEMENT_3D ( 'NONE', #844, #7355, #2403 ) ;
#7569 = COLOUR_RGB ( '',0.2862745098039215508, 0.6431372549019607199, 0.8666666666666666963 ) ;
#7570 = CARTESIAN_POINT ( 'NONE',  ( 5.094924510636549719, 21.65731800274732421, 2.829308402580418047 ) ) ;
#7571 = AXIS2_PLACEMENT_3D ( 'NONE', #9454, #3730, #1523 ) ;
#7572 = DIRECTION ( 'NONE',  ( -1.000000000000000000, -6.883823317368279851E-17, 0.0000000000000000000 ) ) ;
#7573 = UNCERTAINTY_MEASURE_WITH_UNIT (LENGTH_MEASURE( 1.000000000000000082E-05 ), #6344, 'distance_accuracy_value', 'NONE');
#7574 = CARTESIAN_POINT ( 'NONE',  ( 6.999999999998145483, 18.66595455384085156, -5.404405590612002541 ) ) ;
#7575 = COLOUR_RGB ( '',0.2862745098039215508, 0.6431372549019607199, 0.8666666666666666963 ) ;
#7577 = ORIENTED_EDGE ( 'NONE', *, *, #9928, .T. ) ;
#7576 = CARTESIAN_POINT ( 'NONE',  ( 5.990245359188432595, 13.04222206898996461, -1.041138122682929490 ) ) ;
#7578 = EDGE_CURVE ( 'NONE', #4496, #2411, #4146, .T. ) ;
#7579 = ORIENTED_EDGE ( 'NONE', *, *, #6073, .F. ) ;
#7580 = CARTESIAN_POINT ( 'NONE',  ( 8.163359049252662203, 16.14314494388262844, -8.028200274894398802 ) ) ;
#7581 = MECHANICAL_DESIGN_GEOMETRIC_PRESENTATION_REPRESENTATION (  '', ( #2128 ), #6739 ) ;
#7582 = FILL_AREA_STYLE ('',( #1005 ) ) ;
#7583 = CARTESIAN_POINT ( 'NONE',  ( 6.999999999998143707, 18.66595455384086222, 9.835594409387997672 ) ) ;
#7584 = CARTESIAN_POINT ( 'NONE',  ( 5.206020063032067213, 14.41397827721596592, 8.436400549788777070 ) ) ;
#7585 = CARTESIAN_POINT ( 'NONE',  ( 6.599999999999999645, 17.27092694212320012, -7.620000000000000107 ) ) ;
#7586 = CARTESIAN_POINT ( 'NONE',  ( 7.416400549788779273, 14.68735476181183053, 6.226020063032069451 ) ) ;
#7587 = VECTOR ( 'NONE', #448, 1000.000000000000000 ) ;
#7588 = PRESENTATION_LAYER_ASSIGNMENT (  '', '', ( #4932 ) ) ;
#7589 = CARTESIAN_POINT ( 'NONE',  ( 3.081748378972486879, 18.75000000000000355, 9.226699218060204544 ) ) ;
#7590 = MECHANICAL_DESIGN_GEOMETRIC_PRESENTATION_REPRESENTATION (  '', ( #4902 ), #3004 ) ;
#7591 = AXIS2_PLACEMENT_3D ( 'NONE', #9458, #8816, #3021 ) ;
#7592 = CARTESIAN_POINT ( 'NONE',  ( 0.0000000000000000000, 0.9000000000000056843, -10.83000000000000007 ) ) ;
#7593 = VERTEX_POINT ( 'NONE', #9825 ) ;
#7594 = CARTESIAN_POINT ( 'NONE',  ( 5.206020063032084089, 12.41397827721596592, -6.803599450211190280 ) ) ;
#7595 = CARTESIAN_POINT ( 'NONE',  ( 6.295122679594215676, 16.22972206898997172, 1.167644284148499745 ) ) ;
#7596 = CARTESIAN_POINT ( 'NONE',  ( 5.432355715851497457, 13.64638873565663424, -7.315122679594225019 ) ) ;
#7597 = PLANE ( 'NONE',  #8472 ) ;
#7598 = EDGE_LOOP ( 'NONE', ( #1352, #7875, #4365, #2725 ) ) ;
#7599 = CARTESIAN_POINT ( 'NONE',  ( 8.299999999999998934, 0.9000000000000110134, -0.8000000000000115907 ) ) ;
#7600 = PRESENTATION_LAYER_ASSIGNMENT (  '', '', ( #5415 ) ) ;
#7601 = CARTESIAN_POINT ( 'NONE',  ( 7.008200274894401893, 11.72647827721596414, -1.563359049252657673 ) ) ;
#7602 = SURFACE_STYLE_USAGE ( .BOTH. , #2704 ) ;
#7603 = DIRECTION ( 'NONE',  ( 0.0000000000000000000, 0.0000000000000000000, -1.000000000000000000 ) ) ;
#7604 = CARTESIAN_POINT ( 'NONE',  ( 0.0000000000000000000, 0.0000000000000000000, 11.42999999999999972 ) ) ;
#7605 = DIRECTION ( 'NONE',  ( -1.000000000000000000, 0.0000000000000000000, 0.0000000000000000000 ) ) ;
#7606 =( LENGTH_UNIT ( ) NAMED_UNIT ( * ) SI_UNIT ( .MILLI., .METRE. ) );
#7607 = CARTESIAN_POINT ( 'NONE',  ( 5.110063931670594251, 21.66601707620797512, -4.799916907505703101 ) ) ;
#7608 = CARTESIAN_POINT ( 'NONE',  ( 6.191799725105614272, 15.76814494388263377, 6.056640950747333108 ) ) ;
#7609 = ORIENTED_EDGE ( 'NONE', *, *, #1748, .F. ) ;
#7610 = VECTOR ( 'NONE', #3097, 1000.000000000000000 ) ;
#7611 = CARTESIAN_POINT ( 'NONE',  ( 7.008200274894408111, 14.22647827721596414, -9.183359049252656447 ) ) ;
#7612 = DIRECTION ( 'NONE',  ( 0.0000000000000000000, 1.000000000000000000, 0.0000000000000000000 ) ) ;
#7613 = LINE ( 'NONE', #2003, #5592 ) ;
#7614 = DIRECTION ( 'NONE',  ( -0.0000000000000000000, -1.000000000000000000, -0.0000000000000000000 ) ) ;
#7615 = PRESENTATION_STYLE_ASSIGNMENT (( #5932 ) ) ;
#7616 = VERTEX_POINT ( 'NONE', #2524 ) ;
#7617 = CARTESIAN_POINT ( 'NONE',  ( 7.008200274894384130, 15.49985476181183230, 1.563359049252667443 ) ) ;
#7618 = CIRCLE ( 'NONE', #9655, 2.500000000000000444 ) ;
#7619 = CARTESIAN_POINT ( 'NONE',  ( 8.163359049252656874, 12.08318809514516623, 8.028200274894402355 ) ) ;
#7620 = CARTESIAN_POINT ( 'NONE',  ( 6.599999999999999645, 18.65697564738866276, 7.620000000000000107 ) ) ;
#7621 = ADVANCED_FACE ( 'NONE', ( #8860 ), #5797, .T. ) ;
#7622 = CARTESIAN_POINT ( 'NONE',  ( 7.500000000000000000, -4.750000000000000000, 2.074999999999999734 ) ) ;
#7623 =( GEOMETRIC_REPRESENTATION_CONTEXT ( 3 ) GLOBAL_UNCERTAINTY_ASSIGNED_CONTEXT ( ( #8320 ) ) GLOBAL_UNIT_ASSIGNED_CONTEXT ( ( #3821, #626, #4889 ) ) REPRESENTATION_CONTEXT ( 'NONE', 'WORKASPACE' ) );
#7624 = EDGE_CURVE ( 'NONE', #3443, #9443, #673, .T. ) ;
#7625 = CARTESIAN_POINT ( 'NONE',  ( 3.550055293325199646, 21.69999999999999574, 7.335847840214987592 ) ) ;
#7626 = EDGE_LOOP ( 'NONE', ( #5147, #1325, #4552, #8531 ) ) ;
#7627 = CARTESIAN_POINT ( 'NONE',  ( 5.778613643058083566E-15, 2.649999999999979483, -10.66999999999996085 ) ) ;
#7628 =( GEOMETRIC_REPRESENTATION_CONTEXT ( 3 ) GLOBAL_UNCERTAINTY_ASSIGNED_CONTEXT ( ( #4286 ) ) GLOBAL_UNIT_ASSIGNED_CONTEXT ( ( #4615, #2066, #6932 ) ) REPRESENTATION_CONTEXT ( 'NONE', 'WORKASPACE' ) );
#7629 = DIRECTION ( 'NONE',  ( 0.9828721869343217676, 0.1842885350501859976, -0.0000000000000000000 ) ) ;
#7630 = DIRECTION ( 'NONE',  ( -0.0000000000000000000, -1.000000000000000000, -0.0000000000000000000 ) ) ;
#7631 = EDGE_CURVE ( 'NONE', #1224, #7480, #6243, .T. ) ;
#7632 = ADVANCED_FACE ( 'NONE', ( #2626 ), #9338, .T. ) ;
#7634 = ORIENTED_EDGE ( 'NONE', *, *, #2402, .F. ) ;
#7633 = CARTESIAN_POINT ( 'NONE',  ( 7.209754640811576465, 12.79222206898996461, 1.041138122682925271 ) ) ;
#7635 = ORIENTED_EDGE ( 'NONE', *, *, #7885, .T. ) ;
#7636 = CARTESIAN_POINT ( 'NONE',  ( 7.416400549788795260, 16.20564494388262844, -9.013979936967922768 ) ) ;
#7637 = SURFACE_SIDE_STYLE ('',( #9133 ) ) ;
#7638 = DIRECTION ( 'NONE',  ( 0.0000000000000000000, 0.7071067811865480168, -0.7071067811865470176 ) ) ;
#7639 = CARTESIAN_POINT ( 'NONE',  ( 8.163359049252669308, 14.62485476181183053, 7.211799725105607628 ) ) ;
#7640 = CARTESIAN_POINT ( 'NONE',  ( 8.125153880825202179, 21.64369301689183800, -2.841545733293656006 ) ) ;
#7641 = CARTESIAN_POINT ( 'NONE',  ( 6.295122679594211235, 13.72972206898996994, 8.787644284148498741 ) ) ;
#7642 = LINE ( 'NONE', #9453, #4005 ) ;
#7643 = ORIENTED_EDGE ( 'NONE', *, *, #3547, .F. ) ;
#7644 = VERTEX_POINT ( 'NONE', #4447 ) ;
#7645 = CARTESIAN_POINT ( 'NONE',  ( 5.036640950747334422, 12.87485476181183053, -7.211799725105614733 ) ) ;
#7646 = LINE ( 'NONE', #9235, #6369 ) ;
#7647 = ORIENTED_EDGE ( 'NONE', *, *, #8401, .T. ) ;
#7648 = CARTESIAN_POINT ( 'NONE',  ( 6.191799725105604502, 16.45818809514516445, 1.563359049252664335 ) ) ;
#7649 = CARTESIAN_POINT ( 'NONE',  ( 5.206020063032076095, 14.31235476181183230, -8.436400549788807268 ) ) ;
#7650 = FACE_OUTER_BOUND ( 'NONE', #8127, .T. ) ;
#7651 = ORIENTED_EDGE ( 'NONE', *, *, #2012, .F. ) ;
#7652 = CARTESIAN_POINT ( 'NONE',  ( 9.950000000000001066, 17.19999999999999929, 2.693605438208366066E-16 ) ) ;
#7653 = CARTESIAN_POINT ( 'NONE',  ( 7.008200274894411663, 12.70818809514516801, -1.563359049252658117 ) ) ;
#7654 = CARTESIAN_POINT ( 'NONE',  ( 6.200000000001177014, 18.73465771489496134, 5.449521059955664271 ) ) ;
#7655 = CARTESIAN_POINT ( 'NONE',  ( 26.05000000000000071, -3.750000000000010658, -8.119999999999999218 ) ) ;
#7656 = CARTESIAN_POINT ( 'NONE',  ( 7.641138122682923139, 15.83388873565663424, 8.229754640811595578 ) ) ;
#7657 = SURFACE_STYLE_USAGE ( .BOTH. , #1998 ) ;
#7658 = CARTESIAN_POINT ( 'NONE',  ( 7.416400549788779273, 15.53897827721596236, 9.013979936967931650 ) ) ;
#7659 = ORIENTED_EDGE ( 'NONE', *, *, #10498, .T. ) ;
#7660 = CARTESIAN_POINT ( 'NONE',  ( 5.783599450211192483, 14.77068809514516801, -9.013979936967919215 ) ) ;
#7661 = CARTESIAN_POINT ( 'NONE',  ( 7.000000000000000000, 18.65697564738292513, 2.216544185263754851 ) ) ;
#7662 = LINE ( 'NONE', #2053, #10164 ) ;
#7663 = CARTESIAN_POINT ( 'NONE',  ( 10.97482679280572704, 21.57573593128807588, 5.995540144432562002 ) ) ;
#7664 = ORIENTED_EDGE ( 'NONE', *, *, #4444, .T. ) ;
#7665 = CARTESIAN_POINT ( 'NONE',  ( 5.783599450211219128, 15.27068809514516445, -1.393979936967932209 ) ) ;
#7666 = CARTESIAN_POINT ( 'NONE',  ( 7.993979936967930300, 12.06235476181183408, 8.436400549788778847 ) ) ;
#7667 = CARTESIAN_POINT ( 'NONE',  ( 2.099999999999999645, 4.799999999999999822, 1.699999999999999956 ) ) ;
#7668 = CARTESIAN_POINT ( 'NONE',  ( 4.760760170783364664, 21.69999999999999929, 2.449421999114659076 ) ) ;
#7669 =( NAMED_UNIT ( * ) PLANE_ANGLE_UNIT ( ) SI_UNIT ( $, .RADIAN. ) );
#7670 = ORIENTED_EDGE ( 'NONE', *, *, #7631, .F. ) ;
#7671 = DIRECTION ( 'NONE',  ( 0.0000000000000000000, -1.000000000000000000, 0.0000000000000000000 ) ) ;
#7672 = CARTESIAN_POINT ( 'NONE',  ( 7.695910417005329407, 11.04085490896459909, -6.505611327668319177 ) ) ;
#7673 = EDGE_CURVE ( 'NONE', #3402, #8136, #2019, .T. ) ;
#7674 = CARTESIAN_POINT ( 'NONE',  ( 10.59999999999999964, 11.04999999999999893, 11.43000000000000149 ) ) ;
#7675 = PRESENTATION_LAYER_ASSIGNMENT (  '', '', ( #8708 ) ) ;
#7676 = PRESENTATION_STYLE_ASSIGNMENT (( #3604 ) ) ;
#7678 = ORIENTED_EDGE ( 'NONE', *, *, #2535, .T. ) ;
#7677 = CARTESIAN_POINT ( 'NONE',  ( 5.432355715851494793, 13.10472206898996639, -0.3048773204057766417 ) ) ;
#7679 = ORIENTED_EDGE ( 'NONE', *, *, #3232, .T. ) ;
#7680 = ORIENTED_EDGE ( 'NONE', *, *, #3217, .T. ) ;
#7681 = CARTESIAN_POINT ( 'NONE',  ( 8.163359049252662203, 16.10147827721596414, -7.211799725105605852 ) ) ;
#7682 = AXIS2_PLACEMENT_3D ( 'NONE', #4153, #8435, #2633 ) ;
#7683 = FILL_AREA_STYLE ('',( #5904 ) ) ;
#7684 = EDGE_CURVE ( 'NONE', #2575, #3020, #3558, .T. ) ;
#7685 = CARTESIAN_POINT ( 'NONE',  ( 4.950000000000010836, 21.39999999999999858, 10.53547594742268245 ) ) ;
#7686 = CARTESIAN_POINT ( 'NONE',  ( 5.783599450211212911, 14.27068809514516445, 6.226020063032067675 ) ) ;
#7687 = CARTESIAN_POINT ( 'NONE',  ( 12.59999999999999964, 16.30000000000000071, -4.410000000000000142 ) ) ;
#7688 = CARTESIAN_POINT ( 'NONE',  ( 5.036640950747344192, 13.37485476181183230, 8.028200274894411237 ) ) ;
#7689 = EDGE_CURVE ( 'NONE', #2100, #6763, #9990, .T. ) ;
#7690 = LINE ( 'NONE', #3829, #2647 ) ;
#7691 = DIRECTION ( 'NONE',  ( 0.7153761792055298718, -0.6987395238751689108, 0.0000000000000000000 ) ) ;
#7692 = ORIENTED_EDGE ( 'NONE', *, *, #554, .F. ) ;
#7693 = DIRECTION ( 'NONE',  ( 0.5547001962252289253, 0.0000000000000000000, -0.8320502943378437211 ) ) ;
#7695 = ORIENTED_EDGE ( 'NONE', *, *, #3680, .T. ) ;
#7694 = CARTESIAN_POINT ( 'NONE',  ( 7.641138122682933798, 15.41722206898996639, -0.6097546408115621652 ) ) ;
#7696 = CARTESIAN_POINT ( 'NONE',  ( 6.295122679594202353, 12.52138873565663424, -8.787644284148493412 ) ) ;
#7697 = CARTESIAN_POINT ( 'NONE',  ( 6.599999999999999645, 16.94999999999999929, 2.049999999999999822 ) ) ;
#7698 = CARTESIAN_POINT ( 'NONE',  ( 8.163359049252656874, 11.60147827721596414, 0.4082002748944007497 ) ) ;
#7699 = DIRECTION ( 'NONE',  ( 1.000000000000000000, 0.0000000000000000000, 0.0000000000000000000 ) ) ;
#7700 = CARTESIAN_POINT ( 'NONE',  ( 1.499999999999978018, -36.96000000000000085, 10.22000000000000597 ) ) ;
#7701 = CARTESIAN_POINT ( 'NONE',  ( 5.206020063032073431, 16.89568809514516445, 8.436400549788793057 ) ) ;
#7702 = CARTESIAN_POINT ( 'NONE',  ( 9.949999999999999289, 17.19999999999999929, -11.42999999999999972 ) ) ;
#7703 = CARTESIAN_POINT ( 'NONE',  ( 6.200000000001177014, 18.72026795797128784, -2.188380461045726477 ) ) ;
#7704 = CARTESIAN_POINT ( 'NONE',  ( 6.191799725105604502, 15.97647827721596769, 9.183359049252665329 ) ) ;
#7705 = ORIENTED_EDGE ( 'NONE', *, *, #6205, .F. ) ;
#7706 = CARTESIAN_POINT ( 'NONE',  ( 6.191799725105591179, 14.97647827721596414, -6.056640950747342877 ) ) ;
#7707 = DIRECTION ( 'NONE',  ( 0.0000000000000000000, 0.0000000000000000000, 1.000000000000000000 ) ) ;
#7708 =( LENGTH_UNIT ( ) NAMED_UNIT ( * ) SI_UNIT ( .MILLI., .METRE. ) );
#7709 = LINE ( 'NONE', #6920, #3374 ) ;
#7710 = CARTESIAN_POINT ( 'NONE',  ( 1.499999999999961586, 4.185714285714246863, 10.22000000000006104 ) ) ;
#7711 =( NAMED_UNIT ( * ) SI_UNIT ( $, .STERADIAN. ) SOLID_ANGLE_UNIT ( ) );
#7712 = ORIENTED_EDGE ( 'NONE', *, *, #8980, .F. ) ;
#7713 = CARTESIAN_POINT ( 'NONE',  ( 7.416400549788805030, 14.70564494388263022, -1.393979936967921329 ) ) ;
#7714 = VECTOR ( 'NONE', #3013, 1000.000000000000000 ) ;
#7715 = CARTESIAN_POINT ( 'NONE',  ( 8.163359049252678190, 11.10147827721596769, 8.028200274894359723 ) ) ;
#7716 = AXIS2_PLACEMENT_3D ( 'NONE', #53, #5814, #2431 ) ;
#7717 = VECTOR ( 'NONE', #8604, 1000.000000000000000 ) ;
#7718 = CARTESIAN_POINT ( 'NONE',  ( 6.999999999999832134, 18.74863319779754534, -9.751866648633491508 ) ) ;
#7719 = LINE ( 'NONE', #2182, #9301 ) ;
#7720 = DIRECTION ( 'NONE',  ( 1.000000000000000000, 0.0000000000000000000, 0.0000000000000000000 ) ) ;
#7721 = ORIENTED_EDGE ( 'NONE', *, *, #2488, .F. ) ;
#7722 = STYLED_ITEM ( 'NONE', ( #8394 ), #293 ) ;
#7723 = FACE_OUTER_BOUND ( 'NONE', #4377, .T. ) ;
#7724 = SURFACE_STYLE_FILL_AREA ( #6874 ) ;
#7725 = PRESENTATION_LAYER_ASSIGNMENT (  '', '', ( #7053 ) ) ;
#7726 = AXIS2_PLACEMENT_3D ( 'NONE', #7120, #6276, #5386 ) ;
#7727 = CARTESIAN_POINT ( 'NONE',  ( 4.983811427774213598, 21.56257155090893818, 2.895970635382404179 ) ) ;
#7728 = VECTOR ( 'NONE', #1174, 1000.000000000000000 ) ;
#7729 = CARTESIAN_POINT ( 'NONE',  ( 6.200000000001178790, 18.73465771489495779, -9.790478940044337719 ) ) ;
#7730 = CIRCLE ( 'NONE', #6372, 2.500000000000000444 ) ;
#7732 = ORIENTED_EDGE ( 'NONE', *, *, #5113, .T. ) ;
#7731 = CARTESIAN_POINT ( 'NONE',  ( 5.036640950747344192, 13.37485476181183230, 0.4082002748944102977 ) ) ;
#7733 = VERTEX_POINT ( 'NONE', #1906 ) ;
#7735 = EDGE_CURVE ( 'NONE', #425, #10301, #1108, .T. ) ;
#7734 = CIRCLE ( 'NONE', #561, 2.301783801065286905 ) ;
#7736 = CARTESIAN_POINT ( 'NONE',  ( 7.993979936967914313, 15.58064494388263022, -6.803599450211181399 ) ) ;
#7737 = SURFACE_SIDE_STYLE ('',( #4510 ) ) ;
#7738 = CARTESIAN_POINT ( 'NONE',  ( 7.993979936967930300, 14.14568809514516623, 6.803599450211215149 ) ) ;
#7739 = FILL_AREA_STYLE_COLOUR ( '', #2981 ) ;
#7740 = AXIS2_PLACEMENT_3D ( 'NONE', #6643, #1773, #3505 ) ;
#7741 = CARTESIAN_POINT ( 'NONE',  ( 6.904877320405803154, 13.47972206898996816, 6.452355715851502360 ) ) ;
#7742 = LINE ( 'NONE', #6155, #3655 ) ;
#7743 = CARTESIAN_POINT ( 'NONE',  ( 10.97482679280569684, 21.57573593128806522, 1.624459855567451871 ) ) ;
#7744 = ORIENTED_EDGE ( 'NONE', *, *, #6980, .F. ) ;
#7745 = EDGE_CURVE ( 'NONE', #2788, #8271, #9770, .T. ) ;
#7746 = FILL_AREA_STYLE_COLOUR ( '', #1704 ) ;
#7748 = ORIENTED_EDGE ( 'NONE', *, *, #1530, .T. ) ;
#7747 = CARTESIAN_POINT ( 'NONE',  ( 5.206020063032076095, 15.81235476181183230, -0.8164005497888051632 ) ) ;
#7749 = CARTESIAN_POINT ( 'NONE',  ( 6.191799725105594732, 12.95818809514516090, -6.056640950747337548 ) ) ;
#7750 = EDGE_LOOP ( 'NONE', ( #1289, #8782, #527, #4169 ) ) ;
#7751 = CARTESIAN_POINT ( 'NONE',  ( 1.900487387883722956, 17.26396121657888472, -5.270243693941857543 ) ) ;
#7752 = EDGE_CURVE ( 'NONE', #2102, #2904, #10352, .T. ) ;
#7753 = ADVANCED_FACE ( 'NONE', ( #7144 ), #1370, .F. ) ;
#7754 = CARTESIAN_POINT ( 'NONE',  ( 7.699017176186970346, 10.55936726420669913, 1.111336150022810054 ) ) ;
#7755 = DIRECTION ( 'NONE',  ( -0.5547001962252289253, 0.0000000000000000000, 0.8320502943378437211 ) ) ;
#7756 = DIRECTION ( 'NONE',  ( -0.0000000000000000000, -0.0000000000000000000, -1.000000000000000000 ) ) ;
#7757 = AXIS2_PLACEMENT_3D ( 'NONE', #8941, #875, #1631 ) ;
#7758 = CARTESIAN_POINT ( 'NONE',  ( 8.216190354978390786, 21.56257070629064643, 4.724030452697184579 ) ) ;
#7759 = PRESENTATION_LAYER_ASSIGNMENT (  '', '', ( #2132 ) ) ;
#7760 =( GEOMETRIC_REPRESENTATION_CONTEXT ( 3 ) GLOBAL_UNCERTAINTY_ASSIGNED_CONTEXT ( ( #3874 ) ) GLOBAL_UNIT_ASSIGNED_CONTEXT ( ( #2146, #4743, #3937 ) ) REPRESENTATION_CONTEXT ( 'NONE', 'WORKASPACE' ) );
#7761 = CARTESIAN_POINT ( 'NONE',  ( 8.163359049252660427, 16.12485476181182875, 7.211799725105591641 ) ) ;
#7762 = PRESENTATION_LAYER_ASSIGNMENT (  '', '', ( #10138 ) ) ;
#7763 =( NAMED_UNIT ( * ) PLANE_ANGLE_UNIT ( ) SI_UNIT ( $, .RADIAN. ) );
#7764 =( LENGTH_UNIT ( ) NAMED_UNIT ( * ) SI_UNIT ( .MILLI., .METRE. ) );
#7765 = CARTESIAN_POINT ( 'NONE',  ( 6.191799725105604502, 16.45818809514516445, 9.183359049252665329 ) ) ;
#7766 = VERTEX_POINT ( 'NONE', #4622 ) ;
#7767 = CARTESIAN_POINT ( 'NONE',  ( 5.206020063032076095, 13.83064494388263199, -8.436400549788807268 ) ) ;
#7768 = ADVANCED_FACE ( 'NONE', ( #9602 ), #9500, .T. ) ;
#7769 = SURFACE_SIDE_STYLE ('',( #4541 ) ) ;
#7770 = VECTOR ( 'NONE', #9583, 1000.000000000000000 ) ;
#7771 = CARTESIAN_POINT ( 'NONE',  ( 6.599999999999999645, 17.94999999998481144, 7.620000000000000107 ) ) ;
#7772 = AXIS2_PLACEMENT_3D ( 'NONE', #7771, #6128, #10220 ) ;
#7773 = LINE ( 'NONE', #5453, #4750 ) ;
#7774 = CARTESIAN_POINT ( 'NONE',  ( 1.500000000000010214, -36.96000000000000085, 5.019999999999964935 ) ) ;
#7775 = VERTEX_POINT ( 'NONE', #8589 ) ;
#7776 = CARTESIAN_POINT ( 'NONE',  ( 5.036640950747344192, 14.37485476181183408, 0.4082002748944097981 ) ) ;
#7777 = CARTESIAN_POINT ( 'NONE',  ( 7.993979936967930300, 15.08064494388263022, -6.803599450211221367 ) ) ;
#7778 = CARTESIAN_POINT ( 'NONE',  ( 5.206020063032066325, 10.83064494388263199, 6.803599450211226696 ) ) ;
#7779 = CIRCLE ( 'NONE', #7952, 2.500000000000000444 ) ;
#7780 =( GEOMETRIC_REPRESENTATION_CONTEXT ( 3 ) GLOBAL_UNCERTAINTY_ASSIGNED_CONTEXT ( ( #1698 ) ) GLOBAL_UNIT_ASSIGNED_CONTEXT ( ( #8730, #598, #5544 ) ) REPRESENTATION_CONTEXT ( 'NONE', 'WORKASPACE' ) );
#7781 = ORIENTED_EDGE ( 'NONE', *, *, #8853, .T. ) ;
#7782 = ADVANCED_FACE ( 'NONE', ( #1271 ), #1107, .F. ) ;
#7783 = CARTESIAN_POINT ( 'NONE',  ( 6.999999999999668709, 18.72531777649809825, -9.802954768023232290 ) ) ;
#7784 = VERTEX_POINT ( 'NONE', #7900 ) ;
#7785 = CARTESIAN_POINT ( 'NONE',  ( 6.599999999999999645, 17.02352941176470580, 0.0000000000000000000 ) ) ;
#7786 = SURFACE_STYLE_USAGE ( .BOTH. , #3161 ) ;
#7787 = STYLED_ITEM ( 'NONE', ( #10379 ), #9967 ) ;
#7788 = DIRECTION ( 'NONE',  ( 1.000000000000000000, 0.0000000000000000000, 0.0000000000000000000 ) ) ;
#7789 = VERTEX_POINT ( 'NONE', #566 ) ;
#7790 = VECTOR ( 'NONE', #5925, 1000.000000000000000 ) ;
#7791 = CARTESIAN_POINT ( 'NONE',  ( 6.599999999999999645, 17.27092694210341506, -5.270730784921795475 ) ) ;
#7792 = MECHANICAL_DESIGN_GEOMETRIC_PRESENTATION_REPRESENTATION (  '', ( #1317 ), #6940 ) ;
#7793 = DIRECTION ( 'NONE',  ( 0.0000000000000000000, -1.000000000000000000, 0.0000000000000000000 ) ) ;
#7794 = ADVANCED_FACE ( 'NONE', ( #3875 ), #6404, .T. ) ;
#7795 = UNCERTAINTY_MEASURE_WITH_UNIT (LENGTH_MEASURE( 1.000000000000000082E-05 ), #1155, 'distance_accuracy_value', 'NONE');
#7796 = DIRECTION ( 'NONE',  ( 0.0000000000000000000, 1.000000000000000000, 0.0000000000000000000 ) ) ;
#7798 = ORIENTED_EDGE ( 'NONE', *, *, #10236, .T. ) ;
#7797 = CARTESIAN_POINT ( 'NONE',  ( 7.641138122682925804, 11.41722206898996639, -0.6097546408115634975 ) ) ;
#7799 = ORIENTED_EDGE ( 'NONE', *, *, #619, .F. ) ;
#7800 = CARTESIAN_POINT ( 'NONE',  ( 5.783599450211192483, 15.45564494388262844, -6.226020063032080110 ) ) ;
#7801 = CARTESIAN_POINT ( 'NONE',  ( 2.616948740878380697, 21.70000000000000284, 9.098985838650994751 ) ) ;
#7802 = DIRECTION ( 'NONE',  ( -1.000000000000000000, 0.0000000000000000000, 0.0000000000000000000 ) ) ;
#7803 = CARTESIAN_POINT ( 'NONE',  ( 5.036640950747332646, 13.87485476181183230, 8.028200274894384592 ) ) ;
#7804 = CARTESIAN_POINT ( 'NONE',  ( 2.349963512358223342E-15, 2.650000000000006573, -3.049999999999992273 ) ) ;
#7805 = DIRECTION ( 'NONE',  ( 0.0000000000000000000, 0.0000000000000000000, -1.000000000000000000 ) ) ;
#7806 = VERTEX_POINT ( 'NONE', #2452 ) ;
#7807 =( LENGTH_UNIT ( ) NAMED_UNIT ( * ) SI_UNIT ( .MILLI., .METRE. ) );
#7809 = EDGE_LOOP ( 'NONE', ( #10555, #2659 ) ) ;
#7808 = CARTESIAN_POINT ( 'NONE',  ( 6.191799725105614272, 16.24985476181183230, -1.563359049252668553 ) ) ;
#7810 = CARTESIAN_POINT ( 'NONE',  ( 7.209754640811576465, 12.79222206898996461, -6.578861877317074836 ) ) ;
#7811 = LINE ( 'NONE', #426, #6831 ) ;
#7812 = CARTESIAN_POINT ( 'NONE',  ( 5.206020063032087641, 11.81235476181183408, -0.8164005497888185969 ) ) ;
#7813 = DIRECTION ( 'NONE',  ( 0.0000000000000000000, 0.0000000000000000000, -1.000000000000000000 ) ) ;
#7814 = CARTESIAN_POINT ( 'NONE',  ( 6.199999999999999289, 18.75000000000000000, 5.493368751818311857 ) ) ;
#7815 =( LENGTH_UNIT ( ) NAMED_UNIT ( * ) SI_UNIT ( .MILLI., .METRE. ) );
#7816 = CARTESIAN_POINT ( 'NONE',  ( 7.767644284148495615, 15.89638873565663779, 7.315122679594207256 ) ) ;
#7817 = LINE ( 'NONE', #1395, #4179 ) ;
#7818 = CARTESIAN_POINT ( 'NONE',  ( 7.767644284148496503, 12.39638873565663069, 7.315122679594195709 ) ) ;
#7819 = EDGE_CURVE ( 'NONE', #308, #612, #3388, .T. ) ;
#7820 = CARTESIAN_POINT ( 'NONE',  ( 5.783599450211217352, 15.28897827721596769, 6.226020063032068563 ) ) ;
#7821 = VERTEX_POINT ( 'NONE', #781 ) ;
#7822 = CARTESIAN_POINT ( 'NONE',  ( 5.783599450211212911, 14.27068809514516445, -9.013979936967929874 ) ) ;
#7823 = DIRECTION ( 'NONE',  ( 1.000000000000000000, 0.0000000000000000000, -0.0000000000000000000 ) ) ;
#7824 = UNCERTAINTY_MEASURE_WITH_UNIT (LENGTH_MEASURE( 1.000000000000000082E-05 ), #9220, 'distance_accuracy_value', 'NONE');
#7825 = B_SPLINE_CURVE_WITH_KNOTS ( 'NONE', 3,
 ( #10489, #2986, #4610, #2274, #8739, #8040, #3861, #547, #5558, #2178, #3208, #9687, #4820, #1467, #9539, #10436 ),
 .UNSPECIFIED., .F., .F.,
 ( 4, 3, 3, 3, 3, 4 ),
 ( 5.643972948433625505E-15, 3.323384349149909181E-05, 6.645056420404949014E-05, 9.993306315828714666E-05, 0.0001339503478117824980, 0.0001505948449509414780 ),
 .UNSPECIFIED. ) ;
#7826 = DIRECTION ( 'NONE',  ( 0.0000000000000000000, 0.0000000000000000000, 1.000000000000000000 ) ) ;
#7827 =( NAMED_UNIT ( * ) SI_UNIT ( $, .STERADIAN. ) SOLID_ANGLE_UNIT ( ) );
#7828 = CARTESIAN_POINT ( 'NONE',  ( 6.946840465791246366, 18.75000000000000000, 9.744464409729305387 ) ) ;
#7829 = ORIENTED_EDGE ( 'NONE', *, *, #7228, .T. ) ;
#7830 = CARTESIAN_POINT ( 'NONE',  ( 7.993979936967932076, 14.08064494388263377, 0.8164005497887768525 ) ) ;
#7831 = CARTESIAN_POINT ( 'NONE',  ( 5.036640950747339751, 11.83318809514517334, 7.211799725105601411 ) ) ;
#7832 = ADVANCED_FACE ( 'NONE', ( #9748, #6624 ), #10451, .F. ) ;
#7833 = CARTESIAN_POINT ( 'NONE',  ( 1.901461569844125288, 17.27092694212337776, 5.270730784922064593 ) ) ;
#7834 = ADVANCED_FACE ( 'NONE', ( #4950, #835, #4132, #14 ), #3325, .T. ) ;
#7835 = SURFACE_STYLE_USAGE ( .BOTH. , #1561 ) ;
#7836 = ORIENTED_EDGE ( 'NONE', *, *, #7302, .F. ) ;
#7837 = FACE_OUTER_BOUND ( 'NONE', #5871, .T. ) ;
#7838 = CARTESIAN_POINT ( 'NONE',  ( 5.558861877317078815, 11.66722206898996816, -7.010245359188399306 ) ) ;
#7839 = LINE ( 'NONE', #502, #1423 ) ;
#7840 = EDGE_LOOP ( 'NONE', ( #10182, #5103, #9204, #2199 ) ) ;
#7841 = CARTESIAN_POINT ( 'NONE',  ( 10.03031986140680765, 18.75000000000000711, -6.077983245373639321 ) ) ;
#7842 = CARTESIAN_POINT ( 'NONE',  ( 9.340449452938067054, 21.70000000000000284, 1.368713362205058903 ) ) ;
#7843 = CARTESIAN_POINT ( 'NONE',  ( 6.200000000000401634, 18.74040530735749499, -9.780094811668202937 ) ) ;
#7844 = DIRECTION ( 'NONE',  ( -1.000000000000000000, 0.0000000000000000000, 0.0000000000000000000 ) ) ;
#7845 = LINE ( 'NONE', #3927, #4327 ) ;
#7846 = SURFACE_STYLE_FILL_AREA ( #2943 ) ;
#7848 = ORIENTED_EDGE ( 'NONE', *, *, #4211, .F. ) ;
#7847 = CARTESIAN_POINT ( 'NONE',  ( 6.904877320405787167, 11.97972206898996461, -1.167644284148494638 ) ) ;
#7849 = ORIENTED_EDGE ( 'NONE', *, *, #2283, .F. ) ;
#7850 = CARTESIAN_POINT ( 'NONE',  ( 2.225173207194288683, 21.39999999999999858, 9.244459855567484396 ) ) ;
#7851 = EDGE_CURVE ( 'NONE', #604, #7005, #769, .T. ) ;
#7852 = SURFACE_STYLE_USAGE ( .BOTH. , #3780 ) ;
#7853 = CARTESIAN_POINT ( 'NONE',  ( 7.000000000000000000, 17.94999999999240714, -9.886761713732633794 ) ) ;
#7854 = CARTESIAN_POINT ( 'NONE',  ( 7.993979936967933853, 13.14568809514516978, 6.803599450211216926 ) ) ;
#7855 = CARTESIAN_POINT ( 'NONE',  ( 0.0000000000000000000, 11.50000000000000000, -11.43000000000000149 ) ) ;
#7856 =( NAMED_UNIT ( * ) PLANE_ANGLE_UNIT ( ) SI_UNIT ( $, .RADIAN. ) );
#7857 = ORIENTED_EDGE ( 'NONE', *, *, #9713, .T. ) ;
#7858 = CARTESIAN_POINT ( 'NONE',  ( 8.299999999999998934, 0.5999999999999889866, 7.120000000000000107 ) ) ;
#7859 = ORIENTED_EDGE ( 'NONE', *, *, #1090, .T. ) ;
#7861 = ORIENTED_EDGE ( 'NONE', *, *, #2183, .F. ) ;
#7860 = CARTESIAN_POINT ( 'NONE',  ( 7.993979936967921418, 15.06235476181183230, 0.8164005497888040530 ) ) ;
#7862 = VECTOR ( 'NONE', #906, 1000.000000000000000 ) ;
#7863 = CARTESIAN_POINT ( 'NONE',  ( 8.163359049252672861, 13.12485476181183230, -8.028200274894377486 ) ) ;
#7864 = ORIENTED_EDGE ( 'NONE', *, *, #1938, .T. ) ;
#7865 = CARTESIAN_POINT ( 'NONE',  ( 12.59999999999999964, 0.9000000000000084599, 11.42999999999999972 ) ) ;
#7866 = CARTESIAN_POINT ( 'NONE',  ( 7.993979936967914313, 11.14568809514516978, -0.8164005497888121576 ) ) ;
#7867 =( NAMED_UNIT ( * ) PLANE_ANGLE_UNIT ( ) SI_UNIT ( $, .RADIAN. ) );
#7868 = CARTESIAN_POINT ( 'NONE',  ( 4.949999999999999289, 0.0000000000000000000, -11.42999999999999972 ) ) ;
#7869 = CARTESIAN_POINT ( 'NONE',  ( 6.599999999999999645, 17.25000000000000000, -2.049999999999999822 ) ) ;
#7870 = CARTESIAN_POINT ( 'NONE',  ( 7.641138122682931133, 16.41722206898996816, 7.010245359188427727 ) ) ;
#7871 = LINE ( 'NONE', #7702, #8574 ) ;
#7872 = CARTESIAN_POINT ( 'NONE',  ( 6.904877320405787167, 11.97972206898996461, 6.452355715851501472 ) ) ;
#7873 = CARTESIAN_POINT ( 'NONE',  ( 5.036640950747342416, 14.89314494388263910, 8.028200274894409461 ) ) ;
#7874 = ORIENTED_EDGE ( 'NONE', *, *, #1879, .F. ) ;
#7875 = ORIENTED_EDGE ( 'NONE', *, *, #8203, .F. ) ;
#7876 = CARTESIAN_POINT ( 'NONE',  ( 8.163359049252656874, 14.12485476181183408, -8.028200274894414790 ) ) ;
#7877 = PLANE ( 'NONE',  #6731 ) ;
#7878 = DIRECTION ( 'NONE',  ( 0.0000000000000000000, 0.0000000000000000000, -1.000000000000000000 ) ) ;
#7879 = CARTESIAN_POINT ( 'NONE',  ( 6.999999999999292122, 18.68925460028496843, 5.411365147983337565 ) ) ;
#7880 = CARTESIAN_POINT ( 'NONE',  ( 0.0000000000000000000, 0.0000000000000000000, 10.67000000000007809 ) ) ;
#7881 = CARTESIAN_POINT ( 'NONE',  ( 10.11825162102749154, 18.75000000000000711, 9.226699218060199215 ) ) ;
#7882 = ORIENTED_EDGE ( 'NONE', *, *, #8416, .T. ) ;
#7883 = CARTESIAN_POINT ( 'NONE',  ( 7.993979936967932076, 14.56235476181183408, 0.8164005497887768525 ) ) ;
#7884 = CARTESIAN_POINT ( 'NONE',  ( 7.416400549788779273, 15.68735476181183586, -9.013979936967929874 ) ) ;
#7885 = EDGE_CURVE ( 'NONE', #677, #4772, #3750, .T. ) ;
#7886 = SURFACE_STYLE_USAGE ( .BOTH. , #10337 ) ;
#7887 = CARTESIAN_POINT ( 'NONE',  ( 7.993979936967890332, 11.06235476181174526, 8.436400549788764636 ) ) ;
#7888 = ORIENTED_EDGE ( 'NONE', *, *, #2069, .F. ) ;
#7889 = FACE_OUTER_BOUND ( 'NONE', #4087, .T. ) ;
#7890 = SURFACE_STYLE_USAGE ( .BOTH. , #501 ) ;
#7891 = EDGE_CURVE ( 'NONE', #407, #7390, #7709, .T. ) ;
#7892 = CARTESIAN_POINT ( 'NONE',  ( 5.206020063032087641, 11.81235476181183408, -8.436400549788817926 ) ) ;
#7893 = CARTESIAN_POINT ( 'NONE',  ( 11.71000000000000085, 0.8999999999999910294, 11.42999999999999972 ) ) ;
#7894 = CARTESIAN_POINT ( 'NONE',  ( 6.599999999999999645, 16.97902142847850016, 1.563359049252670108 ) ) ;
#7895 = EDGE_CURVE ( 'NONE', #5234, #436, #5101, .T. ) ;
#7896 = CARTESIAN_POINT ( 'NONE',  ( 9.610765808627173001, 21.69999999999999929, -0.5640172421179845408 ) ) ;
#7897 = PRESENTATION_STYLE_ASSIGNMENT (( #4830 ) ) ;
#7898 =( GEOMETRIC_REPRESENTATION_CONTEXT ( 3 ) GLOBAL_UNCERTAINTY_ASSIGNED_CONTEXT ( ( #7934 ) ) GLOBAL_UNIT_ASSIGNED_CONTEXT ( ( #3248, #4111, #8190 ) ) REPRESENTATION_CONTEXT ( 'NONE', 'WORKASPACE' ) );
#7899 = UNCERTAINTY_MEASURE_WITH_UNIT (LENGTH_MEASURE( 1.000000000000000082E-05 ), #7910, 'distance_accuracy_value', 'NONE');
#7900 = CARTESIAN_POINT ( 'NONE',  ( 3.070410234122451494E-15, 11.00000000000000178, -10.66999999999995197 ) ) ;
#7901 = COLOUR_RGB ( '',0.2862745098039215508, 0.6431372549019607199, 0.8666666666666666963 ) ;
#7902 = CYLINDRICAL_SURFACE ( 'NONE', #5434, 2.500000000000000444 ) ;
#7904 = EDGE_LOOP ( 'NONE', ( #543, #4508, #5371, #5792, #6042 ) ) ;
#7903 = CARTESIAN_POINT ( 'NONE',  ( 5.206020063032087641, 11.81235476181183408, -0.8164005497888185969 ) ) ;
#7905 = AXIS2_PLACEMENT_3D ( 'NONE', #7141, #8748, #10293 ) ;
#7906 = ORIENTED_EDGE ( 'NONE', *, *, #9858, .T. ) ;
#7907 = ORIENTED_EDGE ( 'NONE', *, *, #823, .T. ) ;
#7908 = CARTESIAN_POINT ( 'NONE',  ( 2.616948740878362933, 21.70000000000000284, 6.141014161349047207 ) ) ;
#7909 = STYLED_ITEM ( 'NONE', ( #4108 ), #7168 ) ;
#7910 =( LENGTH_UNIT ( ) NAMED_UNIT ( * ) SI_UNIT ( .MILLI., .METRE. ) );
#7911 = AXIS2_PLACEMENT_3D ( 'NONE', #1599, #4100, #7317 ) ;
#7912 =( LENGTH_UNIT ( ) NAMED_UNIT ( * ) SI_UNIT ( .MILLI., .METRE. ) );
#7913 = VECTOR ( 'NONE', #2940, 1000.000000000000000 ) ;
#7914 = ORIENTED_EDGE ( 'NONE', *, *, #2820, .T. ) ;
#7915 = SURFACE_SIDE_STYLE ('',( #4581 ) ) ;
#7916 = EDGE_CURVE ( 'NONE', #5941, #622, #2143, .T. ) ;
#7917 = VECTOR ( 'NONE', #9648, 1000.000000000000000 ) ;
#7918 = VECTOR ( 'NONE', #1590, 1000.000000000000114 ) ;
#7920 = ORIENTED_EDGE ( 'NONE', *, *, #5503, .F. ) ;
#7919 = CARTESIAN_POINT ( 'NONE',  ( 5.206020063032066325, 14.81235476181183230, -0.8164005497887816265 ) ) ;
#7921 = CARTESIAN_POINT ( 'NONE',  ( 7.767644284148505385, 12.89638873565663069, -7.924877320405771641 ) ) ;
#7922 = LINE ( 'NONE', #2861, #1023 ) ;
#7923 = CARTESIAN_POINT ( 'NONE',  ( 8.168381394566944564, 21.60574972462396914, -10.48750097088202438 ) ) ;
#7924 = CARTESIAN_POINT ( 'NONE',  ( 5.036640950747339751, 11.39314494388263554, 0.4082002748944231207 ) ) ;
#7925 = DIRECTION ( 'NONE',  ( 0.0000000000000000000, 0.0000000000000000000, -1.000000000000000000 ) ) ;
#7926 = LINE ( 'NONE', #1540, #4911 ) ;
#7927 = DIRECTION ( 'NONE',  ( 0.0000000000000000000, 0.0000000000000000000, -1.000000000000000000 ) ) ;
#7928 = CARTESIAN_POINT ( 'NONE',  ( 5.990245359188436147, 15.54222206898996816, 6.578861877317071283 ) ) ;
#7929 = AXIS2_PLACEMENT_3D ( 'NONE', #3624, #3515, #3458 ) ;
#7930 = SURFACE_STYLE_FILL_AREA ( #9473 ) ;
#7931 = AXIS2_PLACEMENT_3D ( 'NONE', #4786, #2401, #4140 ) ;
#7932 = CARTESIAN_POINT ( 'NONE',  ( 5.558861877317067268, 12.08388873565663779, 7.010245359188442826 ) ) ;
#7933 = VERTEX_POINT ( 'NONE', #2921 ) ;
#7934 = UNCERTAINTY_MEASURE_WITH_UNIT (LENGTH_MEASURE( 1.000000000000000082E-05 ), #3248, 'distance_accuracy_value', 'NONE');
#7935 = SURFACE_STYLE_FILL_AREA ( #4864 ) ;
#7936 = CARTESIAN_POINT ( 'NONE',  ( 6.999999999999292122, 18.67909150389269612, 5.406956928404333951 ) ) ;
#7937 = FILL_AREA_STYLE ('',( #490 ) ) ;
#7938 = CARTESIAN_POINT ( 'NONE',  ( 8.163359049252667532, 15.08318809514516445, -7.211799725105620951 ) ) ;
#7939 = ORIENTED_EDGE ( 'NONE', *, *, #5007, .F. ) ;
#7940 = CARTESIAN_POINT ( 'NONE',  ( 5.783599450211183601, 14.43735476181183230, 1.393979936967922217 ) ) ;
#7941 = FILL_AREA_STYLE_COLOUR ( '', #8939 ) ;
#7942 = MECHANICAL_DESIGN_GEOMETRIC_PRESENTATION_REPRESENTATION (  '', ( #10138 ), #8277 ) ;
#7943 = CARTESIAN_POINT ( 'NONE',  ( 5.036640950747341527, 10.85147827721596236, 7.211799725105593417 ) ) ;
#7944 = B_SPLINE_CURVE_WITH_KNOTS ( 'NONE', 3,
 ( #5532, #8770, #9720, #2415 ),
 .UNSPECIFIED., .F., .F.,
 ( 4, 4 ),
 ( 4.900777746763883067E-15, 0.0007087569161298801299 ),
 .UNSPECIFIED. ) ;
#7945 = PRESENTATION_STYLE_ASSIGNMENT (( #1513 ) ) ;
#7946 =( GEOMETRIC_REPRESENTATION_CONTEXT ( 3 ) GLOBAL_UNCERTAINTY_ASSIGNED_CONTEXT ( ( #1477 ) ) GLOBAL_UNIT_ASSIGNED_CONTEXT ( ( #10414, #5685, #5486 ) ) REPRESENTATION_CONTEXT ( 'NONE', 'WORKASPACE' ) );
#7947 = DIRECTION ( 'NONE',  ( -1.000000000000000000, 0.0000000000000000000, -0.0000000000000000000 ) ) ;
#7948 = ORIENTED_EDGE ( 'NONE', *, *, #156, .F. ) ;
#7949 = AXIS2_PLACEMENT_3D ( 'NONE', #4632, #5432, #637 ) ;
#7950 = CARTESIAN_POINT ( 'NONE',  ( 6.599999999999999645, 17.02352941176470580, 2.500000000071020967 ) ) ;
#7951 = CARTESIAN_POINT ( 'NONE',  ( 6.042671120528348538, 16.94999999999998153, 1.458800176420508965 ) ) ;
#7952 = AXIS2_PLACEMENT_3D ( 'NONE', #6931, #10126, #9494 ) ;
#7953 = MECHANICAL_DESIGN_GEOMETRIC_PRESENTATION_REPRESENTATION (  '', ( #8629 ), #4913 ) ;
#7954 = CARTESIAN_POINT ( 'NONE',  ( 7.993979936967932076, 14.56235476181183408, 8.436400549788777070 ) ) ;
#7955 = PRESENTATION_STYLE_ASSIGNMENT (( #10394 ) ) ;
#7956 = ADVANCED_FACE ( 'NONE', ( #8566 ), #9915, .T. ) ;
#7957 = ORIENTED_EDGE ( 'NONE', *, *, #7347, .T. ) ;
#7958 = AXIS2_PLACEMENT_3D ( 'NONE', #5917, #5029, #4981 ) ;
#7959 = EDGE_CURVE ( 'NONE', #3391, #7111, #2105, .T. ) ;
#7960 = COLOUR_RGB ( '',0.2862745098039215508, 0.6431372549019607199, 0.8666666666666666963 ) ;
#7961 = FILL_AREA_STYLE_COLOUR ( '', #7418 ) ;
#7962 = DIRECTION ( 'NONE',  ( -1.000000000000000000, 0.0000000000000000000, 0.0000000000000000000 ) ) ;
#7964 = VERTEX_POINT ( 'NONE', #5940 ) ;
#7963 = CARTESIAN_POINT ( 'NONE',  ( 5.432355715851493017, 12.10472206898996994, -0.3048773204057664832 ) ) ;
#7965 = EDGE_LOOP ( 'NONE', ( #6872, #9968, #9925 ) ) ;
#7966 = DIRECTION ( 'NONE',  ( 0.0000000000000000000, -0.0000000000000000000, 1.000000000000000000 ) ) ;
#7967 = FILL_AREA_STYLE ('',( #3175 ) ) ;
#7968 = COLOUR_RGB ( '',0.2862745098039215508, 0.6431372549019607199, 0.8666666666666666963 ) ;
#7969 = CARTESIAN_POINT ( 'NONE',  ( 6.199999999999999289, 18.18565895348233852, -9.870028231225161264 ) ) ;
#7970 = ADVANCED_FACE ( 'NONE', ( #7022 ), #10270, .T. ) ;
#7971 = CARTESIAN_POINT ( 'NONE',  ( 8.108517585690039553, 21.66192957791003337, -10.45191639497125458 ) ) ;
#7972 = ADVANCED_FACE ( 'NONE', ( #6435 ), #9480, .F. ) ;
#7973 = PLANE ( 'NONE',  #8784 ) ;
#7974 = AXIS2_PLACEMENT_3D ( 'NONE', #8985, #52, #1678 ) ;
#7976 = VERTEX_POINT ( 'NONE', #8829 ) ;
#7975 = CARTESIAN_POINT ( 'NONE',  ( 6.904877320405774732, 14.97972206898997172, -1.167644284148501965 ) ) ;
#7977 = CARTESIAN_POINT ( 'NONE',  ( 6.191799725105621377, 12.24985476181183230, -9.183359049252670658 ) ) ;
#7978 = CARTESIAN_POINT ( 'NONE',  ( 5.250000000000015099, 21.69999999999999929, 10.35495886623548323 ) ) ;
#7979 = CARTESIAN_POINT ( 'NONE',  ( 8.163359049252681743, 10.64314494388266930, -0.4082002748943796555 ) ) ;
#7980 = DIRECTION ( 'NONE',  ( -1.000000000000000000, -0.0000000000000000000, -0.0000000000000000000 ) ) ;
#7981 = FILL_AREA_STYLE_COLOUR ( '', #6754 ) ;
#7982 = FILL_AREA_STYLE_COLOUR ( '', #6242 ) ;
#7983 = CARTESIAN_POINT ( 'NONE',  ( 6.295122679594201465, 15.02138873565663424, 6.452355715851505913 ) ) ;
#7984 =( GEOMETRIC_REPRESENTATION_CONTEXT ( 3 ) GLOBAL_UNCERTAINTY_ASSIGNED_CONTEXT ( ( #6090 ) ) GLOBAL_UNIT_ASSIGNED_CONTEXT ( ( #2613, #5102, #9268 ) ) REPRESENTATION_CONTEXT ( 'NONE', 'WORKASPACE' ) );
#7985 = CARTESIAN_POINT ( 'NONE',  ( 8.163359049252667532, 12.58318809514516623, 8.028200274894377486 ) ) ;
#7986 = ORIENTED_EDGE ( 'NONE', *, *, #6978, .F. ) ;
#7987 = PRESENTATION_STYLE_ASSIGNMENT (( #5495 ) ) ;
#7988 = CARTESIAN_POINT ( 'NONE',  ( 5.067510803300027789, 21.63830208507979336, -2.846206563101913112 ) ) ;
#7989 = FACE_OUTER_BOUND ( 'NONE', #6894, .T. ) ;
#7990 = CARTESIAN_POINT ( 'NONE',  ( 5.783599450211219128, 15.27068809514516445, -9.013979936967933426 ) ) ;
#7991 = ORIENTED_EDGE ( 'NONE', *, *, #5058, .T. ) ;
#7992 = CARTESIAN_POINT ( 'NONE',  ( 5.206020063032066325, 14.81235476181183230, -0.8164005497887816265 ) ) ;
#7993 = DIRECTION ( 'NONE',  ( -1.000000000000000000, 9.637352644315610034E-17, 0.0000000000000000000 ) ) ;
#7994 = CARTESIAN_POINT ( 'NONE',  ( 4.950000000000000178, 21.39999999999999858, 7.620000000000000107 ) ) ;
#7995 =( LENGTH_UNIT ( ) NAMED_UNIT ( * ) SI_UNIT ( .MILLI., .METRE. ) );
#7996 = PRODUCT_DEFINITION_CONTEXT ( 'detailed design', #9464, 'design' ) ;
#7997 = FILL_AREA_STYLE ('',( #497 ) ) ;
#7998 = ORIENTED_EDGE ( 'NONE', *, *, #3074, .T. ) ;
#7999 = CARTESIAN_POINT ( 'NONE',  ( 26.05000000000000071, -4.750000000000009770, 7.320000000000000284 ) ) ;
#8000 = CARTESIAN_POINT ( 'NONE',  ( 6.599999999999996980, 16.94999999999999929, 5.394264068711929205 ) ) ;
#8001 = SURFACE_STYLE_FILL_AREA ( #1324 ) ;
#8002 = DIRECTION ( 'NONE',  ( 1.000000000000000000, -1.326525867060349907E-16, 0.0000000000000000000 ) ) ;
#8003 = CARTESIAN_POINT ( 'NONE',  ( 8.163359049252672861, 12.64314494388262844, 7.211799725105622727 ) ) ;
#8004 = CARTESIAN_POINT ( 'NONE',  ( 5.094961027307400414, 21.65734051661331705, 10.44928568458811391 ) ) ;
#8005 = DIRECTION ( 'NONE',  ( -1.000000000000000000, 0.0000000000000000000, 0.0000000000000000000 ) ) ;
#8006 = UNCERTAINTY_MEASURE_WITH_UNIT (LENGTH_MEASURE( 1.000000000000000082E-05 ), #452, 'distance_accuracy_value', 'NONE');
#8008 = VERTEX_POINT ( 'NONE', #1549 ) ;
#8007 = CARTESIAN_POINT ( 'NONE',  ( 7.209754640811558701, 11.95888873565663424, -1.041138122682931266 ) ) ;
#8009 = ORIENTED_EDGE ( 'NONE', *, *, #4619, .F. ) ;
#8010 = CARTESIAN_POINT ( 'NONE',  ( 3.146410161513773396, 11.50000000000000533, -12.02999999999999936 ) ) ;
#8011 = CARTESIAN_POINT ( 'NONE',  ( 6.599999999999999645, 17.27092694210341506, 0.0000000000000000000 ) ) ;
#8012 = ADVANCED_FACE ( 'NONE', ( #7125, #2261 ), #3953, .F. ) ;
#8013 = FACE_OUTER_BOUND ( 'NONE', #5357, .T. ) ;
#8014 = PRESENTATION_STYLE_ASSIGNMENT (( #3883 ) ) ;
#8015 = CARTESIAN_POINT ( 'NONE',  ( 6.600000000000000533, 17.25698273513599901, 2.349999999999999645 ) ) ;
#8016 = CARTESIAN_POINT ( 'NONE',  ( 11.71000000000000085, 0.0000000000000000000, 11.42999999999999972 ) ) ;
#8017 = EDGE_LOOP ( 'NONE', ( #9021, #3691, #2021, #2878, #8628 ) ) ;
#8019 = ORIENTED_EDGE ( 'NONE', *, *, #4958, .F. ) ;
#8018 = CARTESIAN_POINT ( 'NONE',  ( 6.191799725105615160, 14.74985476181183230, -1.563359049252668775 ) ) ;
#8020 = EDGE_CURVE ( 'NONE', #4459, #6954, #290, .T. ) ;
#8021 = FILL_AREA_STYLE ('',( #8178 ) ) ;
#8022 = SURFACE_SIDE_STYLE ('',( #6473 ) ) ;
#8023 = ADVANCED_FACE ( 'NONE', ( #6375 ), #9633, .F. ) ;
#8024 = CARTESIAN_POINT ( 'NONE',  ( 8.206025532456971305, 21.69999999999999574, 10.22808051701087173 ) ) ;
#8025 = CARTESIAN_POINT ( 'NONE',  ( 7.767644284148493838, 15.35472206898996461, 7.924877320405787628 ) ) ;
#8026 = CARTESIAN_POINT ( 'NONE',  ( 5.783599450211223569, 12.93735476181182875, 9.013979936967936979 ) ) ;
#8027 = ORIENTED_EDGE ( 'NONE', *, *, #9511, .F. ) ;
#8028 = COLOUR_RGB ( '',0.2862745098039215508, 0.6431372549019607199, 0.8666666666666666963 ) ;
#8029 = CARTESIAN_POINT ( 'NONE',  ( 7.993979936967916089, 13.56235476181183053, -6.803599450211176958 ) ) ;
#8030 = EDGE_LOOP ( 'NONE', ( #572, #3646, #1534, #1045 ) ) ;
#8031 = UNCERTAINTY_MEASURE_WITH_UNIT (LENGTH_MEASURE( 1.000000000000000082E-05 ), #54, 'distance_accuracy_value', 'NONE');
#8032 = APPLICATION_CONTEXT ( 'automotive_design' ) ;
#8033 = CARTESIAN_POINT ( 'NONE',  ( 9.224999999999999645, 0.9000000000000100142, -4.410000000000000142 ) ) ;
#8034 = CARTESIAN_POINT ( 'NONE',  ( 9.650046336322510854, 21.69999999999999574, -7.904152037877768322 ) ) ;
#8035 = CARTESIAN_POINT ( 'NONE',  ( 5.206020063032067213, 14.89568809514516445, -6.803599450211219590 ) ) ;
#8036 = CARTESIAN_POINT ( 'NONE',  ( 7.993979936967930300, 13.06235476181183586, 0.8164005497887768525 ) ) ;
#8037 = PLANE ( 'NONE',  #5096 ) ;
#8038 = DIRECTION ( 'NONE',  ( 0.0000000000000000000, -0.7071067811865470176, -0.7071067811865480168 ) ) ;
#8039 =( NAMED_UNIT ( * ) PLANE_ANGLE_UNIT ( ) SI_UNIT ( $, .RADIAN. ) );
#8040 = CARTESIAN_POINT ( 'NONE',  ( 6.200000000000328804, 18.70895134681768468, -5.421988441498100109 ) ) ;
#8041 = CARTESIAN_POINT ( 'NONE',  ( 2.148528137423857842, 16.94999999999999929, 2.225735931288071789 ) ) ;
#8042 = ORIENTED_EDGE ( 'NONE', *, *, #3425, .F. ) ;
#8043 = B_SPLINE_CURVE_WITH_KNOTS ( 'NONE', 3,
 ( #6497, #10345, #8045, #7951 ),
 .UNSPECIFIED., .F., .F.,
 ( 4, 4 ),
 ( 0.0000000000000000000, 0.0005672295858968128771 ),
 .UNSPECIFIED. ) ;
#8044 = DIRECTION ( 'NONE',  ( 1.000000000000000000, 0.0000000000000000000, 0.0000000000000000000 ) ) ;
#8045 = CARTESIAN_POINT ( 'NONE',  ( 6.221398899178971931, 16.94999999999998508, 1.527277599539727859 ) ) ;
#8046 = CARTESIAN_POINT ( 'NONE',  ( 3.549953663677376081, 21.70000000000000639, -7.335847962124215194 ) ) ;
#8047 = CARTESIAN_POINT ( 'NONE',  ( 6.599999999999999645, 17.02352941175888645, 10.12000000004629285 ) ) ;
#8048 = CARTESIAN_POINT ( 'NONE',  ( 8.163359049252660427, 13.10147827721596947, 8.028200274894407684 ) ) ;
#8049 = VECTOR ( 'NONE', #6263, 1000.000000000000000 ) ;
#8050 = CARTESIAN_POINT ( 'NONE',  ( 5.051664157651024389, 21.62511261878329805, 10.47557724632952514 ) ) ;
#8051 = LINE ( 'NONE', #10311, #7081 ) ;
#8052 = ORIENTED_EDGE ( 'NONE', *, *, #4130, .F. ) ;
#8053 = FILL_AREA_STYLE_COLOUR ( '', #3017 ) ;
#8055 = ORIENTED_EDGE ( 'NONE', *, *, #3541, .T. ) ;
#8054 = CARTESIAN_POINT ( 'NONE',  ( 5.206020063032066325, 11.31235476181183053, -0.8164005497887730778 ) ) ;
#8056 = EDGE_LOOP ( 'NONE', ( #7101, #5822, #1430, #9817, #6638, #595, #4892, #6976 ) ) ;
#8057 = ORIENTED_EDGE ( 'NONE', *, *, #5713, .T. ) ;
#8058 = CARTESIAN_POINT ( 'NONE',  ( 8.300000000000000711, -4.750000000000000000, 2.074999999999999734 ) ) ;
#8059 = SURFACE_SIDE_STYLE ('',( #3335 ) ) ;
#8060 = CARTESIAN_POINT ( 'NONE',  ( 3.249999999999999556, 17.19999999999999929, 11.43000000000000149 ) ) ;
#8061 = COLOUR_RGB ( '',0.2862745098039215508, 0.6431372549019607199, 0.8666666666666666963 ) ;
#8062 = CARTESIAN_POINT ( 'NONE',  ( 7.416400549788805030, 14.70564494388263022, 6.226020063032079221 ) ) ;
#8063 =( BOUNDED_SURFACE ( )  B_SPLINE_SURFACE ( 3, 3, ( 
 ( #4856, #4915, #7212, #8182 ),
 ( #10525, #1452, #5645, #804 ),
 ( #2475, #10471, #2367, #9629 ),
 ( #4757, #3949, #5599, #10574 ) ),
 .UNSPECIFIED., .F., .F., .F. ) 
 B_SPLINE_SURFACE_WITH_KNOTS ( ( 4, 4 ),
 ( 4, 4 ),
 ( 0.0000000000000000000, 1.000000000000000000 ),
 ( 0.0000000000000000000, 1.000000000000000000 ),
 .UNSPECIFIED. ) 
 GEOMETRIC_REPRESENTATION_ITEM ( )  RATIONAL_B_SPLINE_SURFACE ( (
 ( 1.000000000000000000, 0.4407513212696949623, 0.4407513212696949623, 1.000000000000000000),
 ( 0.8209024677519534130, 0.3618138472952266427, 0.3618138472952266427, 0.8209024677519534130),
 ( 0.8209024677519534130, 0.3618138472952266427, 0.3618138472952266427, 0.8209024677519534130),
 ( 1.000000000000000000, 0.4407513212696949623, 0.4407513212696949623, 1.000000000000000000) ) ) 
 REPRESENTATION_ITEM ( '' )  SURFACE ( )  );
#8064 = COLOUR_RGB ( '',0.2862745098039215508, 0.6431372549019607199, 0.8666666666666666963 ) ;
#8065 = STYLED_ITEM ( 'NONE', ( #6014 ), #4446 ) ;
#8066 = LINE ( 'NONE', #6634, #5739 ) ;
#8067 = ADVANCED_FACE ( 'NONE', ( #7492 ), #9784, .T. ) ;
#8069 = ORIENTED_EDGE ( 'NONE', *, *, #3759, .F. ) ;
#8068 = CARTESIAN_POINT ( 'NONE',  ( 7.993979936967930300, 14.14568809514516623, -0.8164005497887845131 ) ) ;
#8070 = STYLED_ITEM ( 'NONE', ( #3078 ), #632 ) ;
#8071 = CARTESIAN_POINT ( 'NONE',  ( 6.599999999999999645, 17.02352941176470580, -7.620000000000000107 ) ) ;
#8072 = MECHANICAL_DESIGN_GEOMETRIC_PRESENTATION_REPRESENTATION (  '', ( #6366 ), #1069 ) ;
#8073 = CARTESIAN_POINT ( 'NONE',  ( 7.767644284148494727, 14.89638873565663069, 7.315122679594206367 ) ) ;
#8074 = AXIS2_PLACEMENT_3D ( 'NONE', #3588, #6819, #1190 ) ;
#8075 = ADVANCED_FACE ( 'NONE', ( #1617 ), #1368, .T. ) ;
#8076 = CARTESIAN_POINT ( 'NONE',  ( 5.432355715851491240, 11.14638873565663069, 7.924877320405773418 ) ) ;
#8077 = CIRCLE ( 'NONE', #1585, 2.500000000000000444 ) ;
#8078 = ORIENTED_EDGE ( 'NONE', *, *, #6661, .F. ) ;
#8079 = VERTEX_POINT ( 'NONE', #8849 ) ;
#8080 = CARTESIAN_POINT ( 'NONE',  ( 6.191799725105581409, 13.24985476181182875, -9.183359049252656447 ) ) ;
#8081 = CARTESIAN_POINT ( 'NONE',  ( 6.199999999999999289, 18.75000000000000000, 9.740707315959836521 ) ) ;
#8082 = ADVANCED_FACE ( 'NONE', ( #4085 ), #920, .T. ) ;
#8083 = CARTESIAN_POINT ( 'NONE',  ( 6.600000000000000533, 16.94999999999999574, 2.050000000000007816 ) ) ;
#8084 = DIRECTION ( 'NONE',  ( 0.1776267739252014866, -0.9473427942677384861, -0.2664401608878035344 ) ) ;
#8085 = CARTESIAN_POINT ( 'NONE',  ( 7.209754640811583570, 15.29222206898996461, -6.578861877317073059 ) ) ;
#8086 = CARTESIAN_POINT ( 'NONE',  ( 5.206020063032073431, 12.91397827721596236, 0.8164005497887854013 ) ) ;
#8087 = CARTESIAN_POINT ( 'NONE',  ( 8.299999999999998934, 0.5999999999999928724, 8.119999999999999218 ) ) ;
#8088 = AXIS2_PLACEMENT_3D ( 'NONE', #5094, #6769, #990 ) ;
#8089 = LINE ( 'NONE', #5034, #7078 ) ;
#8090 = CARTESIAN_POINT ( 'NONE',  ( 2.942790561913609881, 11.50000000000000000, 10.81000000000000050 ) ) ;
#8091 = VECTOR ( 'NONE', #523, 1000.000000000000000 ) ;
#8092 = ADVANCED_FACE ( 'NONE', ( #1359 ), #7134, .T. ) ;
#8093 = CARTESIAN_POINT ( 'NONE',  ( 1.900487387883727841, 17.26396121657895577, 5.270243693941865537 ) ) ;
#8094 = CARTESIAN_POINT ( 'NONE',  ( 4.950000000000000178, 17.19999999999999929, 11.42999999999999972 ) ) ;
#8095 = ORIENTED_EDGE ( 'NONE', *, *, #3221, .F. ) ;
#8096 = MECHANICAL_DESIGN_GEOMETRIC_PRESENTATION_REPRESENTATION (  '', ( #1264 ), #6037 ) ;
#8097 = CARTESIAN_POINT ( 'NONE',  ( 5.206020063032087641, 11.81235476181183408, -8.436400549788817926 ) ) ;
#8098 = DIRECTION ( 'NONE',  ( -1.000000000000000000, -0.0000000000000000000, -0.0000000000000000000 ) ) ;
#8099 = MECHANICAL_DESIGN_GEOMETRIC_PRESENTATION_REPRESENTATION (  '', ( #2295 ), #2823 ) ;
#8100 = VECTOR ( 'NONE', #57, 1000.000000000000114 ) ;
#8101 = FILL_AREA_STYLE ('',( #8886 ) ) ;
#8102 = DIRECTION ( 'NONE',  ( -0.0000000000000000000, -1.000000000000000000, -0.0000000000000000000 ) ) ;
#8103 = CARTESIAN_POINT ( 'NONE',  ( 5.783599450211206694, 16.28897827721596769, -1.393979936967927102 ) ) ;
#8104 = CARTESIAN_POINT ( 'NONE',  ( 5.206020063032073431, 13.39568809514516801, 8.436400549788787728 ) ) ;
#8105 = VECTOR ( 'NONE', #5703, 1000.000000000000000 ) ;
#8106 = COLOUR_RGB ( '',0.2862745098039215508, 0.6431372549019607199, 0.8666666666666666963 ) ;
#8107 = AXIS2_PLACEMENT_3D ( 'NONE', #7064, #5597, #7927 ) ;
#8108 = CARTESIAN_POINT ( 'NONE',  ( 6.599999999999999645, 17.27092694212258550, -2.349269215077992357 ) ) ;
#8109 = EDGE_CURVE ( 'NONE', #2361, #4953, #7825, .T. ) ;
#8110 = CARTESIAN_POINT ( 'NONE',  ( 6.199999999999999289, 17.94999999999108553, -2.266761713739299910 ) ) ;
#8111 = UNCERTAINTY_MEASURE_WITH_UNIT (LENGTH_MEASURE( 1.000000000000000082E-05 ), #1066, 'distance_accuracy_value', 'NONE');
#8112 = CARTESIAN_POINT ( 'NONE',  ( 1.499999999999999778, 11.00000000000000000, -2.599999999999985878 ) ) ;
#8113 = SURFACE_STYLE_USAGE ( .BOTH. , #2513 ) ;
#8115 = ORIENTED_EDGE ( 'NONE', *, *, #3231, .F. ) ;
#8114 = CARTESIAN_POINT ( 'NONE',  ( 7.641138122682923139, 10.91722206898997349, -0.6097546408115860350 ) ) ;
#8116 = STYLED_ITEM ( 'NONE', ( #4543 ), #7956 ) ;
#8117 = ORIENTED_EDGE ( 'NONE', *, *, #8497, .T. ) ;
#8118 = COLOUR_RGB ( '',0.2862745098039215508, 0.6431372549019607199, 0.8666666666666666963 ) ;
#8119 =( NAMED_UNIT ( * ) PLANE_ANGLE_UNIT ( ) SI_UNIT ( $, .RADIAN. ) );
#8120 = SURFACE_STYLE_FILL_AREA ( #8901 ) ;
#8121 = FACE_OUTER_BOUND ( 'NONE', #9388, .T. ) ;
#8122 = MECHANICAL_DESIGN_GEOMETRIC_PRESENTATION_REPRESENTATION (  '', ( #2322 ), #3544 ) ;
#8123 = CARTESIAN_POINT ( 'NONE',  ( 1.843589838486229704, 16.30000000000000071, 10.83000000000000007 ) ) ;
#8124 = STYLED_ITEM ( 'NONE', ( #7987 ), #8012 ) ;
#8125 = CARTESIAN_POINT ( 'NONE',  ( 6.191799725105590291, 15.74985476181182875, 6.056640950747342877 ) ) ;
#8127 = EDGE_LOOP ( 'NONE', ( #419, #4255, #6174, #3257, #3484 ) ) ;
#8126 = CARTESIAN_POINT ( 'NONE',  ( 7.008200274894377024, 14.20818809514516623, -1.563359049252668553 ) ) ;
#8128 = CARTESIAN_POINT ( 'NONE',  ( 7.641138122682933798, 12.41722206898996106, -8.229754640811561828 ) ) ;
#8129 = VECTOR ( 'NONE', #9257, 1000.000000000000000 ) ;
#8130 = DIRECTION ( 'NONE',  ( 1.000000000000000000, -0.0000000000000000000, 0.0000000000000000000 ) ) ;
#8131 = DIRECTION ( 'NONE',  ( -1.000000000000000000, 0.0000000000000000000, 0.0000000000000000000 ) ) ;
#8132 = CARTESIAN_POINT ( 'NONE',  ( 7.641138122682933798, 15.41722206898996639, 7.010245359188439274 ) ) ;
#8133 = DIRECTION ( 'NONE',  ( 0.0000000000000000000, 1.000000000000000000, 0.0000000000000000000 ) ) ;
#8134 = CARTESIAN_POINT ( 'NONE',  ( 5.990245359188441476, 11.70888873565663246, 8.661138122682931595 ) ) ;
#8135 = ORIENTED_EDGE ( 'NONE', *, *, #4194, .F. ) ;
#8136 = VERTEX_POINT ( 'NONE', #7028 ) ;
#8137 = CARTESIAN_POINT ( 'NONE',  ( 7.008200274894363702, 13.20818809514516623, -9.183359049252674211 ) ) ;
#8138 = CARTESIAN_POINT ( 'NONE',  ( 6.200000000000708056, 18.68925460028447105, 9.828634852016877588 ) ) ;
#8139 = CARTESIAN_POINT ( 'NONE',  ( 6.599999999999999645, 16.75055540232330031, 1.167644284148499967 ) ) ;
#8140 = LINE ( 'NONE', #199, #93 ) ;
#8141 = CARTESIAN_POINT ( 'NONE',  ( 5.432355715851494793, 15.60472206898995928, -7.924877320405775194 ) ) ;
#8142 = CARTESIAN_POINT ( 'NONE',  ( 6.191799725105619601, 13.74985476181183230, -1.563359049252665667 ) ) ;
#8143 = SURFACE_STYLE_USAGE ( .BOTH. , #2595 ) ;
#8144 = CARTESIAN_POINT ( 'NONE',  ( 7.695910417005329407, 11.04085490896459909, 8.734388672331677483 ) ) ;
#8145 = EDGE_CURVE ( 'NONE', #8388, #3836, #5460, .T. ) ;
#8146 = LINE ( 'NONE', #8196, #5593 ) ;
#8147 = B_SPLINE_CURVE_WITH_KNOTS ( 'NONE', 3,
 ( #3080, #8024, #8772, #4693, #2913, #2159, #3030, #9470, #3743, #10415, #3947, #9407, #2208, #2092, #3132, #1498, #2314, #1345, #4639, #6169 ),
 .UNSPECIFIED., .F., .F.,
 ( 4, 2, 2, 2, 2, 2, 2, 2, 2, 4 ),
 ( 0.0000000000000000000, 0.1250000000000000555, 0.2500000000000001110, 0.3750000000000001665, 0.5000000000000002220, 0.6250000000000002220, 0.7500000000000003331, 0.8125000000000001110, 0.8749999999999998890, 1.000000000000000000 ),
 .UNSPECIFIED. ) ;
#8148 = CARTESIAN_POINT ( 'NONE',  ( 3.081748378971429947, 18.75000000000000355, -1.606699218060557710 ) ) ;
#8149 = ORIENTED_EDGE ( 'NONE', *, *, #1594, .F. ) ;
#8150 = CARTESIAN_POINT ( 'NONE',  ( 6.191799725105592955, 11.74985476181183408, -9.183359049252658224 ) ) ;
#8151 = CARTESIAN_POINT ( 'NONE',  ( 1.900000000000002132, 17.07426406871192981, 5.270000000000004015 ) ) ;
#8152 = CARTESIAN_POINT ( 'NONE',  ( 3.745098452047034066, 21.69999999999999574, -6.509591870932323054 ) ) ;
#8153 = CARTESIAN_POINT ( 'NONE',  ( 7.008200274894408111, 16.20818809514516801, -1.563359049252658117 ) ) ;
#8154 = EDGE_CURVE ( 'NONE', #7976, #8499, #3152, .T. ) ;
#8155 = CARTESIAN_POINT ( 'NONE',  ( 5.036640950747329981, 13.33318809514516445, 7.211799725105615622 ) ) ;
#8156 = EDGE_CURVE ( 'NONE', #194, #4580, #1409, .T. ) ;
#8157 = CARTESIAN_POINT ( 'NONE',  ( 6.599999999999999645, 17.02352941175888645, 5.119999999953706471 ) ) ;
#8158 = CARTESIAN_POINT ( 'NONE',  ( 5.157438894810383978, 21.57573593128806877, -10.64349424636365526 ) ) ;
#8159 = SURFACE_STYLE_FILL_AREA ( #4181 ) ;
#8160 = FILL_AREA_STYLE_COLOUR ( '', #7968 ) ;
#8162 = ORIENTED_EDGE ( 'NONE', *, *, #3534, .F. ) ;
#8161 = CARTESIAN_POINT ( 'NONE',  ( 7.416400549788795260, 11.52068809514516801, 1.393979936967929323 ) ) ;
#8163 = CARTESIAN_POINT ( 'NONE',  ( 7.000000000000000000, 18.65697564738296776, -2.216544185266136946 ) ) ;
#8164 = ORIENTED_EDGE ( 'NONE', *, *, #2999, .F. ) ;
#8165 = ORIENTED_EDGE ( 'NONE', *, *, #1865, .F. ) ;
#8166 = DIRECTION ( 'NONE',  ( 0.0000000000000000000, 0.0000000000000000000, 1.000000000000000000 ) ) ;
#8167 =( LENGTH_UNIT ( ) NAMED_UNIT ( * ) SI_UNIT ( .MILLI., .METRE. ) );
#8168 = SURFACE_STYLE_USAGE ( .BOTH. , #1659 ) ;
#8169 = CARTESIAN_POINT ( 'NONE',  ( 6.599999999999999645, 17.27092694210341506, 7.620000000000000107 ) ) ;
#8170 = DIRECTION ( 'NONE',  ( 0.0000000000000000000, -1.000000000000000000, -0.0000000000000000000 ) ) ;
#8172 = EDGE_LOOP ( 'NONE', ( #6350, #795 ) ) ;
#8171 = CARTESIAN_POINT ( 'NONE',  ( 6.295122679594229886, 13.52138873565663246, -1.167644284148501077 ) ) ;
#8173 = CARTESIAN_POINT ( 'NONE',  ( 8.163359049252655097, 11.08318809514513248, -7.211799725105577430 ) ) ;
#8174 = CARTESIAN_POINT ( 'NONE',  ( 6.191799725105594732, 11.95818809514516445, -6.056640950747342877 ) ) ;
#8175 = ADVANCED_FACE ( 'NONE', ( #8684 ), #10341, .F. ) ;
#8176 = ORIENTED_EDGE ( 'NONE', *, *, #3555, .T. ) ;
#8177 = CARTESIAN_POINT ( 'NONE',  ( 5.783056366656098568, 16.93735476181180033, -6.226020063032071228 ) ) ;
#8178 = FILL_AREA_STYLE_COLOUR ( '', #3972 ) ;
#8179 = DIRECTION ( 'NONE',  ( -1.000000000000000000, 0.0000000000000000000, 0.0000000000000000000 ) ) ;
#8180 = LINE ( 'NONE', #6532, #4883 ) ;
#8181 = CARTESIAN_POINT ( 'NONE',  ( 6.295122679594231663, 14.72972206898996994, 8.787644284148509399 ) ) ;
#8182 = CARTESIAN_POINT ( 'NONE',  ( 6.946840465790998564, 18.75000000000000000, -9.744464409729348020 ) ) ;
#8183 = CARTESIAN_POINT ( 'NONE',  ( 7.993979936967939182, 11.56235476181183586, 8.436400549788771741 ) ) ;
#8184 = ORIENTED_EDGE ( 'NONE', *, *, #9517, .F. ) ;
#8185 = CARTESIAN_POINT ( 'NONE',  ( 5.036640950747344192, 13.37485476181183230, -7.211799725105586312 ) ) ;
#8186 =( NAMED_UNIT ( * ) PLANE_ANGLE_UNIT ( ) SI_UNIT ( $, .RADIAN. ) );
#8187 = ORIENTED_EDGE ( 'NONE', *, *, #8528, .F. ) ;
#8188 = CARTESIAN_POINT ( 'NONE',  ( 5.206020063032074319, 16.81235476181183586, -0.8164005497887926177 ) ) ;
#8189 = DIRECTION ( 'NONE',  ( -0.0000000000000000000, 0.0000000000000000000, 1.000000000000000000 ) ) ;
#8190 =( NAMED_UNIT ( * ) SI_UNIT ( $, .STERADIAN. ) SOLID_ANGLE_UNIT ( ) );
#8191 = SURFACE_SIDE_STYLE ('',( #5608 ) ) ;
#8192 = CARTESIAN_POINT ( 'NONE',  ( 6.191799725105594732, 12.47647827721596769, 1.563359049252661892 ) ) ;
#8193 = CARTESIAN_POINT ( 'NONE',  ( 6.599999999999999645, 16.94999999999424745, 7.620000000000000107 ) ) ;
#8194 = DIRECTION ( 'NONE',  ( 0.0000000000000000000, -1.000000000000000000, 0.0000000000000000000 ) ) ;
#8195 = DIRECTION ( 'NONE',  ( 0.0000000000000000000, -1.000000000000000000, 0.0000000000000000000 ) ) ;
#8196 = CARTESIAN_POINT ( 'NONE',  ( 12.59999999999999964, 16.30000000000000071, 3.209999999999999964 ) ) ;
#8197 = CARTESIAN_POINT ( 'NONE',  ( 6.244235344735726834, 18.75000000000000000, -2.179126782756206637 ) ) ;
#8198 = ORIENTED_EDGE ( 'NONE', *, *, #8212, .F. ) ;
#8199 = CARTESIAN_POINT ( 'NONE',  ( 7.416400549788805918, 11.20564494388263022, -9.013979936967920992 ) ) ;
#8200 = DIRECTION ( 'NONE',  ( -0.0000000000000000000, -0.0000000000000000000, -1.000000000000000000 ) ) ;
#8201 = ORIENTED_EDGE ( 'NONE', *, *, #10360, .F. ) ;
#8202 = LINE ( 'NONE', #9, #222 ) ;
#8203 = EDGE_CURVE ( 'NONE', #10410, #4265, #3808, .T. ) ;
#8204 = CARTESIAN_POINT ( 'NONE',  ( 7.416400549788795260, 16.68735476181182875, -1.393979936967925548 ) ) ;
#8205 = CARTESIAN_POINT ( 'NONE',  ( 5.783599450211189819, 13.77068809514516623, 6.226020063032083662 ) ) ;
#8206 = CARTESIAN_POINT ( 'NONE',  ( 8.852236998036747906, 21.69999999999999574, -2.061647694448493606 ) ) ;
#8207 =( NAMED_UNIT ( * ) PLANE_ANGLE_UNIT ( ) SI_UNIT ( $, .RADIAN. ) );
#8208 = ADVANCED_FACE ( 'NONE', ( #3048 ), #212, .T. ) ;
#8209 = FACE_OUTER_BOUND ( 'NONE', #6689, .T. ) ;
#8210 = UNCERTAINTY_MEASURE_WITH_UNIT (LENGTH_MEASURE( 1.000000000000000082E-05 ), #2611, 'distance_accuracy_value', 'NONE');
#8211 = SURFACE_STYLE_USAGE ( .BOTH. , #9814 ) ;
#8212 = EDGE_CURVE ( 'NONE', #5155, #3391, #764, .T. ) ;
#8213 = FACE_OUTER_BOUND ( 'NONE', #6508, .T. ) ;
#8215 = ORIENTED_EDGE ( 'NONE', *, *, #7310, .T. ) ;
#8214 = CARTESIAN_POINT ( 'NONE',  ( 5.990245359188413055, 11.04222206898996639, -1.041138122682920830 ) ) ;
#8216 = DIRECTION ( 'NONE',  ( 0.0000000000000000000, -0.0000000000000000000, -1.000000000000000000 ) ) ;
#8217 = VERTEX_POINT ( 'NONE', #6557 ) ;
#8218 = DIRECTION ( 'NONE',  ( 0.0000000000000000000, -0.0000000000000000000, 1.000000000000000000 ) ) ;
#8219 = DIRECTION ( 'NONE',  ( 0.0000000000000000000, -1.000000000000000000, 0.0000000000000000000 ) ) ;
#8220 = CARTESIAN_POINT ( 'NONE',  ( 6.599999999999999645, 17.27092694210341506, 5.270730784923207679 ) ) ;
#8221 = UNCERTAINTY_MEASURE_WITH_UNIT (LENGTH_MEASURE( 1.000000000000000082E-05 ), #1718, 'distance_accuracy_value', 'NONE');
#8223 = ORIENTED_EDGE ( 'NONE', *, *, #2607, .F. ) ;
#8222 = CARTESIAN_POINT ( 'NONE',  ( 5.036640950747344192, 14.37485476181183408, 0.4082002748944097981 ) ) ;
#8224 = FACE_OUTER_BOUND ( 'NONE', #7146, .T. ) ;
#8225 = ORIENTED_EDGE ( 'NONE', *, *, #4619, .T. ) ;
#8226 = EDGE_LOOP ( 'NONE', ( #7609, #2075, #3510, #3546, #4969 ) ) ;
#8227 = CARTESIAN_POINT ( 'NONE',  ( 8.147769539680552953, 21.62562033857648913, -4.764761384305590042 ) ) ;
#8228 = CARTESIAN_POINT ( 'NONE',  ( 8.299999999999998934, -3.750000000000008882, -0.4999999999999990563 ) ) ;
#8229 =( NAMED_UNIT ( * ) SI_UNIT ( $, .STERADIAN. ) SOLID_ANGLE_UNIT ( ) );
#8230 = PLANE ( 'NONE',  #3706 ) ;
#8231 = CARTESIAN_POINT ( 'NONE',  ( 7.416400549788820129, 14.52068809514516623, 9.013979936967915663 ) ) ;
#8232 =( GEOMETRIC_REPRESENTATION_CONTEXT ( 3 ) GLOBAL_UNCERTAINTY_ASSIGNED_CONTEXT ( ( #9068 ) ) GLOBAL_UNIT_ASSIGNED_CONTEXT ( ( #8762, #681, #3065 ) ) REPRESENTATION_CONTEXT ( 'NONE', 'WORKASPACE' ) );
#8233 = CARTESIAN_POINT ( 'NONE',  ( 6.237708605730047928, 18.71222679458301741, 9.839104311608739550 ) ) ;
#8234 = EDGE_CURVE ( 'NONE', #3853, #7806, #9098, .T. ) ;
#8235 = CARTESIAN_POINT ( 'NONE',  ( 5.783599450211226234, 11.93735476181182875, 9.013979936967931650 ) ) ;
#8236 = EDGE_LOOP ( 'NONE', ( #5054, #2399, #6163, #1047 ) ) ;
#8237 = ORIENTED_EDGE ( 'NONE', *, *, #4320, .F. ) ;
#8238 = CARTESIAN_POINT ( 'NONE',  ( 2.225173207194291347, 21.39999999999999858, 1.624459855567440769 ) ) ;
#8239 = CARTESIAN_POINT ( 'NONE',  ( 5.783599450211213799, 13.27068809514516090, -9.013979936967929874 ) ) ;
#8240 =( NAMED_UNIT ( * ) SI_UNIT ( $, .STERADIAN. ) SOLID_ANGLE_UNIT ( ) );
#8241 = COLOUR_RGB ( '',0.2862745098039215508, 0.6431372549019607199, 0.8666666666666666963 ) ;
#8242 = CARTESIAN_POINT ( 'NONE',  ( 5.432355715851498346, 16.60472206898996461, -0.3048773204057836361 ) ) ;
#8243 = CARTESIAN_POINT ( 'NONE',  ( 7.993979936967914313, 13.64568809514516801, -8.436400549788821479 ) ) ;
#8244 =( NAMED_UNIT ( * ) SI_UNIT ( $, .STERADIAN. ) SOLID_ANGLE_UNIT ( ) );
#8245 = CARTESIAN_POINT ( 'NONE',  ( 9.032808121128482526, 21.70000000000000639, -9.465196151916597245 ) ) ;
#8246 = CIRCLE ( 'NONE', #6875, 0.5000000000000004441 ) ;
#8247 = CARTESIAN_POINT ( 'NONE',  ( 5.036640950747344192, 13.37485476181183230, 0.4082002748944102977 ) ) ;
#8248 = PLANE ( 'NONE',  #10290 ) ;
#8249 = LINE ( 'NONE', #9467, #5910 ) ;
#8250 = CARTESIAN_POINT ( 'NONE',  ( 1.500000000000016209, -36.96000000000000085, -2.600000000000035616 ) ) ;
#8251 = PRESENTATION_LAYER_ASSIGNMENT (  '', '', ( #196 ) ) ;
#8252 = FACE_OUTER_BOUND ( 'NONE', #8433, .T. ) ;
#8253 = EDGE_LOOP ( 'NONE', ( #9819, #3638, #7393 ) ) ;
#8254 = VECTOR ( 'NONE', #7164, 1000.000000000000000 ) ;
#8255 = CARTESIAN_POINT ( 'NONE',  ( 7.993979936967921418, 11.66397827721596769, -8.436400549788814374 ) ) ;
#8256 = CARTESIAN_POINT ( 'NONE',  ( 10.20877607586412950, 18.75000000000000000, 1.648039516159271134 ) ) ;
#8257 = FILL_AREA_STYLE ('',( #6709 ) ) ;
#8258 = CARTESIAN_POINT ( 'NONE',  ( 4.167191878871125077, 21.70000000000000284, -5.774803848083765345 ) ) ;
#8259 = STYLED_ITEM ( 'NONE', ( #8966 ), #2417 ) ;
#8260 = AXIS2_PLACEMENT_3D ( 'NONE', #9919, #3488, #298 ) ;
#8261 = CARTESIAN_POINT ( 'NONE',  ( 6.191799725105602725, 16.74985476181183230, -1.563359049252663002 ) ) ;
#8262 = MECHANICAL_DESIGN_GEOMETRIC_PRESENTATION_REPRESENTATION (  '', ( #5248 ), #6712 ) ;
#8263 = VECTOR ( 'NONE', #4263, 1000.000000000000000 ) ;
#8264 = CARTESIAN_POINT ( 'NONE',  ( 5.783599450211217352, 11.78897827721596769, 6.226020063032076557 ) ) ;
#8265 = VECTOR ( 'NONE', #8986, 1000.000000000000000 ) ;
#8266 = PLANE ( 'NONE',  #70 ) ;
#8267 = CIRCLE ( 'NONE', #9800, 0.2999999999999999334 ) ;
#8268 = CARTESIAN_POINT ( 'NONE',  ( 8.042561105189660609, 21.39999999999999858, -3.023494246363629845 ) ) ;
#8269 = FILL_AREA_STYLE_COLOUR ( '', #7442 ) ;
#8270 = CARTESIAN_POINT ( 'NONE',  ( 3.589109380996690302, 21.70000000000000284, 7.056051227307163387 ) ) ;
#8271 = VERTEX_POINT ( 'NONE', #8308 ) ;
#8272 = CYLINDRICAL_SURFACE ( 'NONE', #5158, 0.2999999999999999334 ) ;
#8273 = SURFACE_SIDE_STYLE ('',( #7207 ) ) ;
#8274 = STYLED_ITEM ( 'NONE', ( #5750 ), #2079 ) ;
#8275 = PRESENTATION_LAYER_ASSIGNMENT (  '', '', ( #5754 ) ) ;
#8276 = CARTESIAN_POINT ( 'NONE',  ( 8.250000000000000000, 17.19999999999999929, -11.43000000000000149 ) ) ;
#8277 =( GEOMETRIC_REPRESENTATION_CONTEXT ( 3 ) GLOBAL_UNCERTAINTY_ASSIGNED_CONTEXT ( ( #8648 ) ) GLOBAL_UNIT_ASSIGNED_CONTEXT ( ( #2722, #5884, #1851 ) ) REPRESENTATION_CONTEXT ( 'NONE', 'WORKASPACE' ) );
#8278 =( LENGTH_UNIT ( ) NAMED_UNIT ( * ) SI_UNIT ( .MILLI., .METRE. ) );
#8279 = EDGE_CURVE ( 'NONE', #10363, #8679, #10539, .T. ) ;
#8280 = CARTESIAN_POINT ( 'NONE',  ( 2.100000000000000533, 9.400000000000000355, -1.699999999999962652 ) ) ;
#8281 = MECHANICAL_DESIGN_GEOMETRIC_PRESENTATION_REPRESENTATION (  '', ( #1621 ), #2312 ) ;
#8282 = AXIS2_PLACEMENT_3D ( 'NONE', #4568, #7796, #8696 ) ;
#8284 = VERTEX_POINT ( 'NONE', #5772 ) ;
#8283 = CARTESIAN_POINT ( 'NONE',  ( 6.191799725105596508, 13.95818809514516801, 1.563359049252662336 ) ) ;
#8285 = CARTESIAN_POINT ( 'NONE',  ( 5.558861877317069933, 16.58388873565663602, -8.229754640811574262 ) ) ;
#8286 = VERTEX_POINT ( 'NONE', #6612 ) ;
#8287 = ORIENTED_EDGE ( 'NONE', *, *, #6990, .T. ) ;
#8288 = CARTESIAN_POINT ( 'NONE',  ( 8.149615405449139871, 21.62402128982998306, -4.763668883591779313 ) ) ;
#8289 = DIRECTION ( 'NONE',  ( 0.4999999999999999445, 0.0000000000000000000, -0.8660254037844387076 ) ) ;
#8290 = MECHANICAL_DESIGN_GEOMETRIC_PRESENTATION_REPRESENTATION (  '', ( #6927 ), #7440 ) ;
#8291 = DIRECTION ( 'NONE',  ( 0.0000000000000000000, 0.0000000000000000000, -1.000000000000000000 ) ) ;
#8292 = CARTESIAN_POINT ( 'NONE',  ( 6.904877320405770291, 13.97972206898996639, 6.452355715851498807 ) ) ;
#8293 = EDGE_CURVE ( 'NONE', #4151, #9130, #4933, .T. ) ;
#8294 = CARTESIAN_POINT ( 'NONE',  ( 6.191799725105607166, 11.24985476181183230, 6.056640950747335772 ) ) ;
#8295 = ORIENTED_EDGE ( 'NONE', *, *, #3934, .T. ) ;
#8296 = ORIENTED_EDGE ( 'NONE', *, *, #10422, .T. ) ;
#8297 = CARTESIAN_POINT ( 'NONE',  ( 10.81254805334780400, 21.70000000000000639, -9.184202544787773093 ) ) ;
#8298 = COLOUR_RGB ( '',0.2862745098039215508, 0.6431372549019607199, 0.8666666666666666963 ) ;
#8299 =( LENGTH_UNIT ( ) NAMED_UNIT ( * ) SI_UNIT ( .MILLI., .METRE. ) );
#8300 = CARTESIAN_POINT ( 'NONE',  ( 5.783599450211228898, 13.93735476181183230, -6.226020063032058793 ) ) ;
#8301 = CARTESIAN_POINT ( 'NONE',  ( 4.950000000000000178, 21.39999999999999858, -2.915475947422650371 ) ) ;
#8302 = PRESENTATION_STYLE_ASSIGNMENT (( #2170 ) ) ;
#8303 = FILL_AREA_STYLE_COLOUR ( '', #743 ) ;
#8304 = CARTESIAN_POINT ( 'NONE',  ( 6.191799725105618712, 11.97647827721596592, 1.563359049252671440 ) ) ;
#8305 = CARTESIAN_POINT ( 'NONE',  ( 8.250000000000000000, 17.19999999999999929, -10.53547594742267357 ) ) ;
#8306 = DIRECTION ( 'NONE',  ( -8.185976218434330542E-17, 1.000000000000000000, 0.0000000000000000000 ) ) ;
#8307 = DIRECTION ( 'NONE',  ( 0.0000000000000000000, -0.0000000000000000000, 1.000000000000000000 ) ) ;
#8308 = CARTESIAN_POINT ( 'NONE',  ( 7.000000000000000888, 18.75000000000000000, 2.115099840886189408 ) ) ;
#8309 = CARTESIAN_POINT ( 'NONE',  ( 6.190713557995390026, 16.95818809514510050, 9.183359049252670658 ) ) ;
#8310 = ORIENTED_EDGE ( 'NONE', *, *, #2548, .F. ) ;
#8311 = CARTESIAN_POINT ( 'NONE',  ( 5.036640950747325540, 11.85147827721596769, -8.028200274894366828 ) ) ;
#8312 = CARTESIAN_POINT ( 'NONE',  ( 6.600000000000000533, 17.25000000000000000, -9.969999999999998863 ) ) ;
#8313 = VERTEX_POINT ( 'NONE', #9950 ) ;
#8314 = CARTESIAN_POINT ( 'NONE',  ( 8.133346996041341370, 21.63902551623844417, 10.46666701853837544 ) ) ;
#8315 = CARTESIAN_POINT ( 'NONE',  ( 4.949999999999999289, 17.19999999999999929, 2.915475947422649927 ) ) ;
#8316 = AXIS2_PLACEMENT_3D ( 'NONE', #6294, #6139, #9374 ) ;
#8317 = CARTESIAN_POINT ( 'NONE',  ( 5.036640950747337087, 16.39314494388262844, 0.4082002748943980852 ) ) ;
#8318 = EDGE_CURVE ( 'NONE', #1821, #7766, #9795, .T. ) ;
#8319 = CARTESIAN_POINT ( 'NONE',  ( 7.008200274894411663, 12.22647827721596947, 6.056640950747344654 ) ) ;
#8320 = UNCERTAINTY_MEASURE_WITH_UNIT (LENGTH_MEASURE( 1.000000000000000082E-05 ), #3821, 'distance_accuracy_value', 'NONE');
#8321 = DIRECTION ( 'NONE',  ( -1.376764663473659915E-16, 1.000000000000000000, 0.0000000000000000000 ) ) ;
#8322 = CARTESIAN_POINT ( 'NONE',  ( 6.599999999999996980, 16.94999999999999929, 5.394264068711929205 ) ) ;
#8323 = ORIENTED_EDGE ( 'NONE', *, *, #10360, .T. ) ;
#8324 = SURFACE_SIDE_STYLE ('',( #4246 ) ) ;
#8325 = ORIENTED_EDGE ( 'NONE', *, *, #2216, .T. ) ;
#8326 = CARTESIAN_POINT ( 'NONE',  ( 7.993979936967939182, 11.56235476181183586, -6.803599450211232025 ) ) ;
#8327 = DIRECTION ( 'NONE',  ( -8.185976218434330542E-17, 1.000000000000000000, 0.0000000000000000000 ) ) ;
#8328 = FACE_OUTER_BOUND ( 'NONE', #8236, .T. ) ;
#8329 = DIRECTION ( 'NONE',  ( -8.185976218434330542E-17, 1.000000000000000000, 0.0000000000000000000 ) ) ;
#8331 = ORIENTED_EDGE ( 'NONE', *, *, #787, .F. ) ;
#8330 = CARTESIAN_POINT ( 'NONE',  ( 7.416400549788823682, 12.68735476181182875, -1.393979936967915778 ) ) ;
#8332 = CARTESIAN_POINT ( 'NONE',  ( 5.558861877317069933, 16.66722206898996816, -7.010245359188428615 ) ) ;
#8333 = VERTEX_POINT ( 'NONE', #9899 ) ;
#8334 = EDGE_LOOP ( 'NONE', ( #7882, #9158, #7957, #362, #1227 ) ) ;
#8335 = EDGE_CURVE ( 'NONE', #9443, #4069, #6668, .T. ) ;
#8336 = FACE_OUTER_BOUND ( 'NONE', #6181, .T. ) ;
#8337 = DIRECTION ( 'NONE',  ( 0.4999999999999996669, 0.0000000000000000000, -0.8660254037844388186 ) ) ;
#8338 =( NAMED_UNIT ( * ) PLANE_ANGLE_UNIT ( ) SI_UNIT ( $, .RADIAN. ) );
#8339 = CARTESIAN_POINT ( 'NONE',  ( 5.206020063032071654, 14.39568809514516445, 8.436400549788785952 ) ) ;
#8340 = CARTESIAN_POINT ( 'NONE',  ( 7.500000000000000000, -4.750000000000000000, -7.320000000000000284 ) ) ;
#8341 = CARTESIAN_POINT ( 'NONE',  ( 0.0000000000000000000, 0.9000000000000011324, 3.209999999999999964 ) ) ;
#8342 = ORIENTED_EDGE ( 'NONE', *, *, #1420, .F. ) ;
#8343 = EDGE_CURVE ( 'NONE', #2698, #9952, #3383, .T. ) ;
#8344 = DIRECTION ( 'NONE',  ( 0.0000000000000000000, 1.000000000000000000, 0.0000000000000000000 ) ) ;
#8345 = CARTESIAN_POINT ( 'NONE',  ( 7.641138122682931133, 16.41722206898996816, -0.6097546408115706029 ) ) ;
#8346 = CARTESIAN_POINT ( 'NONE',  ( 5.558861877317071709, 14.16722206898996284, -7.010245359188435721 ) ) ;
#8347 = LINE ( 'NONE', #1017, #7268 ) ;
#8348 = DIRECTION ( 'NONE',  ( 0.0000000000000000000, -0.0000000000000000000, 1.000000000000000000 ) ) ;
#8349 = EDGE_CURVE ( 'NONE', #4699, #5234, #8146, .T. ) ;
#8350 = CARTESIAN_POINT ( 'NONE',  ( 8.163359049252656874, 12.62485476181183408, -0.4082002748944163484 ) ) ;
#8351 = FACE_OUTER_BOUND ( 'NONE', #4839, .T. ) ;
#8352 = DIRECTION ( 'NONE',  ( 0.0000000000000000000, 0.0000000000000000000, 1.000000000000000000 ) ) ;
#8353 = FILL_AREA_STYLE_COLOUR ( '', #9469 ) ;
#8354 = CARTESIAN_POINT ( 'NONE',  ( 5.783599450211192483, 15.93735476181183053, 9.013979936967922768 ) ) ;
#8355 = ORIENTED_EDGE ( 'NONE', *, *, #6028, .T. ) ;
#8356 = CARTESIAN_POINT ( 'NONE',  ( 5.206020063032066325, 14.33064494388263022, -8.436400549788778847 ) ) ;
#8357 = CARTESIAN_POINT ( 'NONE',  ( 8.299999999999998934, 0.5999999999999915401, -8.119999999999999218 ) ) ;
#8358 = CARTESIAN_POINT ( 'NONE',  ( 12.59999999999999964, 0.8999999999999886979, 10.83000000000000007 ) ) ;
#8359 = CARTESIAN_POINT ( 'NONE',  ( 7.989051101519080156, 21.69999999999999929, 4.708658498943905535 ) ) ;
#8360 = CARTESIAN_POINT ( 'NONE',  ( 6.191799725105629371, 14.95818809514516801, 1.563359049252674327 ) ) ;
#8361 = CARTESIAN_POINT ( 'NONE',  ( 5.783599450211176496, 12.77068809514516623, 6.226020063032088991 ) ) ;
#8362 = PRESENTATION_STYLE_ASSIGNMENT (( #1850 ) ) ;
#8363 = EDGE_CURVE ( 'NONE', #7775, #9173, #2434, .T. ) ;
#8364 = CARTESIAN_POINT ( 'NONE',  ( 6.599999999999999645, 17.94999999998481144, -7.620000000000000107 ) ) ;
#8365 = EDGE_LOOP ( 'NONE', ( #10300, #3623, #9319, #9206 ) ) ;
#8366 = AXIS2_PLACEMENT_3D ( 'NONE', #3329, #9622, #8216 ) ;
#8367 = PRESENTATION_STYLE_ASSIGNMENT (( #7514 ) ) ;
#8368 = ORIENTED_EDGE ( 'NONE', *, *, #3609, .F. ) ;
#8369 = DIRECTION ( 'NONE',  ( 0.0000000000000000000, -0.7071067811865444641, 0.7071067811865505703 ) ) ;
#8370 = CIRCLE ( 'NONE', #7518, 0.5000000000000004441 ) ;
#8371 = CARTESIAN_POINT ( 'NONE',  ( 7.767644284148503608, 10.85472206898992198, -7.315122679594217914 ) ) ;
#8372 = LINE ( 'NONE', #4339, #2825 ) ;
#8373 = PRESENTATION_STYLE_ASSIGNMENT (( #5059 ) ) ;
#8374 = DIRECTION ( 'NONE',  ( -1.000000000000000000, 0.0000000000000000000, 0.0000000000000000000 ) ) ;
#8375 = CARTESIAN_POINT ( 'NONE',  ( 6.999999999998145483, 18.68136878987107252, -5.407663550442103784 ) ) ;
#8377 = VERTEX_POINT ( 'NONE', #157 ) ;
#8376 = CARTESIAN_POINT ( 'NONE',  ( 7.767644284148499167, 12.35472206898996461, 0.3048773204057721453 ) ) ;
#8378 = ORIENTED_EDGE ( 'NONE', *, *, #9060, .T. ) ;
#8379 = CARTESIAN_POINT ( 'NONE',  ( 7.993979936967916089, 16.14568809514516801, -8.436400549788817926 ) ) ;
#8380 = SURFACE_STYLE_FILL_AREA ( #9284 ) ;
#8381 = PRESENTATION_STYLE_ASSIGNMENT (( #189 ) ) ;
#8382 = CARTESIAN_POINT ( 'NONE',  ( 5.783599450211183601, 13.95564494388262844, 9.013979936967919215 ) ) ;
#8383 = LINE ( 'NONE', #10090, #7238 ) ;
#8384 = CARTESIAN_POINT ( 'NONE',  ( 5.990245359188431706, 14.04222206898996639, 6.578861877317070395 ) ) ;
#8385 = DIRECTION ( 'NONE',  ( 1.000000000000000000, 0.0000000000000000000, 0.0000000000000000000 ) ) ;
#8386 = CARTESIAN_POINT ( 'NONE',  ( 7.418515449132929263, 10.81238888280939747, 8.452316520117337362 ) ) ;
#8387 = EDGE_CURVE ( 'NONE', #3774, #449, #5657, .T. ) ;
#8388 = VERTEX_POINT ( 'NONE', #931 ) ;
#8389 = CARTESIAN_POINT ( 'NONE',  ( 6.295122679594222781, 16.02138873565662891, -1.167644284148502187 ) ) ;
#8390 = CARTESIAN_POINT ( 'NONE',  ( 5.990245359188411278, 14.20888873565663069, -6.578861877317077500 ) ) ;
#8391 = LINE ( 'NONE', #7599, #2926 ) ;
#8392 = DIRECTION ( 'NONE',  ( 1.000000000000000000, -0.0000000000000000000, 0.0000000000000000000 ) ) ;
#8393 = CARTESIAN_POINT ( 'NONE',  ( 8.163359049252656874, 12.14314494388263554, -0.4082002748944163484 ) ) ;
#8394 = PRESENTATION_STYLE_ASSIGNMENT (( #113 ) ) ;
#8395 = DIRECTION ( 'NONE',  ( 1.000000000000000000, -0.0000000000000000000, 0.0000000000000000000 ) ) ;
#8396 = CARTESIAN_POINT ( 'NONE',  ( 7.949999999999998401, 21.69999999999999929, 4.885041133764532084 ) ) ;
#8397 = DIRECTION ( 'NONE',  ( -0.0000000000000000000, -0.0000000000000000000, -1.000000000000000000 ) ) ;
#8398 = ADVANCED_FACE ( 'NONE', ( #8252 ), #2663, .F. ) ;
#8399 = CARTESIAN_POINT ( 'NONE',  ( 6.600000000000000533, 17.25698273513599901, 2.349999999999999645 ) ) ;
#8400 = CARTESIAN_POINT ( 'NONE',  ( 6.200000000000000178, 18.75000000000000000, -2.115099840886190297 ) ) ;
#8401 = EDGE_CURVE ( 'NONE', #2202, #5777, #6239, .T. ) ;
#8402 = CARTESIAN_POINT ( 'NONE',  ( 7.993979936967924971, 16.56235476181183230, 8.436400549788793057 ) ) ;
#8403 = VERTEX_POINT ( 'NONE', #7332 ) ;
#8404 = EDGE_CURVE ( 'NONE', #469, #9173, #3768, .T. ) ;
#8405 = CARTESIAN_POINT ( 'NONE',  ( 6.191799725105629371, 14.95818809514516801, -6.056640950747325114 ) ) ;
#8406 = AXIS2_PLACEMENT_3D ( 'NONE', #10263, #534, #5331 ) ;
#8407 = CARTESIAN_POINT ( 'NONE',  ( 7.500000000000000000, 1.349999999999990097, 6.370000000000000107 ) ) ;
#8408 = CARTESIAN_POINT ( 'NONE',  ( 8.042561105189658832, 21.57573593128806877, 4.596505753636366265 ) ) ;
#8409 = CARTESIAN_POINT ( 'NONE',  ( 7.641138122682920475, 15.91722206898996461, -8.229754640811588473 ) ) ;
#8410 = ORIENTED_EDGE ( 'NONE', *, *, #10575, .F. ) ;
#8411 = CARTESIAN_POINT ( 'NONE',  ( 5.783599450211192483, 15.93735476181183053, 1.393979936967921107 ) ) ;
#8412 = AXIS2_PLACEMENT_3D ( 'NONE', #1181, #4470, #7699 ) ;
#8413 = CARTESIAN_POINT ( 'NONE',  ( 8.163359049252667532, 11.64314494388263199, 7.211799725105607628 ) ) ;
#8414 = ADVANCED_FACE ( 'NONE', ( #5179 ), #4321, .F. ) ;
#8415 = CIRCLE ( 'NONE', #8583, 2.252347247925001739 ) ;
#8416 = EDGE_CURVE ( 'NONE', #6510, #6817, #2708, .T. ) ;
#8417 = CARTESIAN_POINT ( 'NONE',  ( 11.29951261211627589, 17.26396121657888827, -5.270243693941861984 ) ) ;
#8418 = CARTESIAN_POINT ( 'NONE',  ( 6.042671120528351203, 16.94999999999997797, 9.078800176420509516 ) ) ;
#8419 =( GEOMETRIC_REPRESENTATION_CONTEXT ( 3 ) GLOBAL_UNCERTAINTY_ASSIGNED_CONTEXT ( ( #6972 ) ) GLOBAL_UNIT_ASSIGNED_CONTEXT ( ( #10523, #9883, #5687 ) ) REPRESENTATION_CONTEXT ( 'NONE', 'WORKASPACE' ) );
#8420 =( GEOMETRIC_REPRESENTATION_CONTEXT ( 3 ) GLOBAL_UNCERTAINTY_ASSIGNED_CONTEXT ( ( #6863 ) ) GLOBAL_UNIT_ASSIGNED_CONTEXT ( ( #9391, #5424, #4574 ) ) REPRESENTATION_CONTEXT ( 'NONE', 'WORKASPACE' ) );
#8421 = DIRECTION ( 'NONE',  ( 0.0000000000000000000, 0.0000000000000000000, -1.000000000000000000 ) ) ;
#8422 = ORIENTED_EDGE ( 'NONE', *, *, #9486, .T. ) ;
#8423 = CYLINDRICAL_SURFACE ( 'NONE', #3109, 3.349999999999999645 ) ;
#8424 = CARTESIAN_POINT ( 'NONE',  ( 5.432355715851491240, 11.14638873565663069, -7.315122679594226796 ) ) ;
#8425 = MECHANICAL_DESIGN_GEOMETRIC_PRESENTATION_REPRESENTATION (  '', ( #2287 ), #2640 ) ;
#8426 =( LENGTH_UNIT ( ) NAMED_UNIT ( * ) SI_UNIT ( .MILLI., .METRE. ) );
#8427 = CARTESIAN_POINT ( 'NONE',  ( 6.200000000001852918, 18.66595455384022983, -9.835594409388130899 ) ) ;
#8428 = DIRECTION ( 'NONE',  ( 0.0000000000000000000, 0.0000000000000000000, 1.000000000000000000 ) ) ;
#8429 = PRESENTATION_LAYER_ASSIGNMENT (  '', '', ( #3702 ) ) ;
#8431 = VERTEX_POINT ( 'NONE', #281 ) ;
#8430 = CARTESIAN_POINT ( 'NONE',  ( 6.295122679594225445, 13.22972206898996816, 1.167644284148505074 ) ) ;
#8432 = CARTESIAN_POINT ( 'NONE',  ( 5.783599450211211135, 16.43735476181182875, -6.226020063032068563 ) ) ;
#8433 = EDGE_LOOP ( 'NONE', ( #3138, #9353, #5309, #2907, #1830 ) ) ;
#8434 = CARTESIAN_POINT ( 'NONE',  ( 8.163359049252660427, 15.64314494388263910, -8.028200274894407684 ) ) ;
#8435 = DIRECTION ( 'NONE',  ( 0.0000000000000000000, 1.000000000000000000, 0.0000000000000000000 ) ) ;
#8436 = EDGE_CURVE ( 'NONE', #10401, #90, #4426, .T. ) ;
#8437 = CARTESIAN_POINT ( 'NONE',  ( 7.008200274894410775, 14.51814494388263377, 9.183359049252658224 ) ) ;
#8438 = CARTESIAN_POINT ( 'NONE',  ( 7.767644284148491174, 12.85472206898996284, 7.924877320405789405 ) ) ;
#8439 = PRESENTATION_LAYER_ASSIGNMENT (  '', '', ( #6423 ) ) ;
#8440 = DIRECTION ( 'NONE',  ( 0.0000000000000000000, -0.9805806756909201116, -0.1961161351381840168 ) ) ;
#8441 = AXIS2_PLACEMENT_3D ( 'NONE', #7585, #5118, #7529 ) ;
#8442 = FACE_OUTER_BOUND ( 'NONE', #9705, .T. ) ;
#8443 = VERTEX_POINT ( 'NONE', #211 ) ;
#8444 = CARTESIAN_POINT ( 'NONE',  ( 2.225173207194294900, 21.57573593128807232, 1.624459855567439215 ) ) ;
#8445 = CARTESIAN_POINT ( 'NONE',  ( 6.599999999999999645, 16.94999999999999929, -5.569999999999995843 ) ) ;
#8446 = ORIENTED_EDGE ( 'NONE', *, *, #2272, .F. ) ;
#8447 = CARTESIAN_POINT ( 'NONE',  ( 7.767644284148495615, 15.89638873565663779, -0.3048773204057945718 ) ) ;
#8448 = CARTESIAN_POINT ( 'NONE',  ( 7.209754640811566695, 13.45888873565663602, -8.661138122682935148 ) ) ;
#8449 = CARTESIAN_POINT ( 'NONE',  ( 11.29999999999999716, 17.25000000000000355, 2.349999999999999645 ) ) ;
#8450 = CARTESIAN_POINT ( 'NONE',  ( 8.163359049252658650, 14.58318809514516445, -7.211799725105596082 ) ) ;
#8451 = MECHANICAL_DESIGN_GEOMETRIC_PRESENTATION_REPRESENTATION (  '', ( #6247 ), #1449 ) ;
#8452 = STYLED_ITEM ( 'NONE', ( #2396 ), #7832 ) ;
#8453 = CARTESIAN_POINT ( 'NONE',  ( 5.036640950747325540, 12.33318809514516801, -0.4082002748943696080 ) ) ;
#8454 = PLANE ( 'NONE',  #4047 ) ;
#8455 = CARTESIAN_POINT ( 'NONE',  ( 8.142932467950794617, 21.62976032602423970, 4.767667176454172484 ) ) ;
#8456 = PRESENTATION_STYLE_ASSIGNMENT (( #5924 ) ) ;
#8457 = DIRECTION ( 'NONE',  ( 0.0000000000000000000, 0.0000000000000000000, 1.000000000000000000 ) ) ;
#8458 = MECHANICAL_DESIGN_GEOMETRIC_PRESENTATION_REPRESENTATION (  '', ( #2505 ), #6088 ) ;
#8459 = CARTESIAN_POINT ( 'NONE',  ( 7.993979936967924971, 16.08064494388263199, 8.436400549788793057 ) ) ;
#8460 = VERTEX_POINT ( 'NONE', #6761 ) ;
#8461 = CARTESIAN_POINT ( 'NONE',  ( 5.036640950747324652, 14.87485476181182875, -7.211799725105628056 ) ) ;
#8462 = CARTESIAN_POINT ( 'NONE',  ( 6.999999999999597655, 18.74040530735749499, 2.160094811668199277 ) ) ;
#8463 = DIRECTION ( 'NONE',  ( 8.542704229416956375E-18, -0.9975640502596174741, 0.06975647374708136839 ) ) ;
#8464 = CARTESIAN_POINT ( 'NONE',  ( 9.099999999999999645, 21.69999999999999929, 7.620000000000000107 ) ) ;
#8465 = VERTEX_POINT ( 'NONE', #5286 ) ;
#8466 = CARTESIAN_POINT ( 'NONE',  ( 7.416400549788779273, 15.68735476181183586, -1.393979936967932209 ) ) ;
#8467 = EDGE_CURVE ( 'NONE', #2180, #8465, #7262, .T. ) ;
#8468 = AXIS2_PLACEMENT_3D ( 'NONE', #5607, #9576, #3198 ) ;
#8469 = CARTESIAN_POINT ( 'NONE',  ( 7.416400549788779273, 12.03897827721596414, 9.013979936967931650 ) ) ;
#8470 = DIRECTION ( 'NONE',  ( -0.0000000000000000000, 0.0000000000000000000, 1.000000000000000000 ) ) ;
#8471 = FACE_OUTER_BOUND ( 'NONE', #1721, .T. ) ;
#8472 = AXIS2_PLACEMENT_3D ( 'NONE', #1426, #5962, #9194 ) ;
#8473 = DIRECTION ( 'NONE',  ( 0.4823445772640533868, 0.4938289719608137673, 0.7235168658960808852 ) ) ;
#8474 = ADVANCED_FACE ( 'NONE', ( #2761 ), #1139, .F. ) ;
#8475 = DIRECTION ( 'NONE',  ( 0.4999999999999987232, 0.0000000000000000000, -0.8660254037844392627 ) ) ;
#8476 = ORIENTED_EDGE ( 'NONE', *, *, #7673, .F. ) ;
#8477 = SURFACE_SIDE_STYLE ('',( #3549 ) ) ;
#8478 = ORIENTED_EDGE ( 'NONE', *, *, #8293, .T. ) ;
#8479 = EDGE_CURVE ( 'NONE', #892, #1026, #5968, .T. ) ;
#8480 = CARTESIAN_POINT ( 'NONE',  ( 5.432355715851502787, 11.10472206898996461, -7.924877320405792069 ) ) ;
#8481 = FACE_OUTER_BOUND ( 'NONE', #10166, .T. ) ;
#8482 = CIRCLE ( 'NONE', #4593, 0.2999999999999999334 ) ;
#8483 = SURFACE_STYLE_USAGE ( .BOTH. , #2622 ) ;
#8484 = SURFACE_SIDE_STYLE ('',( #1043 ) ) ;
#8486 = VERTEX_POINT ( 'NONE', #1885 ) ;
#8485 = CARTESIAN_POINT ( 'NONE',  ( 8.163359049252672861, 13.12485476181183230, -0.4082002748943777126 ) ) ;
#8487 = CARTESIAN_POINT ( 'NONE',  ( 7.993979936967924971, 16.56235476181183230, -6.803599450211207156 ) ) ;
#8488 = VERTEX_POINT ( 'NONE', #8400 ) ;
#8489 = CARTESIAN_POINT ( 'NONE',  ( 5.783599450211192483, 15.93735476181183053, -6.226020063032080110 ) ) ;
#8490 = FACE_OUTER_BOUND ( 'NONE', #5615, .T. ) ;
#8491 = CARTESIAN_POINT ( 'NONE',  ( 7.993979936967932076, 14.08064494388263377, 8.436400549788777070 ) ) ;
#8492 = LINE ( 'NONE', #4453, #5738 ) ;
#8493 = CARTESIAN_POINT ( 'NONE',  ( 5.558861877317066380, 13.58388873565663246, 7.010245359188440162 ) ) ;
#8494 = FILL_AREA_STYLE_COLOUR ( '', #8064 ) ;
#8495 = ORIENTED_EDGE ( 'NONE', *, *, #5632, .T. ) ;
#8496 = LINE ( 'NONE', #4461, #9055 ) ;
#8497 = EDGE_CURVE ( 'NONE', #8488, #4159, #4928, .T. ) ;
#8499 = VERTEX_POINT ( 'NONE', #1627 ) ;
#8498 = CARTESIAN_POINT ( 'NONE',  ( 7.416400549788779273, 16.02068809514516445, 1.393979936967931987 ) ) ;
#8500 = CARTESIAN_POINT ( 'NONE',  ( 7.008200274894363702, 13.20818809514516623, -9.183359049252674211 ) ) ;
#8501 = DIRECTION ( 'NONE',  ( 0.0000000000000000000, -0.7071067811865470176, 0.7071067811865481278 ) ) ;
#8502 = CARTESIAN_POINT ( 'NONE',  ( 5.783599450211176496, 12.28897827721596592, -1.393979936967909339 ) ) ;
#8503 = LINE ( 'NONE', #4638, #1274 ) ;
#8504 = DIRECTION ( 'NONE',  ( -0.0000000000000000000, -1.000000000000000000, 1.215927670077199944E-16 ) ) ;
#8505 = CARTESIAN_POINT ( 'NONE',  ( 8.163359049252660427, 16.08318809514516090, 8.028200274894409461 ) ) ;
#8506 = CARTESIAN_POINT ( 'NONE',  ( 6.191799725105617824, 15.95818809514516801, 9.183359049252670658 ) ) ;
#8507 = ORIENTED_EDGE ( 'NONE', *, *, #6775, .T. ) ;
#8508 = CARTESIAN_POINT ( 'NONE',  ( 7.993979936967921418, 14.58064494388262844, -6.803599450211195609 ) ) ;
#8509 = CARTESIAN_POINT ( 'NONE',  ( 6.999999999998062883, 18.71144759946975000, 2.196171768694658244 ) ) ;
#8510 = EDGE_LOOP ( 'NONE', ( #215, #2515, #3848, #9779 ) ) ;
#8511 = CARTESIAN_POINT ( 'NONE',  ( 5.206020063032084089, 14.83064494388263022, -0.8164005497888203733 ) ) ;
#8512 = CARTESIAN_POINT ( 'NONE',  ( 7.008200274894383242, 11.99985476181183230, 9.183359049252670658 ) ) ;
#8513 = B_SPLINE_CURVE_WITH_KNOTS ( 'NONE', 3,
 ( #8759, #465, #7969, #5364 ),
 .UNSPECIFIED., .F., .F.,
 ( 4, 4 ),
 ( 6.629455195710553372E-15, 0.0007087569161287360798 ),
 .UNSPECIFIED. ) ;
#8514 = CARTESIAN_POINT ( 'NONE',  ( 8.085408007815971132, 21.66820522890448686, 2.818212787628314064 ) ) ;
#8515 = CARTESIAN_POINT ( 'NONE',  ( 4.340560547778775202, 21.69999999999999574, -2.068417277702494506 ) ) ;
#8516 = EDGE_CURVE ( 'NONE', #503, #4393, #9591, .T. ) ;
#8517 = ORIENTED_EDGE ( 'NONE', *, *, #7130, .F. ) ;
#8518 = CARTESIAN_POINT ( 'NONE',  ( 6.599999999999999645, 18.65697564738866276, 0.0000000000000000000 ) ) ;
#8519 = PRODUCT_CONTEXT ( 'NONE', #1269, 'mechanical' ) ;
#8520 = ORIENTED_EDGE ( 'NONE', *, *, #3534, .T. ) ;
#8521 =( NAMED_UNIT ( * ) SI_UNIT ( $, .STERADIAN. ) SOLID_ANGLE_UNIT ( ) );
#8522 = ORIENTED_EDGE ( 'NONE', *, *, #1217, .T. ) ;
#8523 = CARTESIAN_POINT ( 'NONE',  ( 6.904877320405779173, 11.27138873565663246, -6.452355715851489926 ) ) ;
#8524 = CARTESIAN_POINT ( 'NONE',  ( 10.73204283310239937, 8.199999999999999289, 10.81000000000000050 ) ) ;
#8525 = ADVANCED_FACE ( 'NONE', ( #5553 ), #8037, .T. ) ;
#8526 = LINE ( 'NONE', #4445, #4876 ) ;
#8527 = ADVANCED_FACE ( 'NONE', ( #8786 ), #8936, .T. ) ;
#8528 = EDGE_CURVE ( 'NONE', #3616, #6251, #814, .T. ) ;
#8529 = CARTESIAN_POINT ( 'NONE',  ( 6.999999999999597655, 18.74802143783840336, -5.481677929696323837 ) ) ;
#8531 = ORIENTED_EDGE ( 'NONE', *, *, #1757, .F. ) ;
#8530 = CARTESIAN_POINT ( 'NONE',  ( 8.163359049252667532, 12.58318809514516623, 0.4082002748943769355 ) ) ;
#8532 = CARTESIAN_POINT ( 'NONE',  ( 7.641138122682931133, 16.41722206898996816, -8.229754640811574262 ) ) ;
#8533 = ORIENTED_EDGE ( 'NONE', *, *, #9713, .F. ) ;
#8534 = VERTEX_POINT ( 'NONE', #4115 ) ;
#8535 = CARTESIAN_POINT ( 'NONE',  ( 5.206020063032069878, 15.91397827721596059, -6.803599450211208932 ) ) ;
#8536 = VECTOR ( 'NONE', #855, 1000.000000000000000 ) ;
#8537 = FILL_AREA_STYLE_COLOUR ( '', #1587 ) ;
#8538 = FILL_AREA_STYLE_COLOUR ( '', #3189 ) ;
#8539 = CARTESIAN_POINT ( 'NONE',  ( 8.163359049252656874, 14.12485476181183408, 7.211799725105583647 ) ) ;
#8540 = SURFACE_SIDE_STYLE ('',( #633 ) ) ;
#8541 = CARTESIAN_POINT ( 'NONE',  ( 7.641138122682934686, 12.91722206898996994, 7.010245359188441938 ) ) ;
#8542 = EDGE_CURVE ( 'NONE', #4015, #1841, #1, .T. ) ;
#8543 = DIRECTION ( 'NONE',  ( 0.0000000000000000000, 0.0000000000000000000, 1.000000000000000000 ) ) ;
#8544 = LINE ( 'NONE', #7486, #5723 ) ;
#8545 = ORIENTED_EDGE ( 'NONE', *, *, #2756, .F. ) ;
#8546 = ORIENTED_EDGE ( 'NONE', *, *, #2895, .F. ) ;
#8548 = MECHANICAL_DESIGN_GEOMETRIC_PRESENTATION_REPRESENTATION (  '', ( #6336 ), #5170 ) ;
#8547 = ORIENTED_CLOSED_SHELL ( 'NONE', *, #4490, .F. );
#8549 =( NAMED_UNIT ( * ) SI_UNIT ( $, .STERADIAN. ) SOLID_ANGLE_UNIT ( ) );
#8551 = VERTEX_POINT ( 'NONE', #8087 ) ;
#8550 = CARTESIAN_POINT ( 'NONE',  ( 7.008200274894395676, 16.49985476181183230, 1.563359049252663446 ) ) ;
#8552 = CARTESIAN_POINT ( 'NONE',  ( 7.416400549788823682, 12.68735476181182875, -9.013979936967915663 ) ) ;
#8553 = DIRECTION ( 'NONE',  ( -1.376764663473659915E-16, 1.000000000000000000, 0.0000000000000000000 ) ) ;
#8554 = CARTESIAN_POINT ( 'NONE',  ( 5.206020063032072542, 10.91397827721596414, 0.8164005497888000562 ) ) ;
#8555 = CARTESIAN_POINT ( 'NONE',  ( 12.59999999999999964, 2.602085213965210642E-15, -4.410000000000001030 ) ) ;
#8556 = DIRECTION ( 'NONE',  ( -0.0000000000000000000, 0.0000000000000000000, -1.000000000000000000 ) ) ;
#8557 = CARTESIAN_POINT ( 'NONE',  ( 5.783599450211211135, 16.43735476181182875, 9.013979936967926321 ) ) ;
#8558 = ADVANCED_FACE ( 'NONE', ( #4061 ), #8989, .T. ) ;
#8559 = DIRECTION ( 'NONE',  ( -0.5000000000000048850, -0.0000000000000000000, -0.8660254037844358210 ) ) ;
#8560 = DIRECTION ( 'NONE',  ( -0.0000000000000000000, -1.000000000000000000, -0.0000000000000000000 ) ) ;
#8561 = CARTESIAN_POINT ( 'NONE',  ( 5.036640950747335310, 16.35147827721596769, 7.211799725105605852 ) ) ;
#8562 = VERTEX_POINT ( 'NONE', #4317 ) ;
#8563 = EDGE_LOOP ( 'NONE', ( #4307, #7201, #459, #3713, #2051, #9936, #5659, #10170 ) ) ;
#8564 = CARTESIAN_POINT ( 'NONE',  ( 6.191799725105615160, 14.26814494388263022, -9.183359049252667106 ) ) ;
#8565 = FACE_OUTER_BOUND ( 'NONE', #4148, .T. ) ;
#8566 = FACE_OUTER_BOUND ( 'NONE', #1562, .T. ) ;
#8567 = DIRECTION ( 'NONE',  ( -1.000000000000000000, 0.0000000000000000000, -0.0000000000000000000 ) ) ;
#8568 = PRESENTATION_STYLE_ASSIGNMENT (( #3955 ) ) ;
#8569 = CARTESIAN_POINT ( 'NONE',  ( 7.008200274894410775, 14.51814494388263377, 1.563359049252657007 ) ) ;
#8570 = AXIS2_PLACEMENT_3D ( 'NONE', #10558, #23, #3278 ) ;
#8571 = CARTESIAN_POINT ( 'NONE',  ( 6.191799725105592955, 11.74985476181183408, 6.056640950747336660 ) ) ;
#8572 = CARTESIAN_POINT ( 'NONE',  ( 6.599999999999999645, 16.94999999999999929, 208.7460000000000093 ) ) ;
#8573 = VERTEX_POINT ( 'NONE', #3416 ) ;
#8574 = VECTOR ( 'NONE', #6964, 1000.000000000000114 ) ;
#8575 = CARTESIAN_POINT ( 'NONE',  ( 3.745223323373332303, 21.69999999999999929, -1.110476818936116716 ) ) ;
#8576 = ORIENTED_EDGE ( 'NONE', *, *, #2405, .T. ) ;
#8577 = CARTESIAN_POINT ( 'NONE',  ( 6.200000000000000178, 18.75000000000000000, -9.735099840886190847 ) ) ;
#8578 = MECHANICAL_DESIGN_GEOMETRIC_PRESENTATION_REPRESENTATION (  '', ( #7909 ), #389 ) ;
#8579 =( NAMED_UNIT ( * ) SI_UNIT ( $, .STERADIAN. ) SOLID_ANGLE_UNIT ( ) );
#8580 = EDGE_LOOP ( 'NONE', ( #9632, #486, #7516, #514 ) ) ;
#8581 = AXIS2_PLACEMENT_3D ( 'NONE', #9848, #4226, #6011 ) ;
#8582 = CARTESIAN_POINT ( 'NONE',  ( 26.05000000000000071, -3.750000000000010214, 7.120000000000000107 ) ) ;
#8583 = AXIS2_PLACEMENT_3D ( 'NONE', #10295, #7793, #7041 ) ;
#8584 = AXIS2_PLACEMENT_3D ( 'NONE', #691, #8869, #4104 ) ;
#8585 = FILL_AREA_STYLE ('',( #6036 ) ) ;
#8586 = CARTESIAN_POINT ( 'NONE',  ( 8.299999999999998934, -4.750000000000000000, -7.120000000000000107 ) ) ;
#8587 = COLOUR_RGB ( '',0.2862745098039215508, 0.6431372549019607199, 0.8666666666666666963 ) ;
#8588 = VECTOR ( 'NONE', #358, 1000.000000000000000 ) ;
#8589 = CARTESIAN_POINT ( 'NONE',  ( 4.950000000000001066, 17.19999999999999929, -4.704524052577349735 ) ) ;
#8591 = ORIENTED_EDGE ( 'NONE', *, *, #3779, .T. ) ;
#8590 = CARTESIAN_POINT ( 'NONE',  ( 8.163359049252667532, 12.12485476181183408, -0.4082002748943939219 ) ) ;
#8592 = CARTESIAN_POINT ( 'NONE',  ( 7.416400549788780161, 16.18735476181183586, -9.013979936967933426 ) ) ;
#8593 = MECHANICAL_DESIGN_GEOMETRIC_PRESENTATION_REPRESENTATION (  '', ( #7223 ), #732 ) ;
#8594 = ORIENTED_EDGE ( 'NONE', *, *, #2607, .T. ) ;
#8595 = CONICAL_SURFACE ( 'NONE', #9445, 2.500000000046293192, 1.339705659604068844 ) ;
#8596 = CARTESIAN_POINT ( 'NONE',  ( 7.008200274894410775, 15.99985476181183408, -6.056640950747341989 ) ) ;
#8597 = CARTESIAN_POINT ( 'NONE',  ( 2.225173207194289127, 21.57573593128806522, 9.244459855567484396 ) ) ;
#8598 = FACE_OUTER_BOUND ( 'NONE', #6780, .T. ) ;
#8599 = EDGE_CURVE ( 'NONE', #20, #2698, #5737, .T. ) ;
#8600 = FACE_OUTER_BOUND ( 'NONE', #2048, .T. ) ;
#8601 = VECTOR ( 'NONE', #5913, 1000.000000000000000 ) ;
#8602 = CIRCLE ( 'NONE', #9079, 2.252347247922155127 ) ;
#8603 = CARTESIAN_POINT ( 'NONE',  ( 5.558861877317079703, 13.66722206898996639, 8.229754640811583144 ) ) ;
#8604 = DIRECTION ( 'NONE',  ( -8.185976218434330542E-17, 1.000000000000000000, 0.0000000000000000000 ) ) ;
#8605 = LINE ( 'NONE', #7055, #2827 ) ;
#8606 = VERTEX_POINT ( 'NONE', #6758 ) ;
#8607 = PRESENTATION_LAYER_ASSIGNMENT (  '', '', ( #7411 ) ) ;
#8608 = LINE ( 'NONE', #7858, #5238 ) ;
#8609 = AXIS2_PLACEMENT_3D ( 'NONE', #1414, #551, #10390 ) ;
#8611 = ORIENTED_EDGE ( 'NONE', *, *, #2185, .F. ) ;
#8610 = CARTESIAN_POINT ( 'NONE',  ( 6.904877320405768515, 15.47972206898996994, -1.167644284148506628 ) ) ;
#8612 = CARTESIAN_POINT ( 'NONE',  ( 6.904877320405791608, 13.27138873565663424, -6.452355715851505025 ) ) ;
#8613 = EDGE_CURVE ( 'NONE', #4686, #7156, #6811, .T. ) ;
#8614 = CARTESIAN_POINT ( 'NONE',  ( 6.599999999999999645, 17.07426406871192981, 2.349999999999999201 ) ) ;
#8615 = CARTESIAN_POINT ( 'NONE',  ( 7.993979936967932076, 11.16397827721596414, -0.8164005497887827367 ) ) ;
#8616 = DIRECTION ( 'NONE',  ( -0.8320502943378438321, 6.498053988515379772E-16, -0.5547001962252290364 ) ) ;
#8617 = CARTESIAN_POINT ( 'NONE',  ( 6.200000000000000178, 18.75000000000000000, 5.504900159113811142 ) ) ;
#8618 = ADVANCED_FACE ( 'NONE', ( #114 ), #1102, .F. ) ;
#8619 = PRESENTATION_STYLE_ASSIGNMENT (( #2254 ) ) ;
#8620 = CIRCLE ( 'NONE', #8441, 2.349269215077949724 ) ;
#8621 = VECTOR ( 'NONE', #2571, 1000.000000000000000 ) ;
#8622 = CARTESIAN_POINT ( 'NONE',  ( 5.432355715851498346, 16.60472206898996461, 7.315122679594217026 ) ) ;
#8623 = CARTESIAN_POINT ( 'NONE',  ( 5.990245359188441476, 12.70888873565663424, 8.661138122682933371 ) ) ;
#8624 = CARTESIAN_POINT ( 'NONE',  ( 7.993979936967930300, 15.64568809514516801, 6.803599450211216926 ) ) ;
#8625 = ORIENTED_EDGE ( 'NONE', *, *, #1848, .T. ) ;
#8626 = ORIENTED_EDGE ( 'NONE', *, *, #4888, .F. ) ;
#8627 = PLANE ( 'NONE',  #4535 ) ;
#8628 = ORIENTED_EDGE ( 'NONE', *, *, #2034, .F. ) ;
#8629 = STYLED_ITEM ( 'NONE', ( #7243 ), #7794 ) ;
#8630 = CARTESIAN_POINT ( 'NONE',  ( 3.250000000000000000, 17.19999999999999929, 11.42999999999999972 ) ) ;
#8631 = CARTESIAN_POINT ( 'NONE',  ( 7.000000000000000000, 17.94999999999085460, 9.886761713731310408 ) ) ;
#8632 = ORIENTED_EDGE ( 'NONE', *, *, #6676, .T. ) ;
#8633 = CARTESIAN_POINT ( 'NONE',  ( 7.416400549788820129, 14.03897827721596947, 1.393979936967915556 ) ) ;
#8634 = CARTESIAN_POINT ( 'NONE',  ( 7.416400549788795260, 11.52068809514516801, 9.013979936967929874 ) ) ;
#8635 =( GEOMETRIC_REPRESENTATION_CONTEXT ( 3 ) GLOBAL_UNCERTAINTY_ASSIGNED_CONTEXT ( ( #2451 ) ) GLOBAL_UNIT_ASSIGNED_CONTEXT ( ( #8677, #2374, #5650 ) ) REPRESENTATION_CONTEXT ( 'NONE', 'WORKASPACE' ) );
#8636 = CARTESIAN_POINT ( 'NONE',  ( 6.599999999999997868, 17.25000000000000000, 5.270000000000000462 ) ) ;
#8637 = FACE_OUTER_BOUND ( 'NONE', #3659, .T. ) ;
#8638 = CARTESIAN_POINT ( 'NONE',  ( 1.500000000000016209, 4.185714285714306371, -2.599999999999977440 ) ) ;
#8639 = CARTESIAN_POINT ( 'NONE',  ( 4.025000000000000355, -1.040834085586084257E-14, 4.410000000000000142 ) ) ;
#8640 = AXIS2_PLACEMENT_3D ( 'NONE', #4431, #6229, #9482 ) ;
#8641 = DIRECTION ( 'NONE',  ( 1.000000000000000000, 0.0000000000000000000, 0.0000000000000000000 ) ) ;
#8642 = ORIENTED_EDGE ( 'NONE', *, *, #4076, .F. ) ;
#8643 = COLOUR_RGB ( '',0.2862745098039215508, 0.6431372549019607199, 0.8666666666666666963 ) ;
#8644 = DIRECTION ( 'NONE',  ( -1.000000000000000000, 0.0000000000000000000, 0.0000000000000000000 ) ) ;
#8645 = CARTESIAN_POINT ( 'NONE',  ( 1.799999999999999822, 11.00000000000000000, 9.320000000000000284 ) ) ;
#8646 = VECTOR ( 'NONE', #8806, 1000.000000000000000 ) ;
#8647 = CARTESIAN_POINT ( 'NONE',  ( 8.250000000000000000, 0.0000000000000000000, 11.42999999999999972 ) ) ;
#8648 = UNCERTAINTY_MEASURE_WITH_UNIT (LENGTH_MEASURE( 1.000000000000000082E-05 ), #2722, 'distance_accuracy_value', 'NONE');
#8649 = CARTESIAN_POINT ( 'NONE',  ( 1.500000000000021982, -36.96000000000000085, -10.21999999999999531 ) ) ;
#8650 = LINE ( 'NONE', #4623, #10512 ) ;
#8652 = EDGE_LOOP ( 'NONE', ( #7230, #2013, #3409, #1491 ) ) ;
#8651 = CARTESIAN_POINT ( 'NONE',  ( 5.036640950747325540, 12.33318809514516801, -0.4082002748943696080 ) ) ;
#8653 = ORIENTED_EDGE ( 'NONE', *, *, #10294, .F. ) ;
#8654 = ORIENTED_EDGE ( 'NONE', *, *, #635, .F. ) ;
#8655 = AXIS2_PLACEMENT_3D ( 'NONE', #4495, #10346, #7720 ) ;
#8656 = DIRECTION ( 'NONE',  ( 1.376764663473659915E-16, -1.000000000000000000, -0.0000000000000000000 ) ) ;
#8657 = CARTESIAN_POINT ( 'NONE',  ( 7.416400549788778385, 13.18735476181183586, 6.226020063032068563 ) ) ;
#8658 = LINE ( 'NONE', #10092, #4338 ) ;
#8659 =( LENGTH_UNIT ( ) NAMED_UNIT ( * ) SI_UNIT ( .MILLI., .METRE. ) );
#8660 = VERTEX_POINT ( 'NONE', #9895 ) ;
#8661 = FACE_OUTER_BOUND ( 'NONE', #7809, .T. ) ;
#8662 = EDGE_CURVE ( 'NONE', #3072, #8660, #9198, .T. ) ;
#8664 = ORIENTED_EDGE ( 'NONE', *, *, #326, .T. ) ;
#8663 = CARTESIAN_POINT ( 'NONE',  ( 7.767644284148503608, 14.39638873565663069, -0.3048773204057784181 ) ) ;
#8665 = CARTESIAN_POINT ( 'NONE',  ( 5.990245359188441476, 12.70888873565663424, -6.578861877317065066 ) ) ;
#8666 = DIRECTION ( 'NONE',  ( -0.0000000000000000000, 1.000000000000000000, -0.0000000000000000000 ) ) ;
#8667 = CARTESIAN_POINT ( 'NONE',  ( 8.163359049252678190, 11.10147827721596769, 0.4082002748943624471 ) ) ;
#8668 = DIRECTION ( 'NONE',  ( 0.0000000000000000000, 1.000000000000000000, -0.0000000000000000000 ) ) ;
#8669 = FACE_OUTER_BOUND ( 'NONE', #2247, .T. ) ;
#8670 = CARTESIAN_POINT ( 'NONE',  ( 6.904877320405788055, 16.27138873565663957, 8.787644284148502294 ) ) ;
#8671 = CARTESIAN_POINT ( 'NONE',  ( 0.0000000000000000000, -2.602085213965210642E-15, 4.410000000000000142 ) ) ;
#8672 = EDGE_CURVE ( 'NONE', #1247, #8962, #5864, .T. ) ;
#8673 = CARTESIAN_POINT ( 'NONE',  ( 6.191799725105621377, 12.24985476181183230, 6.056640950747329555 ) ) ;
#8674 = CARTESIAN_POINT ( 'NONE',  ( 6.191799725105591179, 15.45818809514516801, 9.183359049252660000 ) ) ;
#8675 = ORIENTED_EDGE ( 'NONE', *, *, #1217, .F. ) ;
#8676 = EDGE_CURVE ( 'NONE', #3043, #8079, #5084, .T. ) ;
#8677 =( LENGTH_UNIT ( ) NAMED_UNIT ( * ) SI_UNIT ( .MILLI., .METRE. ) );
#8678 = CARTESIAN_POINT ( 'NONE',  ( 2.148528137423857398, 16.94999999999999929, -9.845735931288070120 ) ) ;
#8679 = VERTEX_POINT ( 'NONE', #153 ) ;
#8680 = CARTESIAN_POINT ( 'NONE',  ( 5.036640950747340639, 14.83318809514516268, -0.4082002748944119075 ) ) ;
#8681 = CARTESIAN_POINT ( 'NONE',  ( 8.163359049252656874, 15.10147827721596414, -7.211799725105596082 ) ) ;
#8682 = PLANE ( 'NONE',  #9112 ) ;
#8683 = CARTESIAN_POINT ( 'NONE',  ( 7.416400549788805918, 11.20564494388263022, 6.226020063032077445 ) ) ;
#8684 = FACE_OUTER_BOUND ( 'NONE', #9661, .T. ) ;
#8685 = CARTESIAN_POINT ( 'NONE',  ( 6.599999999999999645, 17.07426406871192981, 2.349999999999999201 ) ) ;
#8686 = ORIENTED_EDGE ( 'NONE', *, *, #10232, .T. ) ;
#8687 = B_SPLINE_CURVE_WITH_KNOTS ( 'NONE', 3,
 ( #600, #2262, #2325, #752, #6484, #4763, #7988, #652, #10000, #4110, #924, #4220, #8301 ),
 .UNSPECIFIED., .F., .F.,
 ( 4, 2, 2, 1, 2, 2, 4 ),
 ( 0.0000000000000000000, 0.2500000000000016653, 0.3749999999999998335, 0.4374999999999926725, 0.4687499999999851230, 0.4999999999999775735, 1.000000000000000000 ),
 .UNSPECIFIED. ) ;
#8688 = DIRECTION ( 'NONE',  ( 0.0000000000000000000, -0.7071067811865470176, -0.7071067811865480168 ) ) ;
#8689 = CARTESIAN_POINT ( 'NONE',  ( 5.206020063032087641, 11.89568809514516623, -6.803599450211173405 ) ) ;
#8690 = DIRECTION ( 'NONE',  ( 0.0000000000000000000, 0.0000000000000000000, 1.000000000000000000 ) ) ;
#8691 =( NAMED_UNIT ( * ) PLANE_ANGLE_UNIT ( ) SI_UNIT ( $, .RADIAN. ) );
#8692 = CARTESIAN_POINT ( 'NONE',  ( 9.649944706675364969, 21.69999999999999574, 0.2841521597885883765 ) ) ;
#8693 = ADVANCED_FACE ( 'NONE', ( #4369 ), #3462, .F. ) ;
#8694 = EDGE_CURVE ( 'NONE', #10031, #2411, #7085, .T. ) ;
#8695 = SURFACE_STYLE_FILL_AREA ( #2343 ) ;
#8696 = DIRECTION ( 'NONE',  ( 0.0000000000000000000, 0.0000000000000000000, 1.000000000000000000 ) ) ;
#8697 =( NAMED_UNIT ( * ) PLANE_ANGLE_UNIT ( ) SI_UNIT ( $, .RADIAN. ) );
#8699 = ORIENTED_EDGE ( 'NONE', *, *, #8926, .F. ) ;
#8698 = CARTESIAN_POINT ( 'NONE',  ( 5.783599450211217352, 12.27068809514516801, -1.393979936967925770 ) ) ;
#8700 = ORIENTED_EDGE ( 'NONE', *, *, #5243, .T. ) ;
#8701 = ORIENTED_EDGE ( 'NONE', *, *, #4397, .F. ) ;
#8702 = CARTESIAN_POINT ( 'NONE',  ( 11.84279056191359913, 0.8999999999999910294, 10.81000000000000050 ) ) ;
#8703 =( NAMED_UNIT ( * ) PLANE_ANGLE_UNIT ( ) SI_UNIT ( $, .RADIAN. ) );
#8704 = PLANE ( 'NONE',  #5374 ) ;
#8705 = AXIS2_PLACEMENT_3D ( 'NONE', #1229, #3738, #6215 ) ;
#8706 = CARTESIAN_POINT ( 'NONE',  ( 7.000000000000000000, 17.94999999999240714, -2.266761713739206652 ) ) ;
#8707 = CARTESIAN_POINT ( 'NONE',  ( 2.810000000000000053, -6.929999999999949978, 11.42999999999999972 ) ) ;
#8708 = STYLED_ITEM ( 'NONE', ( #8456 ), #6138 ) ;
#8709 = DIRECTION ( 'NONE',  ( 1.000000000000000000, 1.376764663473659915E-16, -0.0000000000000000000 ) ) ;
#8710 = B_SPLINE_CURVE_WITH_KNOTS ( 'NONE', 3,
 ( #8815, #3983, #7198, #9824 ),
 .UNSPECIFIED., .F., .F.,
 ( 4, 4 ),
 ( 0.0000000000000000000, 0.0005602187495296507159 ),
 .UNSPECIFIED. ) ;
#8711 = ORIENTED_EDGE ( 'NONE', *, *, #6132, .F. ) ;
#8712 = DIRECTION ( 'NONE',  ( 0.0000000000000000000, 0.0000000000000000000, 1.000000000000000000 ) ) ;
#8714 = VERTEX_POINT ( 'NONE', #5922 ) ;
#8713 = CARTESIAN_POINT ( 'NONE',  ( 5.432355715851506339, 15.14638873565663779, 0.3048773204057930175 ) ) ;
#8715 = CIRCLE ( 'NONE', #6838, 2.301783801071757285 ) ;
#8716 = CARTESIAN_POINT ( 'NONE',  ( 7.008200274894408111, 13.49985476181183053, -6.056640950747337548 ) ) ;
#8717 = CARTESIAN_POINT ( 'NONE',  ( 6.599999999999999645, 16.94999999999999929, -2.049999999999999822 ) ) ;
#8718 = CARTESIAN_POINT ( 'NONE',  ( 6.191799725105607166, 11.24985476181183230, -1.563359049252663890 ) ) ;
#8719 = COLOUR_RGB ( '',0.2862745098039215508, 0.6431372549019607199, 0.8666666666666666963 ) ;
#8720 = CARTESIAN_POINT ( 'NONE',  ( 6.253159534209000725, 18.75000000000000000, -5.495535590270653081 ) ) ;
#8721 = CARTESIAN_POINT ( 'NONE',  ( 6.599999999999999645, 17.94999999998481144, 0.0000000000000000000 ) ) ;
#8722 = LINE ( 'NONE', #3792, #6233 ) ;
#8723 = CARTESIAN_POINT ( 'NONE',  ( 5.558861877317077038, 15.08388873565662713, 7.010245359188411740 ) ) ;
#8724 = CARTESIAN_POINT ( 'NONE',  ( 5.558861877317072597, 12.16722206898996639, 8.229754640811563604 ) ) ;
#8725 = CARTESIAN_POINT ( 'NONE',  ( 8.163359049252656874, 15.58318809514516268, 8.028200274894404131 ) ) ;
#8726 = ORIENTED_EDGE ( 'NONE', *, *, #7745, .F. ) ;
#8727 = CARTESIAN_POINT ( 'NONE',  ( 7.993979936967930300, 14.06235476181183053, -6.803599450211213373 ) ) ;
#8728 = FACE_OUTER_BOUND ( 'NONE', #1505, .T. ) ;
#8729 = ORIENTED_EDGE ( 'NONE', *, *, #6775, .F. ) ;
#8730 =( LENGTH_UNIT ( ) NAMED_UNIT ( * ) SI_UNIT ( .MILLI., .METRE. ) );
#8731 = CARTESIAN_POINT ( 'NONE',  ( 6.199999999999999289, 18.75000000000000000, 2.115099840886189408 ) ) ;
#8732 = FACE_OUTER_BOUND ( 'NONE', #2718, .T. ) ;
#8733 = VERTEX_POINT ( 'NONE', #4276 ) ;
#8734 = CARTESIAN_POINT ( 'NONE',  ( 8.163359049252674637, 14.08318809514516623, 0.4082002748943676096 ) ) ;
#8735 = CARTESIAN_POINT ( 'NONE',  ( 3.250000000000000000, 17.19999999999999929, 11.42999999999999972 ) ) ;
#8736 = CARTESIAN_POINT ( 'NONE',  ( 5.036640950747341527, 11.33318809514516445, 7.211799725105593417 ) ) ;
#8737 = EDGE_CURVE ( 'NONE', #5155, #1926, #9849, .T. ) ;
#8738 = EDGE_CURVE ( 'NONE', #10528, #5406, #6257, .T. ) ;
#8739 = CARTESIAN_POINT ( 'NONE',  ( 6.200000000000709832, 18.69941473230004902, -5.415772081770518831 ) ) ;
#8740 = ORIENTED_EDGE ( 'NONE', *, *, #6345, .F. ) ;
#8741 = DIRECTION ( 'NONE',  ( 0.0000000000000000000, 0.0000000000000000000, -1.000000000000000000 ) ) ;
#8742 = PRESENTATION_STYLE_ASSIGNMENT (( #4072 ) ) ;
#8743 = DIRECTION ( 'NONE',  ( 0.0000000000000000000, 0.0000000000000000000, 1.000000000000000000 ) ) ;
#8744 = CARTESIAN_POINT ( 'NONE',  ( 7.000000000000000888, 18.75000000000000000, -5.504900159113811142 ) ) ;
#8745 = ADVANCED_FACE ( 'NONE', ( #3368, #2544 ), #5816, .F. ) ;
#8746 = CARTESIAN_POINT ( 'NONE',  ( 7.008200274894408111, 14.22647827721596414, 6.056640950747341989 ) ) ;
#8747 = EDGE_CURVE ( 'NONE', #4082, #9689, #8249, .T. ) ;
#8748 = DIRECTION ( 'NONE',  ( -0.0000000000000000000, -1.000000000000000000, -0.0000000000000000000 ) ) ;
#8749 =( NAMED_UNIT ( * ) PLANE_ANGLE_UNIT ( ) SI_UNIT ( $, .RADIAN. ) );
#8750 = ORIENTED_EDGE ( 'NONE', *, *, #7556, .F. ) ;
#8751 = AXIS2_PLACEMENT_3D ( 'NONE', #10320, #1994, #7813 ) ;
#8752 = UNCERTAINTY_MEASURE_WITH_UNIT (LENGTH_MEASURE( 1.000000000000000082E-05 ), #9956, 'distance_accuracy_value', 'NONE');
#8753 = AXIS2_PLACEMENT_3D ( 'NONE', #5785, #2447, #1802 ) ;
#8755 = ORIENTED_EDGE ( 'NONE', *, *, #3996, .F. ) ;
#8754 = CARTESIAN_POINT ( 'NONE',  ( 6.904877320405772068, 11.77138873565663424, 1.167644284148504408 ) ) ;
#8756 = VECTOR ( 'NONE', #10347, 1000.000000000000000 ) ;
#8757 = EDGE_LOOP ( 'NONE', ( #5216, #4988, #2893, #3050 ) ) ;
#8758 = DIRECTION ( 'NONE',  ( -1.000000000000000000, 0.0000000000000000000, -0.0000000000000000000 ) ) ;
#8759 = CARTESIAN_POINT ( 'NONE',  ( 6.199999999999999289, 18.65697564738198011, -9.836544185262374285 ) ) ;
#8760 =( GEOMETRIC_REPRESENTATION_CONTEXT ( 3 ) GLOBAL_UNCERTAINTY_ASSIGNED_CONTEXT ( ( #2052 ) ) GLOBAL_UNIT_ASSIGNED_CONTEXT ( ( #411, #9552, #10196 ) ) REPRESENTATION_CONTEXT ( 'NONE', 'WORKASPACE' ) );
#8761 = CARTESIAN_POINT ( 'NONE',  ( 6.199999999999999289, 18.65697564738257697, 9.836544185261836049 ) ) ;
#8762 =( LENGTH_UNIT ( ) NAMED_UNIT ( * ) SI_UNIT ( .MILLI., .METRE. ) );
#8763 = AXIS2_PLACEMENT_3D ( 'NONE', #773, #1518, #2553 ) ;
#8764 = MECHANICAL_DESIGN_GEOMETRIC_PRESENTATION_REPRESENTATION (  '', ( #4182 ), #8760 ) ;
#8766 = ORIENTED_EDGE ( 'NONE', *, *, #8662, .T. ) ;
#8765 = CARTESIAN_POINT ( 'NONE',  ( 6.295122679594231663, 14.72972206898996994, 1.167644284148507516 ) ) ;
#8767 = CARTESIAN_POINT ( 'NONE',  ( 5.036640950747325540, 12.33318809514516801, -8.028200274894366828 ) ) ;
#8768 = CARTESIAN_POINT ( 'NONE',  ( 11.05147186257614145, 16.94999999999999929, 2.225735931288071789 ) ) ;
#8769 = CARTESIAN_POINT ( 'NONE',  ( 5.206020063032066325, 11.31235476181183053, -0.8164005497887730778 ) ) ;
#8770 = CARTESIAN_POINT ( 'NONE',  ( 6.199999999999999289, 18.18565895348299222, 2.250028231230460918 ) ) ;
#8771 = DIRECTION ( 'NONE',  ( 0.5000000000000048850, 0.0000000000000000000, 0.8660254037844358210 ) ) ;
#8772 = CARTESIAN_POINT ( 'NONE',  ( 8.437868101441656776, 21.70000000000000284, 10.07052991844693324 ) ) ;
#8773 = CARTESIAN_POINT ( 'NONE',  ( 5.432355715851502787, 15.64638873565663069, 7.924877320405793846 ) ) ;
#8774 = VECTOR ( 'NONE', #6235, 1000.000000000000000 ) ;
#8775 = CARTESIAN_POINT ( 'NONE',  ( 7.767644284148501832, 11.89638873565663246, 7.315122679594213473 ) ) ;
#8776 = EDGE_LOOP ( 'NONE', ( #444, #4189 ) ) ;
#8777 =( LENGTH_UNIT ( ) NAMED_UNIT ( * ) SI_UNIT ( .MILLI., .METRE. ) );
#8778 = VERTEX_POINT ( 'NONE', #3628 ) ;
#8779 = LINE ( 'NONE', #8830, #3903 ) ;
#8780 = CYLINDRICAL_SURFACE ( 'NONE', #1431, 0.5000000000000004441 ) ;
#8781 = CARTESIAN_POINT ( 'NONE',  ( 6.904877320405796937, 14.77138873565663424, -6.452355715851508577 ) ) ;
#8782 = ORIENTED_EDGE ( 'NONE', *, *, #1090, .F. ) ;
#8783 = MECHANICAL_DESIGN_GEOMETRIC_PRESENTATION_REPRESENTATION (  '', ( #3702 ), #3521 ) ;
#8784 = AXIS2_PLACEMENT_3D ( 'NONE', #10407, #9512, #9558 ) ;
#8785 = CARTESIAN_POINT ( 'NONE',  ( 5.206020063032067213, 14.89568809514516445, 0.8164005497887779628 ) ) ;
#8786 = FACE_OUTER_BOUND ( 'NONE', #6059, .T. ) ;
#8787 =( NAMED_UNIT ( * ) PLANE_ANGLE_UNIT ( ) SI_UNIT ( $, .RADIAN. ) );
#8788 = VECTOR ( 'NONE', #4947, 1000.000000000000114 ) ;
#8789 = LINE ( 'NONE', #3, #9289 ) ;
#8790 = AXIS2_PLACEMENT_3D ( 'NONE', #7503, #4935, #3372 ) ;
#8791 = AXIS2_PLACEMENT_3D ( 'NONE', #7117, #801, #10571 ) ;
#8792 = ORIENTED_EDGE ( 'NONE', *, *, #8145, .T. ) ;
#8793 = COLOUR_RGB ( '',0.2862745098039215508, 0.6431372549019607199, 0.8666666666666666963 ) ;
#8794 = CARTESIAN_POINT ( 'NONE',  ( 7.008200274894408111, 12.01814494388263377, -6.056640950747340213 ) ) ;
#8795 = DIRECTION ( 'NONE',  ( 0.0000000000000000000, 1.000000000000000000, 0.0000000000000000000 ) ) ;
#8796 = CARTESIAN_POINT ( 'NONE',  ( 2.099999999999986766, 4.799999999999957190, 9.320000000000028706 ) ) ;
#8797 = DIRECTION ( 'NONE',  ( 8.185976218434330542E-17, -1.000000000000000000, -0.0000000000000000000 ) ) ;
#8798 = EDGE_CURVE ( 'NONE', #671, #854, #8503, .T. ) ;
#8799 = CARTESIAN_POINT ( 'NONE',  ( 7.000000000000000000, 18.65697564738294645, -5.403455814737692542 ) ) ;
#8800 = VECTOR ( 'NONE', #8854, 1000.000000000000000 ) ;
#8801 = CARTESIAN_POINT ( 'NONE',  ( 6.191799725105581409, 13.24985476181182875, 6.056640950747340213 ) ) ;
#8802 = ADVANCED_FACE ( 'NONE', ( #4471 ), #8454, .T. ) ;
#8803 = CIRCLE ( 'NONE', #3727, 2.500000000000000444 ) ;
#8804 = SURFACE_STYLE_FILL_AREA ( #5572 ) ;
#8805 = EDGE_CURVE ( 'NONE', #2395, #1240, #7417, .T. ) ;
#8806 = DIRECTION ( 'NONE',  ( 0.0000000000000000000, -0.9805806756909202226, -0.1961161351381838780 ) ) ;
#8808 = EDGE_LOOP ( 'NONE', ( #4907, #7538, #1515, #3939 ) ) ;
#8807 = CARTESIAN_POINT ( 'NONE',  ( 5.783599450211198700, 12.43735476181183230, 1.393979936967927546 ) ) ;
#8809 = VERTEX_POINT ( 'NONE', #6168 ) ;
#8810 = FILL_AREA_STYLE ('',( #6579 ) ) ;
#8811 = CARTESIAN_POINT ( 'NONE',  ( 6.599999999999999645, 17.27092694212320012, -7.620000000000000107 ) ) ;
#8812 = VECTOR ( 'NONE', #270, 1000.000000000000000 ) ;
#8813 =( NAMED_UNIT ( * ) PLANE_ANGLE_UNIT ( ) SI_UNIT ( $, .RADIAN. ) );
#8814 = CARTESIAN_POINT ( 'NONE',  ( 2.100000000000022737, -36.96000000000000085, -1.700000000000005507 ) ) ;
#8815 = CARTESIAN_POINT ( 'NONE',  ( 6.042671120528348538, 16.94999999999998153, 1.458800176420508965 ) ) ;
#8816 = DIRECTION ( 'NONE',  ( 0.0000000000000000000, 0.0000000000000000000, 1.000000000000000000 ) ) ;
#8818 = ORIENTED_EDGE ( 'NONE', *, *, #5755, .F. ) ;
#8817 = CARTESIAN_POINT ( 'NONE',  ( 5.990245359188436147, 14.70888873565663779, 1.041138122682931932 ) ) ;
#8819 = CARTESIAN_POINT ( 'NONE',  ( 6.191799725105618712, 12.45818809514516801, -6.056640950747326890 ) ) ;
#8820 =( NAMED_UNIT ( * ) PLANE_ANGLE_UNIT ( ) SI_UNIT ( $, .RADIAN. ) );
#8821 = DIRECTION ( 'NONE',  ( 0.0000000000000000000, -0.0000000000000000000, -1.000000000000000000 ) ) ;
#8822 = FILL_AREA_STYLE_COLOUR ( '', #1418 ) ;
#8823 = SURFACE_SIDE_STYLE ('',( #3945 ) ) ;
#8824 = CARTESIAN_POINT ( 'NONE',  ( 4.992674258530761300, 21.55564071784536395, -10.51022391998362515 ) ) ;
#8825 = CARTESIAN_POINT ( 'NONE',  ( 7.209754640811583570, 15.29222206898996461, 8.661138122682920937 ) ) ;
#8826 = CARTESIAN_POINT ( 'NONE',  ( 5.432355715851509004, 12.14638873565663602, 7.924877320405795622 ) ) ;
#8827 = ORIENTED_EDGE ( 'NONE', *, *, #9842, .T. ) ;
#8828 = CARTESIAN_POINT ( 'NONE',  ( 5.036640950747344192, 13.89314494388263199, -7.211799725105587200 ) ) ;
#8829 = CARTESIAN_POINT ( 'NONE',  ( 1.499999999999994227, 4.185714285714241534, -5.019999999999998685 ) ) ;
#8830 = CARTESIAN_POINT ( 'NONE',  ( 1.800000000000021583, 11.00000000000000355, 9.769999999999983586 ) ) ;
#8831 = CARTESIAN_POINT ( 'NONE',  ( 7.008200274894382353, 15.20818809514516268, -9.183359049252668882 ) ) ;
#8832 = CARTESIAN_POINT ( 'NONE',  ( 7.008200274894370807, 13.99985476181183230, 1.563359049252676991 ) ) ;
#8833 = CARTESIAN_POINT ( 'NONE',  ( 6.200000000001854694, 18.67036368809801772, -2.214662492796918514 ) ) ;
#8834 = DIRECTION ( 'NONE',  ( 3.224183510962218928E-16, 1.000000000000000000, 1.074727836987408249E-15 ) ) ;
#8835 = CARTESIAN_POINT ( 'NONE',  ( 6.599999999999999645, 18.75000000000000000, 7.620000000000000107 ) ) ;
#8836 = CARTESIAN_POINT ( 'NONE',  ( 7.500000000000000000, -4.750000000000000000, 9.695000000000000284 ) ) ;
#8837 = CARTESIAN_POINT ( 'NONE',  ( 6.599999999999999645, 17.07426406871192981, -2.349999999999999201 ) ) ;
#8838 = EDGE_LOOP ( 'NONE', ( #5836, #5888, #694, #7435 ) ) ;
#8839 = FILL_AREA_STYLE_COLOUR ( '', #8118 ) ;
#8840 = CARTESIAN_POINT ( 'NONE',  ( 10.03031986140680765, 18.75000000000000711, 6.077983245373638432 ) ) ;
#8841 = CARTESIAN_POINT ( 'NONE',  ( 4.084577011085775311, 21.70000000000000639, -5.889238172644668978 ) ) ;
#8842 =( LENGTH_UNIT ( ) NAMED_UNIT ( * ) SI_UNIT ( .MILLI., .METRE. ) );
#8843 = CARTESIAN_POINT ( 'NONE',  ( 7.993979936967930300, 13.06235476181183586, 8.436400549788777070 ) ) ;
#8844 = FACE_OUTER_BOUND ( 'NONE', #7136, .T. ) ;
#8845 = EDGE_CURVE ( 'NONE', #365, #5992, #4590, .T. ) ;
#8846 =( NAMED_UNIT ( * ) SI_UNIT ( $, .STERADIAN. ) SOLID_ANGLE_UNIT ( ) );
#8847 = UNCERTAINTY_MEASURE_WITH_UNIT (LENGTH_MEASURE( 1.000000000000000082E-05 ), #2018, 'distance_accuracy_value', 'NONE');
#8848 =( NAMED_UNIT ( * ) PLANE_ANGLE_UNIT ( ) SI_UNIT ( $, .RADIAN. ) );
#8850 = ORIENTED_EDGE ( 'NONE', *, *, #6008, .T. ) ;
#8849 = CARTESIAN_POINT ( 'NONE',  ( 7.500000000000000888, -4.750000000000004441, -0.2999999999999997113 ) ) ;
#8851 = ORIENTED_EDGE ( 'NONE', *, *, #989, .F. ) ;
#8852 = DIRECTION ( 'NONE',  ( 7.767418549149883425E-16, 0.0000000000000000000, -1.000000000000000000 ) ) ;
#8853 = EDGE_CURVE ( 'NONE', #3749, #2134, #5443, .T. ) ;
#8854 = DIRECTION ( 'NONE',  ( -0.0000000000000000000, -1.000000000000000000, 0.0000000000000000000 ) ) ;
#8855 = LINE ( 'NONE', #10308, #7714 ) ;
#8856 = ADVANCED_FACE ( 'NONE', ( #1182, #369 ), #1344, .F. ) ;
#8857 = DIRECTION ( 'NONE',  ( 0.0000000000000000000, -0.0000000000000000000, 1.000000000000000000 ) ) ;
#8858 = EDGE_CURVE ( 'NONE', #2478, #6432, #1995, .T. ) ;
#8859 = LINE ( 'NONE', #3122, #5051 ) ;
#8860 = FACE_OUTER_BOUND ( 'NONE', #5648, .T. ) ;
#8862 = ORIENTED_EDGE ( 'NONE', *, *, #3873, .F. ) ;
#8861 = CARTESIAN_POINT ( 'NONE',  ( 5.432355715851501010, 14.60472206898995928, -0.3048773204057954045 ) ) ;
#8863 = CARTESIAN_POINT ( 'NONE',  ( 6.599999999999999645, 17.94999999998481144, 0.0000000000000000000 ) ) ;
#8864 = EDGE_CURVE ( 'NONE', #3126, #977, #6218, .T. ) ;
#8865 = CARTESIAN_POINT ( 'NONE',  ( 6.237708605730297506, 18.71222679458301030, -5.400895688391213589 ) ) ;
#8866 = CARTESIAN_POINT ( 'NONE',  ( 7.949999999999994849, 21.69999999999999929, -4.885041133764529420 ) ) ;
#8867 = SURFACE_SIDE_STYLE ('',( #1542 ) ) ;
#8868 = CARTESIAN_POINT ( 'NONE',  ( 7.209754640811581794, 14.95888873565663246, 6.578861877317080165 ) ) ;
#8869 = DIRECTION ( 'NONE',  ( 0.2873478855663462173, -1.122048803180700363E-15, 0.9578262852211512079 ) ) ;
#8870 = CARTESIAN_POINT ( 'NONE',  ( 7.767644284148506273, 11.35472206898996639, 7.924877320405757430 ) ) ;
#8871 = ORIENTED_EDGE ( 'NONE', *, *, #8467, .F. ) ;
#8872 = VECTOR ( 'NONE', #3789, 1000.000000000000114 ) ;
#8873 = CARTESIAN_POINT ( 'NONE',  ( 7.416400549788779273, 13.03897827721596414, -6.226020063032059682 ) ) ;
#8874 = SURFACE_STYLE_USAGE ( .BOTH. , #7769 ) ;
#8875 = UNCERTAINTY_MEASURE_WITH_UNIT (LENGTH_MEASURE( 1.000000000000000082E-05 ), #1220, 'distance_accuracy_value', 'NONE');
#8876 = CARTESIAN_POINT ( 'NONE',  ( 7.000000000000000000, 18.65697564738292513, 2.216544185263754851 ) ) ;
#8877 = CARTESIAN_POINT ( 'NONE',  ( 9.649944706674911998, 21.69999999999999929, -7.335847840213001625 ) ) ;
#8878 = CARTESIAN_POINT ( 'NONE',  ( 6.295122679594202353, 15.22972206898996461, -6.452355715851503248 ) ) ;
#8879 = CARTESIAN_POINT ( 'NONE',  ( 8.163359049252660427, 13.14314494388263732, -0.4082002748944159598 ) ) ;
#8880 = EDGE_CURVE ( 'NONE', #9240, #9580, #1558, .T. ) ;
#8881 = DIRECTION ( 'NONE',  ( 0.0000000000000000000, 1.000000000000000000, 0.0000000000000000000 ) ) ;
#8882 = CARTESIAN_POINT ( 'NONE',  ( 7.500000000000000000, 1.549999999999990052, 8.120000000000000995 ) ) ;
#8883 = SURFACE_STYLE_FILL_AREA ( #5507 ) ;
#8884 = ORIENTED_EDGE ( 'NONE', *, *, #7297, .F. ) ;
#8885 = CARTESIAN_POINT ( 'NONE',  ( 7.416400549788803254, 11.53897827721596592, -6.226020063032078333 ) ) ;
#8886 = FILL_AREA_STYLE_COLOUR ( '', #2840 ) ;
#8887 = CARTESIAN_POINT ( 'NONE',  ( 0.0000000000000000000, 0.0000000000000000000, -10.66999999999992532 ) ) ;
#8888 = CARTESIAN_POINT ( 'NONE',  ( 7.008200274894410775, 15.99985476181183408, 1.563359049252657673 ) ) ;
#8889 = ADVANCED_FACE ( 'NONE', ( #588 ), #3079, .T. ) ;
#8890 = ADVANCED_FACE ( 'NONE', ( #1448 ), #2311, .T. ) ;
#8891 = CARTESIAN_POINT ( 'NONE',  ( 7.008200274894370807, 13.99985476181183230, 9.183359049252677764 ) ) ;
#8892 = AXIS2_PLACEMENT_3D ( 'NONE', #401, #1208, #6942 ) ;
#8893 = CARTESIAN_POINT ( 'NONE',  ( 8.250000000000000000, 17.19999999999999929, -10.53547594742270022 ) ) ;
#8894 = CARTESIAN_POINT ( 'NONE',  ( 4.949999999999999289, 21.39999999999999858, -11.43000000000000327 ) ) ;
#8895 = DIRECTION ( 'NONE',  ( 0.0000000000000000000, 0.0000000000000000000, 1.000000000000000000 ) ) ;
#8897 = ORIENTED_EDGE ( 'NONE', *, *, #3870, .F. ) ;
#8896 = CARTESIAN_POINT ( 'NONE',  ( 7.641138122682940903, 10.83388873565650812, 0.6097546408115647187 ) ) ;
#8898 = ORIENTED_EDGE ( 'NONE', *, *, #2936, .T. ) ;
#8899 = CARTESIAN_POINT ( 'NONE',  ( 6.199999999999999289, 18.18565895348225681, 5.369971768776266252 ) ) ;
#8900 = MECHANICAL_DESIGN_GEOMETRIC_PRESENTATION_REPRESENTATION (  '', ( #6025 ), #707 ) ;
#8901 = FILL_AREA_STYLE ('',( #3176 ) ) ;
#8902 = CARTESIAN_POINT ( 'NONE',  ( 4.025000000000000355, 16.30000000000000071, 10.83000000000000007 ) ) ;
#8903 = CARTESIAN_POINT ( 'NONE',  ( 2.099999999999999645, 13.97719298245609920, 208.7460000000000093 ) ) ;
#8904 = PRESENTATION_LAYER_ASSIGNMENT (  '', '', ( #7548 ) ) ;
#8905 = CARTESIAN_POINT ( 'NONE',  ( 2.799999999999999822, 0.8999999999999980238, -11.42999999999999972 ) ) ;
#8906 = CARTESIAN_POINT ( 'NONE',  ( 7.008200274894382353, 15.20818809514516268, 6.056640950747332219 ) ) ;
#8907 = STYLED_ITEM ( 'NONE', ( #10514 ), #5178 ) ;
#8908 = CARTESIAN_POINT ( 'NONE',  ( 7.993979936967930300, 12.64568809514516090, -8.436400549788780623 ) ) ;
#8909 = CARTESIAN_POINT ( 'NONE',  ( 6.199999999999999289, 17.94999999999240714, -5.353238286267365531 ) ) ;
#8911 = ORIENTED_EDGE ( 'NONE', *, *, #5107, .T. ) ;
#8910 = CARTESIAN_POINT ( 'NONE',  ( 7.209754640811556925, 13.79222206898996639, 1.041138122682935485 ) ) ;
#8912 = CARTESIAN_POINT ( 'NONE',  ( 7.993979936967914313, 10.66397827721597480, -8.436400549788817926 ) ) ;
#8913 = CARTESIAN_POINT ( 'NONE',  ( 8.163359049252667532, 12.58318809514516623, -7.211799725105622727 ) ) ;
#8914 = EDGE_CURVE ( 'NONE', #6778, #2243, #7165, .T. ) ;
#8915 =( NAMED_UNIT ( * ) PLANE_ANGLE_UNIT ( ) SI_UNIT ( $, .RADIAN. ) );
#8916 = CARTESIAN_POINT ( 'NONE',  ( 6.220252819198449856, 16.95967380949280923, 1.526838492623348476 ) ) ;
#8917 = PRESENTATION_LAYER_ASSIGNMENT (  '', '', ( #6039 ) ) ;
#8918 = CARTESIAN_POINT ( 'NONE',  ( 7.008200274894371695, 15.70818809514516445, 6.056640950747327778 ) ) ;
#8919 = FILL_AREA_STYLE_COLOUR ( '', #9943 ) ;
#8920 = CARTESIAN_POINT ( 'NONE',  ( 7.209754640811572912, 11.29222206898997172, 8.661138122682931595 ) ) ;
#8921 = PRESENTATION_LAYER_ASSIGNMENT (  '', '', ( #3500 ) ) ;
#8922 = ORIENTED_EDGE ( 'NONE', *, *, #433, .F. ) ;
#8923 = VECTOR ( 'NONE', #6582, 1000.000000000000000 ) ;
#8924 = ORIENTED_EDGE ( 'NONE', *, *, #10309, .F. ) ;
#8925 = CARTESIAN_POINT ( 'NONE',  ( 5.206020063032061884, 13.81235476181183230, -8.436400549788773517 ) ) ;
#8926 = EDGE_CURVE ( 'NONE', #9526, #5673, #2835, .T. ) ;
#8927 = CARTESIAN_POINT ( 'NONE',  ( 8.042561105189653503, 21.57573593128806877, -4.596505753636366265 ) ) ;
#8928 = CARTESIAN_POINT ( 'NONE',  ( 5.783599450211206694, 16.77068809514516801, -1.393979936967927102 ) ) ;
#8929 = CARTESIAN_POINT ( 'NONE',  ( 6.295122679594205017, 11.52138873565663069, -8.787644284148496965 ) ) ;
#8930 = CARTESIAN_POINT ( 'NONE',  ( -5.012252206515194174E-17, 2.650000000000001243, -3.049999999999976286 ) ) ;
#8931 = CARTESIAN_POINT ( 'NONE',  ( 8.859439452222172662, 21.69999999999999929, -5.551582722299024830 ) ) ;
#8932 = EDGE_CURVE ( 'NONE', #7372, #8388, #6318, .T. ) ;
#8933 = CARTESIAN_POINT ( 'NONE',  ( 7.416400549788779273, 15.68735476181183586, -9.013979936967929874 ) ) ;
#8934 = CARTESIAN_POINT ( 'NONE',  ( 7.993979936967916089, 13.56235476181183053, 0.8164005497888227048 ) ) ;
#8935 = MECHANICAL_DESIGN_GEOMETRIC_PRESENTATION_REPRESENTATION (  '', ( #9955 ), #3863 ) ;
#8936 = PLANE ( 'NONE',  #1649 ) ;
#8937 =( GEOMETRIC_REPRESENTATION_CONTEXT ( 3 ) GLOBAL_UNCERTAINTY_ASSIGNED_CONTEXT ( ( #8875 ) ) GLOBAL_UNIT_ASSIGNED_CONTEXT ( ( #1220, #7051, #2900 ) ) REPRESENTATION_CONTEXT ( 'NONE', 'WORKASPACE' ) );
#8938 = CARTESIAN_POINT ( 'NONE',  ( 4.025000000000000355, -1.040834085586084257E-14, 10.83000000000000007 ) ) ;
#8939 = COLOUR_RGB ( '',0.2862745098039215508, 0.6431372549019607199, 0.8666666666666666963 ) ;
#8940 = FILL_AREA_STYLE ('',( #1511 ) ) ;
#8941 = CARTESIAN_POINT ( 'NONE',  ( 6.599999999999999645, 17.02352941175888645, 7.620000000000000107 ) ) ;
#8942 = CARTESIAN_POINT ( 'NONE',  ( 2.918703862244611980, 18.65697564737526193, -1.681157649620222294 ) ) ;
#8943 = ORIENTED_EDGE ( 'NONE', *, *, #9572, .F. ) ;
#8944 = CARTESIAN_POINT ( 'NONE',  ( 5.036640950747339751, 11.87485476181183763, -7.211799725105577430 ) ) ;
#8945 = CARTESIAN_POINT ( 'NONE',  ( 6.962291394269037426, 18.71222679458384519, -2.219104311607915658 ) ) ;
#8946 = ORIENTED_EDGE ( 'NONE', *, *, #3985, .T. ) ;
#8947 = CIRCLE ( 'NONE', #7057, 0.2999999999999999334 ) ;
#8948 = COLOUR_RGB ( '',0.2862745098039215508, 0.6431372549019607199, 0.8666666666666666963 ) ;
#8949 = CARTESIAN_POINT ( 'NONE',  ( 5.783599450211206694, 16.77068809514516801, -1.393979936967927102 ) ) ;
#8950 = CARTESIAN_POINT ( 'NONE',  ( 7.416400549788779273, 13.52068809514516445, 9.013979936967936979 ) ) ;
#8951 = MECHANICAL_DESIGN_GEOMETRIC_PRESENTATION_REPRESENTATION (  '', ( #2662 ), #1020 ) ;
#8952 = MECHANICAL_DESIGN_GEOMETRIC_PRESENTATION_REPRESENTATION (  '', ( #2167 ), #437 ) ;
#8953 = COLOUR_RGB ( '',0.2862745098039215508, 0.6431372549019607199, 0.8666666666666666963 ) ;
#8954 = MECHANICAL_DESIGN_GEOMETRIC_PRESENTATION_REPRESENTATION (  '', ( #5754 ), #7760 ) ;
#8955 = CARTESIAN_POINT ( 'NONE',  ( 26.05000000000000071, 0.5999999999999889866, 7.120000000000000107 ) ) ;
#8956 = CARTESIAN_POINT ( 'NONE',  ( 1.500000000000001776, 4.185714285714289495, 5.020000000000006679 ) ) ;
#8957 = UNCERTAINTY_MEASURE_WITH_UNIT (LENGTH_MEASURE( 1.000000000000000082E-05 ), #10331, 'distance_accuracy_value', 'NONE');
#8958 =( LENGTH_UNIT ( ) NAMED_UNIT ( * ) SI_UNIT ( .MILLI., .METRE. ) );
#8959 = AXIS2_PLACEMENT_3D ( 'NONE', #7063, #10321, #2912 ) ;
#8960 = DIRECTION ( 'NONE',  ( 1.000000000000000000, -0.0000000000000000000, 0.0000000000000000000 ) ) ;
#8962 = VERTEX_POINT ( 'NONE', #5596 ) ;
#8961 = CARTESIAN_POINT ( 'NONE',  ( 5.783599450211219128, 11.43735476181183230, 1.393979936967928435 ) ) ;
#8963 = DIRECTION ( 'NONE',  ( 1.000000000000000000, 0.0000000000000000000, 0.0000000000000000000 ) ) ;
#8964 = VERTEX_POINT ( 'NONE', #9567 ) ;
#8965 = DIRECTION ( 'NONE',  ( 0.0000000000000000000, 0.0000000000000000000, 1.000000000000000000 ) ) ;
#8966 = PRESENTATION_STYLE_ASSIGNMENT (( #726 ) ) ;
#8967 =( BOUNDED_CURVE ( )  B_SPLINE_CURVE ( 3, ( #1471, #3051, #10544, #10440 ),
 .UNSPECIFIED., .F., .T. ) 
 B_SPLINE_CURVE_WITH_KNOTS ( ( 4, 4 ),
 ( 0.0000000000000000000, 1.000000000000000000 ),
 .UNSPECIFIED. ) 
 CURVE ( )  GEOMETRIC_REPRESENTATION_ITEM ( )  RATIONAL_B_SPLINE_CURVE ( ( 1.000000000000000000, 0.3333333333333335369, 0.3333333333333335369, 1.000000000000000000 ) ) 
 REPRESENTATION_ITEM ( '' )  );
#8968 =( GEOMETRIC_REPRESENTATION_CONTEXT ( 3 ) GLOBAL_UNCERTAINTY_ASSIGNED_CONTEXT ( ( #7899 ) ) GLOBAL_UNIT_ASSIGNED_CONTEXT ( ( #7910, #8703, #3881 ) ) REPRESENTATION_CONTEXT ( 'NONE', 'WORKASPACE' ) );
#8969 = CARTESIAN_POINT ( 'NONE',  ( 7.949999999999988631, 21.69999999999999929, -10.35495886623548678 ) ) ;
#8971 = VERTEX_POINT ( 'NONE', #4754 ) ;
#8970 = CARTESIAN_POINT ( 'NONE',  ( 7.008200274894409887, 14.49985476181183586, 1.563359049252657895 ) ) ;
#8972 = CARTESIAN_POINT ( 'NONE',  ( 8.163359049252681743, 10.64314494388266930, -8.028200274894391697 ) ) ;
#8973 = CARTESIAN_POINT ( 'NONE',  ( 5.783599450211198700, 12.43735476181183230, -6.226020063032071228 ) ) ;
#8974 = EDGE_LOOP ( 'NONE', ( #8296, #1887, #1177, #5377, #5950, #158, #8176, #491, #6115, #234, #3731, #9492, #3330, #4663, #2887, #4028 ) ) ;
#8975 = CARTESIAN_POINT ( 'NONE',  ( 2.810000000000000053, -1.734723475976807094E-15, 11.42999999999999972 ) ) ;
#8976 = LINE ( 'NONE', #5805, #2302 ) ;
#8977 = CARTESIAN_POINT ( 'NONE',  ( 8.163359049252656874, 14.12485476181183408, 7.211799725105583647 ) ) ;
#8978 =( LENGTH_UNIT ( ) NAMED_UNIT ( * ) SI_UNIT ( .MILLI., .METRE. ) );
#8979 = CARTESIAN_POINT ( 'NONE',  ( 8.163359049252681743, 11.12485476181184474, 7.211799725105620951 ) ) ;
#8980 = EDGE_CURVE ( 'NONE', #352, #2550, #7926, .T. ) ;
#8981 = ORIENTED_EDGE ( 'NONE', *, *, #6327, .F. ) ;
#8982 = CARTESIAN_POINT ( 'NONE',  ( 6.191799725105618712, 13.45818809514516445, -6.056640950747326002 ) ) ;
#8983 = CARTESIAN_POINT ( 'NONE',  ( 7.989051101519052622, 21.69999999999999929, -10.53134150105610800 ) ) ;
#8984 = VERTEX_POINT ( 'NONE', #8866 ) ;
#8985 = CARTESIAN_POINT ( 'NONE',  ( 6.599999999999999645, 17.25000000000000000, 9.669999999999999929 ) ) ;
#8986 = DIRECTION ( 'NONE',  ( -1.376764663473659915E-16, 1.000000000000000000, 0.0000000000000000000 ) ) ;
#8987 = CARTESIAN_POINT ( 'NONE',  ( 6.295122679594223669, 14.52138873565663246, -8.787644284148498741 ) ) ;
#8988 = CARTESIAN_POINT ( 'NONE',  ( 7.416400549788779273, 13.52068809514516445, 1.393979936967938649 ) ) ;
#8989 = PLANE ( 'NONE',  #10322 ) ;
#8990 = MECHANICAL_DESIGN_GEOMETRIC_PRESENTATION_REPRESENTATION (  '', ( #4774 ), #2525 ) ;
#8991 = SURFACE_STYLE_FILL_AREA ( #3463 ) ;
#8992 = ADVANCED_FACE ( 'NONE', ( #1392 ), #4853, .T. ) ;
#8993 = CARTESIAN_POINT ( 'NONE',  ( 6.599999999999999645, 17.25698273513626546, 5.269999999999998685 ) ) ;
#8994 = ADVANCED_FACE ( 'NONE', ( #1006 ), #5953, .T. ) ;
#8995 = DIRECTION ( 'NONE',  ( -8.185976218434330542E-17, 1.000000000000000000, 0.0000000000000000000 ) ) ;
#8996 = ORIENTED_EDGE ( 'NONE', *, *, #1092, .F. ) ;
#8997 = CARTESIAN_POINT ( 'NONE',  ( 5.206020063032087641, 11.33064494388263199, -8.436400549788817926 ) ) ;
#8998 = CARTESIAN_POINT ( 'NONE',  ( 11.29999999999999716, 17.07426406871192981, -9.969999999999997087 ) ) ;
#8999 = CARTESIAN_POINT ( 'NONE',  ( 8.217500797266982460, 21.53736521049053465, 10.51611003210820883 ) ) ;
#9000 = ITEM_DEFINED_TRANSFORMATION ( 'NONE', 'NONE', #3917,  #10014 ) ;
#9001 = CARTESIAN_POINT ( 'NONE',  ( 7.416400549788791707, 16.52068809514516445, 1.393979936967926436 ) ) ;
#9002 = CARTESIAN_POINT ( 'NONE',  ( 5.206020063032076983, 12.83064494388263199, 6.803599450211193833 ) ) ;
#9003 = CARTESIAN_POINT ( 'NONE',  ( 6.600000000000000533, 17.26396121657842642, -2.349756306058153221 ) ) ;
#9004 = PRESENTATION_STYLE_ASSIGNMENT (( #13 ) ) ;
#9005 = CARTESIAN_POINT ( 'NONE',  ( 11.30000000000000071, 17.25000000000000000, 9.969999999999998863 ) ) ;
#9006 = B_SPLINE_CURVE_WITH_KNOTS ( 'NONE', 3,
 ( #8876, #10272, #1552, #5546 ),
 .UNSPECIFIED., .F., .F.,
 ( 4, 4 ),
 ( 5.585951816610359795E-15, 0.0007087569161309026410 ),
 .UNSPECIFIED. ) ;
#9007 = PRESENTATION_STYLE_ASSIGNMENT (( #2512 ) ) ;
#9008 = FACE_OUTER_BOUND ( 'NONE', #1280, .T. ) ;
#9010 = VERTEX_POINT ( 'NONE', #4260 ) ;
#9009 = CARTESIAN_POINT ( 'NONE',  ( 6.599999999999999645, 17.25000000000000000, 9.969999999999998863 ) ) ;
#9011 = LINE ( 'NONE', #6359, #2229 ) ;
#9012 = MECHANICAL_DESIGN_GEOMETRIC_PRESENTATION_REPRESENTATION (  '', ( #5878 ), #6631 ) ;
#9013 = VERTEX_POINT ( 'NONE', #5848 ) ;
#9014 = FILL_AREA_STYLE ('',( #6361 ) ) ;
#9015 = CARTESIAN_POINT ( 'NONE',  ( 0.0000000000000000000, 0.0000000000000000000, -10.82999999999999829 ) ) ;
#9016 = CARTESIAN_POINT ( 'NONE',  ( 7.500000000000000000, 0.8999999999999922506, 10.83000000000000007 ) ) ;
#9017 = CARTESIAN_POINT ( 'NONE',  ( 7.000000000000000000, 18.42131751191142897, 5.386710815968803523 ) ) ;
#9019 = ORIENTED_EDGE ( 'NONE', *, *, #5761, .T. ) ;
#9018 = CARTESIAN_POINT ( 'NONE',  ( 7.209754640811581794, 13.95888873565663779, -1.041138122682922607 ) ) ;
#9020 = CARTESIAN_POINT ( 'NONE',  ( 9.949999999999999289, 17.19999999999999929, 11.43000000000000149 ) ) ;
#9021 = ORIENTED_EDGE ( 'NONE', *, *, #8694, .F. ) ;
#9022 = CARTESIAN_POINT ( 'NONE',  ( 0.0000000000000000000, 0.8999999999999914735, 4.410000000000000142 ) ) ;
#9023 = DIRECTION ( 'NONE',  ( -0.0000000000000000000, 0.0000000000000000000, -1.000000000000000000 ) ) ;
#9024 = CARTESIAN_POINT ( 'NONE',  ( 6.999999999998062883, 18.70170425002353554, 9.822153541687486111 ) ) ;
#9025 = SHAPE_REPRESENTATION ( 'CUI_DEVICES_TB005-762-12BE', ( #4945, #10357, #8655, #3917, #8316 ), #7628 ) ;
#9026 = B_SPLINE_CURVE_WITH_KNOTS ( 'NONE', 3,
 ( #4483, #3698, #6923, #9105 ),
 .UNSPECIFIED., .F., .F.,
 ( 4, 4 ),
 ( 6.552888999246204014E-15, 0.0007087569161289688580 ),
 .UNSPECIFIED. ) ;
#9027 = CARTESIAN_POINT ( 'NONE',  ( 7.993979936967930300, 14.06235476181183053, 8.436400549788785952 ) ) ;
#9028 = DIRECTION ( 'NONE',  ( 0.0000000000000000000, -0.0000000000000000000, -1.000000000000000000 ) ) ;
#9029 = CARTESIAN_POINT ( 'NONE',  ( 7.416400549788805918, 11.68735476181182698, 6.226020063032077445 ) ) ;
#9030 = ORIENTED_EDGE ( 'NONE', *, *, #8467, .T. ) ;
#9031 = CARTESIAN_POINT ( 'NONE',  ( 2.387451946652209056, 21.69999999999999929, -1.564202544787751670 ) ) ;
#9032 = CARTESIAN_POINT ( 'NONE',  ( 5.036640950747332646, 13.87485476181183230, -7.211799725105612957 ) ) ;
#9033 = FILL_AREA_STYLE_COLOUR ( '', #903 ) ;
#9034 = SURFACE_STYLE_USAGE ( .BOTH. , #5695 ) ;
#9035 = SURFACE_STYLE_FILL_AREA ( #9892 ) ;
#9036 = CARTESIAN_POINT ( 'NONE',  ( 6.191799725105618712, 12.97647827721596592, 1.563359049252671662 ) ) ;
#9037 = DIRECTION ( 'NONE',  ( 0.0000000000000000000, 0.0000000000000000000, 1.000000000000000000 ) ) ;
#9038 = CARTESIAN_POINT ( 'NONE',  ( 9.250000000000000000, 16.94999999999999929, 208.7460000000000093 ) ) ;
#9039 = CARTESIAN_POINT ( 'NONE',  ( 6.599999999999998757, 17.25000000000000000, 5.570000000000000284 ) ) ;
#9040 = FACE_OUTER_BOUND ( 'NONE', #4257, .T. ) ;
#9041 = MECHANICAL_DESIGN_GEOMETRIC_PRESENTATION_REPRESENTATION (  '', ( #6733 ), #6161 ) ;
#9042 = CARTESIAN_POINT ( 'NONE',  ( 4.949999999999999289, 21.69999999999999929, 10.53547594742270022 ) ) ;
#9043 = LINE ( 'NONE', #9099, #6405 ) ;
#9044 = ORIENTED_EDGE ( 'NONE', *, *, #5264, .F. ) ;
#9045 = CARTESIAN_POINT ( 'NONE',  ( 7.008200274894387682, 11.01814494388263022, -6.056640950747323338 ) ) ;
#9046 = CARTESIAN_POINT ( 'NONE',  ( 6.955764655264161433, 18.75000000000000000, 2.179126782755454794 ) ) ;
#9047 = CARTESIAN_POINT ( 'NONE',  ( 8.249999999999998224, 21.43987010637476232, 10.53519571933522059 ) ) ;
#9048 = CARTESIAN_POINT ( 'NONE',  ( 4.347763001962377416, 21.69999999999999929, -5.558352305552642036 ) ) ;
#9049 = CARTESIAN_POINT ( 'NONE',  ( 7.767644284148497391, 15.85472206898996816, -7.315122679594205479 ) ) ;
#9050 =( GEOMETRIC_REPRESENTATION_CONTEXT ( 3 ) GLOBAL_UNCERTAINTY_ASSIGNED_CONTEXT ( ( #5293 ) ) GLOBAL_UNIT_ASSIGNED_CONTEXT ( ( #1902, #6141, #8521 ) ) REPRESENTATION_CONTEXT ( 'NONE', 'WORKASPACE' ) );
#9051 = CARTESIAN_POINT ( 'NONE',  ( 7.993979936967916089, 16.14568809514516801, -0.8164005497888187080 ) ) ;
#9052 = EDGE_CURVE ( 'NONE', #5003, #4936, #9808, .T. ) ;
#9053 = CARTESIAN_POINT ( 'NONE',  ( 7.416400549788779273, 12.52068809514516268, 9.013979936967931650 ) ) ;
#9054 = CARTESIAN_POINT ( 'NONE',  ( 1.900000000000001465, 17.25698273513599901, 2.349999999999999645 ) ) ;
#9055 = VECTOR ( 'NONE', #6803, 1000.000000000000000 ) ;
#9056 = CARTESIAN_POINT ( 'NONE',  ( 5.157438894810338681, 21.39999999999999858, -4.596505753636368929 ) ) ;
#9057 = FACE_OUTER_BOUND ( 'NONE', #344, .T. ) ;
#9058 = ORIENTED_EDGE ( 'NONE', *, *, #564, .F. ) ;
#9059 =( NAMED_UNIT ( * ) SI_UNIT ( $, .STERADIAN. ) SOLID_ANGLE_UNIT ( ) );
#9060 = EDGE_CURVE ( 'NONE', #316, #8460, #7039, .T. ) ;
#9061 = CARTESIAN_POINT ( 'NONE',  ( 5.250000000000015099, 21.69999999999999929, 10.35495886623548323 ) ) ;
#9062 = ORIENTED_EDGE ( 'NONE', *, *, #8156, .F. ) ;
#9063 = CARTESIAN_POINT ( 'NONE',  ( 6.999999999999795719, 18.73234883560355257, -2.173891282717097972 ) ) ;
#9064 = EDGE_CURVE ( 'NONE', #8431, #8136, #2472, .T. ) ;
#9065 = CARTESIAN_POINT ( 'NONE',  ( 8.206606786145302479, 21.55646380749253055, -10.51030578819592343 ) ) ;
#9066 = SURFACE_SIDE_STYLE ('',( #1040 ) ) ;
#9067 = CARTESIAN_POINT ( 'NONE',  ( 12.59999999999999964, 0.9000000000000007994, 3.209999999999999964 ) ) ;
#9068 = UNCERTAINTY_MEASURE_WITH_UNIT (LENGTH_MEASURE( 1.000000000000000082E-05 ), #8762, 'distance_accuracy_value', 'NONE');
#9069 = SURFACE_SIDE_STYLE ('',( #3398 ) ) ;
#9071 = ORIENTED_EDGE ( 'NONE', *, *, #9545, .T. ) ;
#9070 = CARTESIAN_POINT ( 'NONE',  ( 5.783599450211212911, 14.27068809514516445, -1.393979936967932209 ) ) ;
#9072 = CARTESIAN_POINT ( 'NONE',  ( 5.036640950747327317, 11.37485476181183053, -7.211799725105619174 ) ) ;
#9073 = PRESENTATION_LAYER_ASSIGNMENT (  '', '', ( #3135 ) ) ;
#9074 = ORIENTED_EDGE ( 'NONE', *, *, #4996, .F. ) ;
#9075 = DIRECTION ( 'NONE',  ( -0.8320502943378438321, -6.498053988515379772E-16, 0.5547001962252290364 ) ) ;
#9076 = FILL_AREA_STYLE ('',( #3291 ) ) ;
#9077 = AXIS2_PLACEMENT_3D ( 'NONE', #6333, #10431, #2268 ) ;
#9078 = CARTESIAN_POINT ( 'NONE',  ( 7.993979936967921418, 14.64568809514516268, 6.803599450211192057 ) ) ;
#9079 = AXIS2_PLACEMENT_3D ( 'NONE', #6581, #2522, #1859 ) ;
#9080 = LINE ( 'NONE', #5121, #8263 ) ;
#9081 = COLOUR_RGB ( '',0.2862745098039215508, 0.6431372549019607199, 0.8666666666666666963 ) ;
#9082 = CARTESIAN_POINT ( 'NONE',  ( 5.558861877317069045, 11.16722206898996639, 8.229754640811576039 ) ) ;
#9083 = ORIENTED_EDGE ( 'NONE', *, *, #1751, .F. ) ;
#9084 = CARTESIAN_POINT ( 'NONE',  ( 5.286623471394486629, 21.69999999999999574, 2.752733567584797036 ) ) ;
#9085 = CARTESIAN_POINT ( 'NONE',  ( 12.06795716689757647, -6.929999999999949978, 10.80999999999998629 ) ) ;
#9086 = AXIS2_PLACEMENT_3D ( 'NONE', #152, #2651, #3367 ) ;
#9087 = CARTESIAN_POINT ( 'NONE',  ( 7.008200274894397452, 16.70818809514516445, -1.563359049252662114 ) ) ;
#9088 = CARTESIAN_POINT ( 'NONE',  ( 7.416400549788820129, 14.52068809514516623, -6.226020063032083662 ) ) ;
#9089 = LINE ( 'NONE', #7444, #3382 ) ;
#9090 = CARTESIAN_POINT ( 'NONE',  ( 6.599999999999999645, 18.75000000000000000, 7.620000000000000107 ) ) ;
#9091 =( GEOMETRIC_REPRESENTATION_CONTEXT ( 3 ) GLOBAL_UNCERTAINTY_ASSIGNED_CONTEXT ( ( #10238 ) ) GLOBAL_UNIT_ASSIGNED_CONTEXT ( ( #9654, #8749, #715 ) ) REPRESENTATION_CONTEXT ( 'NONE', 'WORKASPACE' ) );
#9092 = CARTESIAN_POINT ( 'NONE',  ( 5.783599450211228898, 13.45564494388263022, 1.393979936967939981 ) ) ;
#9093 = FILL_AREA_STYLE ('',( #1021 ) ) ;
#9094 = CARTESIAN_POINT ( 'NONE',  ( 6.599999999999999645, 17.27092694212320012, 0.0000000000000000000 ) ) ;
#9095 = DIRECTION ( 'NONE',  ( 0.0000000000000000000, -0.7071067811865480168, -0.7071067811865470176 ) ) ;
#9096 = VECTOR ( 'NONE', #285, 1000.000000000000000 ) ;
#9097 = CARTESIAN_POINT ( 'NONE',  ( -8.881784197001250351E-16, -36.96000000000000085, -3.050000000000039790 ) ) ;
#9098 = LINE ( 'NONE', #7283, #3720 ) ;
#9099 = CARTESIAN_POINT ( 'NONE',  ( 0.0000000000000000000, 0.0000000000000000000, -3.210000000000000853 ) ) ;
#9100 = ORIENTED_EDGE ( 'NONE', *, *, #3555, .F. ) ;
#9101 = CARTESIAN_POINT ( 'NONE',  ( 5.783599450211225346, 11.77068809514516623, -9.013979936967935203 ) ) ;
#9102 = CARTESIAN_POINT ( 'NONE',  ( 6.599999999999999645, 16.94999999999999929, -5.570000000000000284 ) ) ;
#9103 =( GEOMETRIC_REPRESENTATION_CONTEXT ( 3 ) GLOBAL_UNCERTAINTY_ASSIGNED_CONTEXT ( ( #509 ) ) GLOBAL_UNIT_ASSIGNED_CONTEXT ( ( #1310, #4481, #439 ) ) REPRESENTATION_CONTEXT ( 'NONE', 'WORKASPACE' ) );
#9104 = LINE ( 'NONE', #8, #6604 ) ;
#9105 = CARTESIAN_POINT ( 'NONE',  ( 6.199999999999999289, 17.94999999999108553, -2.266761713739299910 ) ) ;
#9106 = CIRCLE ( 'NONE', #4537, 2.500000000000000444 ) ;
#9107 = PRESENTATION_LAYER_ASSIGNMENT (  '', '', ( #5721 ) ) ;
#9108 = CARTESIAN_POINT ( 'NONE',  ( 8.163359049252662203, 16.14314494388262844, -0.4082002748943984738 ) ) ;
#9109 = CARTESIAN_POINT ( 'NONE',  ( 7.993979936967921418, 12.56235476181183053, 8.436400549788803716 ) ) ;
#9110 = PRESENTATION_LAYER_ASSIGNMENT (  '', '', ( #2295 ) ) ;
#9111 = CARTESIAN_POINT ( 'NONE',  ( 5.286623471394488405, 21.69999999999999929, -4.867266432415201294 ) ) ;
#9112 = AXIS2_PLACEMENT_3D ( 'NONE', #4608, #8038, #3805 ) ;
#9113 = CARTESIAN_POINT ( 'NONE',  ( 11.05147186257613789, 16.94999999999999929, 5.394264068711926541 ) ) ;
#9114 = EDGE_CURVE ( 'NONE', #3402, #425, #5747, .T. ) ;
#9115 = CARTESIAN_POINT ( 'NONE',  ( 3.589234191374098160, 21.69999999999999574, 8.184017242120845026 ) ) ;
#9116 = ORIENTED_EDGE ( 'NONE', *, *, #6783, .F. ) ;
#9117 = LINE ( 'NONE', #891, #3806 ) ;
#9118 = CARTESIAN_POINT ( 'NONE',  ( 5.990245359188437035, 11.20888873565663424, -6.578861877317068618 ) ) ;
#9119 = VECTOR ( 'NONE', #7993, 1000.000000000000000 ) ;
#9120 = VECTOR ( 'NONE', #8712, 1000.000000000000000 ) ;
#9121 = CARTESIAN_POINT ( 'NONE',  ( 7.000000000000000000, 18.18565895348320183, -2.250028231230446263 ) ) ;
#9122 = VECTOR ( 'NONE', #2774, 1000.000000000000000 ) ;
#9123 = ADVANCED_FACE ( 'NONE', ( #1668 ), #416, .T. ) ;
#9124 = CARTESIAN_POINT ( 'NONE',  ( 0.0000000000000000000, 0.8999999999999910294, -11.42999999999999972 ) ) ;
#9125 = VECTOR ( 'NONE', #7282, 1000.000000000000000 ) ;
#9126 = ADVANCED_FACE ( 'NONE', ( #139 ), #4208, .F. ) ;
#9127 = PRESENTATION_LAYER_ASSIGNMENT (  '', '', ( #6247 ) ) ;
#9128 = CARTESIAN_POINT ( 'NONE',  ( 6.999999999999597655, 18.74040530735749499, -5.459905188331799941 ) ) ;
#9130 = VERTEX_POINT ( 'NONE', #7685 ) ;
#9129 = CARTESIAN_POINT ( 'NONE',  ( 5.990245359188431706, 14.04222206898996639, -1.041138122682930156 ) ) ;
#9131 = CARTESIAN_POINT ( 'NONE',  ( 6.599999999999999645, 16.97902142847850016, -6.056640950747330443 ) ) ;
#9132 = ORIENTED_EDGE ( 'NONE', *, *, #2071, .F. ) ;
#9133 = SURFACE_STYLE_FILL_AREA ( #7683 ) ;
#9134 = FILL_AREA_STYLE_COLOUR ( '', #3364 ) ;
#9135 = COLOUR_RGB ( '',0.2862745098039215508, 0.6431372549019607199, 0.8666666666666666963 ) ;
#9136 = DIRECTION ( 'NONE',  ( 0.4999999999999996669, 0.0000000000000000000, -0.8660254037844388186 ) ) ;
#9137 = COLOUR_RGB ( '',0.2862745098039215508, 0.6431372549019607199, 0.8666666666666666963 ) ;
#9138 = CARTESIAN_POINT ( 'NONE',  ( 7.008200274894370807, 13.99985476181183230, 9.183359049252677764 ) ) ;
#9139 = CARTESIAN_POINT ( 'NONE',  ( 6.253159534208761805, 18.75000000000000000, 9.744464409729305387 ) ) ;
#9140 = FILL_AREA_STYLE ('',( #4357 ) ) ;
#9141 = VERTEX_POINT ( 'NONE', #6151 ) ;
#9142 = CARTESIAN_POINT ( 'NONE',  ( 2.616948740878386914, 21.69999999999999574, 1.478985838650952900 ) ) ;
#9143 = CARTESIAN_POINT ( 'NONE',  ( 7.008200274894387682, 12.99985476181182875, -6.056640950747333108 ) ) ;
#9144 = FILL_AREA_STYLE ('',( #6750 ) ) ;
#9145 = ORIENTED_EDGE ( 'NONE', *, *, #7214, .T. ) ;
#9146 = MECHANICAL_DESIGN_GEOMETRIC_PRESENTATION_REPRESENTATION (  '', ( #7787 ), #1127 ) ;
#9147 = CARTESIAN_POINT ( 'NONE',  ( 6.191799725105602725, 16.74985476181183230, -1.563359049252663002 ) ) ;
#9148 = COLOUR_RGB ( '',0.2862745098039215508, 0.6431372549019607199, 0.8666666666666666963 ) ;
#9149 = CARTESIAN_POINT ( 'NONE',  ( 7.641138122682934686, 13.91722206898997172, -8.229754640811567157 ) ) ;
#9150 = FACE_OUTER_BOUND ( 'NONE', #172, .T. ) ;
#9151 = CARTESIAN_POINT ( 'NONE',  ( 5.206020063032059220, 12.33064494388263022, -0.8164005497887748541 ) ) ;
#9152 = FILL_AREA_STYLE ('',( #9944 ) ) ;
#9153 = DIRECTION ( 'NONE',  ( 0.0000000000000000000, 1.000000000000000000, 0.0000000000000000000 ) ) ;
#9154 = CARTESIAN_POINT ( 'NONE',  ( 6.599999999999999645, 18.75000000000000000, -7.620000000000000107 ) ) ;
#9155 = VECTOR ( 'NONE', #2190, 1000.000000000000000 ) ;
#9156 = CARTESIAN_POINT ( 'NONE',  ( 5.094924510635942205, 21.65731800274695829, -4.790691597419142411 ) ) ;
#9157 = CARTESIAN_POINT ( 'NONE',  ( 2.991223924134619683, 18.75000000000000000, -1.648039516159854445 ) ) ;
#9158 = ORIENTED_EDGE ( 'NONE', *, *, #10225, .T. ) ;
#9159 = CARTESIAN_POINT ( 'NONE',  ( 7.993979936967921418, 14.64568809514516268, -8.436400549788809045 ) ) ;
#9160 = CARTESIAN_POINT ( 'NONE',  ( 6.962291394269452205, 18.71222679458384519, 2.219104311607847269 ) ) ;
#9161 = ORIENTED_EDGE ( 'NONE', *, *, #7895, .T. ) ;
#9162 =( BOUNDED_SURFACE ( )  B_SPLINE_SURFACE ( 3, 3, ( 
 ( #5999, #9885, #7589, #9139 ),
 ( #1917, #5212, #3449, #6688 ),
 ( #6797, #9935, #5851, #8233 ),
 ( #2743, #3407, #1828, #6744 ) ),
 .UNSPECIFIED., .F., .F., .T. ) 
 B_SPLINE_SURFACE_WITH_KNOTS ( ( 4, 4 ),
 ( 4, 4 ),
 ( 0.0000000000000000000, 1.000000000000000000 ),
 ( 0.0000000000000000000, 1.000000000000000000 ),
 .UNSPECIFIED. ) 
 GEOMETRIC_REPRESENTATION_ITEM ( )  RATIONAL_B_SPLINE_SURFACE ( (
 ( 1.000000000000000000, 0.4407513212697427019, 0.4407513212697427019, 1.000000000000000000),
 ( 0.8209024677481544519, 0.3618138472935913952, 0.3618138472935913952, 0.8209024677481544519),
 ( 0.8209024677481544519, 0.3618138472935913952, 0.3618138472935913952, 0.8209024677481544519),
 ( 1.000000000000000000, 0.4407513212697427019, 0.4407513212697427019, 1.000000000000000000) ) ) 
 REPRESENTATION_ITEM ( '' )  SURFACE ( )  );
#9163 = DIRECTION ( 'NONE',  ( -0.0000000000000000000, 0.4999999999999965028, 0.8660254037844407060 ) ) ;
#9164 =( NAMED_UNIT ( * ) SI_UNIT ( $, .STERADIAN. ) SOLID_ANGLE_UNIT ( ) );
#9165 = CARTESIAN_POINT ( 'NONE',  ( 8.163359049252660427, 16.12485476181182875, -8.028200274894407684 ) ) ;
#9166 = ORIENTED_EDGE ( 'NONE', *, *, #8914, .F. ) ;
#9167 = CARTESIAN_POINT ( 'NONE',  ( 5.783599450211220017, 15.43735476181183408, 1.393979936967931765 ) ) ;
#9168 = CARTESIAN_POINT ( 'NONE',  ( 6.191799725105621377, 11.76814494388263199, 6.056640950747329555 ) ) ;
#9169 = CARTESIAN_POINT ( 'NONE',  ( 2.225173207194268254, 21.39999999999999858, -5.995540144432570884 ) ) ;
#9170 = DIRECTION ( 'NONE',  ( -0.0000000000000000000, -1.000000000000000000, -0.0000000000000000000 ) ) ;
#9171 = ORIENTED_EDGE ( 'NONE', *, *, #237, .F. ) ;
#9172 = CARTESIAN_POINT ( 'NONE',  ( 3.549953663677376969, 21.70000000000000284, 7.904152037875785020 ) ) ;
#9173 = VERTEX_POINT ( 'NONE', #2950 ) ;
#9174 = DIRECTION ( 'NONE',  ( 8.542704228793731608E-18, -0.9975640502599734116, 0.06975647374199234196 ) ) ;
#9175 = ORIENTED_EDGE ( 'NONE', *, *, #9668, .F. ) ;
#9176 = CARTESIAN_POINT ( 'NONE',  ( 7.993979936967932076, 11.64568809514516090, -8.436400549788784176 ) ) ;
#9177 = DIRECTION ( 'NONE',  ( 0.0000000000000000000, -1.000000000000000000, -1.215927670077199944E-16 ) ) ;
#9178 = EDGE_CURVE ( 'NONE', #5181, #3126, #1911, .T. ) ;
#9179 =( NAMED_UNIT ( * ) PLANE_ANGLE_UNIT ( ) SI_UNIT ( $, .RADIAN. ) );
#9180 = UNCERTAINTY_MEASURE_WITH_UNIT (LENGTH_MEASURE( 1.000000000000000082E-05 ), #8167, 'distance_accuracy_value', 'NONE');
#9181 = CARTESIAN_POINT ( 'NONE',  ( 6.999999999998061107, 18.70170425002353909, -5.417846458312515878 ) ) ;
#9183 = EDGE_LOOP ( 'NONE', ( #10206, #6157, #9166 ) ) ;
#9182 = CARTESIAN_POINT ( 'NONE',  ( 5.783599450211213799, 13.27068809514516090, -1.393979936967932209 ) ) ;
#9184 = EDGE_CURVE ( 'NONE', #2055, #6510, #9392, .T. ) ;
#9185 = ORIENTED_EDGE ( 'NONE', *, *, #1024, .F. ) ;
#9186 = DIRECTION ( 'NONE',  ( 0.0000000000000000000, 0.0000000000000000000, -1.000000000000000000 ) ) ;
#9187 = ADVANCED_FACE ( 'NONE', ( #8598 ), #6078, .T. ) ;
#9188 = ADVANCED_FACE ( 'NONE', ( #3662 ), #464, .F. ) ;
#9189 = CARTESIAN_POINT ( 'NONE',  ( 5.783599450211218240, 14.93735476181183408, 9.013979936967929874 ) ) ;
#9190 = ORIENTED_EDGE ( 'NONE', *, *, #5876, .F. ) ;
#9191 = CARTESIAN_POINT ( 'NONE',  ( 5.036640950747334422, 12.39314494388263199, -7.211799725105614733 ) ) ;
#9192 = CARTESIAN_POINT ( 'NONE',  ( 8.163359049252656874, 15.58318809514516268, 0.4082002748944054682 ) ) ;
#9193 = CARTESIAN_POINT ( 'NONE',  ( 5.432355715851504563, 13.60472206898996639, -7.924877320405795622 ) ) ;
#9194 = DIRECTION ( 'NONE',  ( -1.000000000000000000, 0.0000000000000000000, -0.0000000000000000000 ) ) ;
#9195 = ADVANCED_FACE ( 'NONE', ( #6793 ), #2791, .T. ) ;
#9196 = DIRECTION ( 'NONE',  ( 0.0000000000000000000, 0.2290393337206127755, 0.9734171683347371262 ) ) ;
#9197 = CARTESIAN_POINT ( 'NONE',  ( 5.036640950747334422, 12.87485476181183053, 0.4082002748943829862 ) ) ;
#9198 = LINE ( 'NONE', #2594, #9656 ) ;
#9199 = ADVANCED_FACE ( 'NONE', ( #8490 ), #10140, .T. ) ;
#9200 = FILL_AREA_STYLE_COLOUR ( '', #10472 ) ;
#9201 = FILL_AREA_STYLE_COLOUR ( '', #7335 ) ;
#9202 = DIRECTION ( 'NONE',  ( -1.000000000000000000, 0.0000000000000000000, -0.0000000000000000000 ) ) ;
#9203 = CARTESIAN_POINT ( 'NONE',  ( 6.191799725105602725, 16.26814494388263199, 6.056640950747336660 ) ) ;
#9204 = ORIENTED_EDGE ( 'NONE', *, *, #1113, .T. ) ;
#9205 = CARTESIAN_POINT ( 'NONE',  ( 5.036640950747342416, 15.33318809514516801, -8.028200274894411237 ) ) ;
#9206 = ORIENTED_EDGE ( 'NONE', *, *, #6713, .F. ) ;
#9207 = UNCERTAINTY_MEASURE_WITH_UNIT (LENGTH_MEASURE( 1.000000000000000082E-05 ), #9585, 'distance_accuracy_value', 'NONE');
#9208 = CARTESIAN_POINT ( 'NONE',  ( 8.250000000000000000, 17.19999999999999929, 11.42999999999999972 ) ) ;
#9209 = ORIENTED_EDGE ( 'NONE', *, *, #10027, .T. ) ;
#9210 = CARTESIAN_POINT ( 'NONE',  ( 6.191799725105590291, 15.26814494388263199, -1.563359049252657673 ) ) ;
#9211 = VECTOR ( 'NONE', #9516, 1000.000000000000000 ) ;
#9212 = CARTESIAN_POINT ( 'NONE',  ( 7.993979936967921418, 12.14568809514516623, 6.803599450211191169 ) ) ;
#9213 = VECTOR ( 'NONE', #6813, 1000.000000000000000 ) ;
#9214 = DIRECTION ( 'NONE',  ( 0.7153761792055298718, -0.6987395238751689108, 0.0000000000000000000 ) ) ;
#9215 = CARTESIAN_POINT ( 'NONE',  ( 7.000000000000000000, 18.75000000000000000, -9.740707315959653556 ) ) ;
#9216 = DIRECTION ( 'NONE',  ( 9.637352644315610034E-17, 1.000000000000000000, -0.0000000000000000000 ) ) ;
#9217 = ORIENTED_EDGE ( 'NONE', *, *, #6087, .F. ) ;
#9218 = DIRECTION ( 'NONE',  ( 0.0000000000000000000, 0.0000000000000000000, -1.000000000000000000 ) ) ;
#9219 = AXIS2_PLACEMENT_3D ( 'NONE', #5273, #7691, #3615 ) ;
#9220 =( LENGTH_UNIT ( ) NAMED_UNIT ( * ) SI_UNIT ( .MILLI., .METRE. ) );
#9221 = CARTESIAN_POINT ( 'NONE',  ( 6.200000000000000178, 18.75000000000000000, -9.735099840886190847 ) ) ;
#9222 = CARTESIAN_POINT ( 'NONE',  ( 7.000000000000000000, 18.65697564738294645, -5.403455814737692542 ) ) ;
#9224 = ORIENTED_EDGE ( 'NONE', *, *, #956, .T. ) ;
#9223 = CARTESIAN_POINT ( 'NONE',  ( 5.036640950747334422, 12.87485476181183053, 0.4082002748943829862 ) ) ;
#9225 = CARTESIAN_POINT ( 'NONE',  ( 7.209754640811574689, 16.29222206898996461, -6.578861877317069506 ) ) ;
#9226 = VERTEX_POINT ( 'NONE', #5629 ) ;
#9227 = ORIENTED_EDGE ( 'NONE', *, *, #4023, .F. ) ;
#9228 = CARTESIAN_POINT ( 'NONE',  ( 5.206020063032066325, 15.89568809514516090, -6.803599450211221367 ) ) ;
#9229 = DIRECTION ( 'NONE',  ( 0.6838758462128032845, 0.7001586044559652278, 0.2051627538638472192 ) ) ;
#9230 = CARTESIAN_POINT ( 'NONE',  ( 8.163359049252658650, 14.10147827721596592, 8.028200274894402355 ) ) ;
#9231 = DIRECTION ( 'NONE',  ( 9.637352644315610034E-17, 1.000000000000000000, -0.0000000000000000000 ) ) ;
#9232 = CARTESIAN_POINT ( 'NONE',  ( 5.432355715851507227, 13.14638873565663246, 7.924877320405797398 ) ) ;
#9233 = LINE ( 'NONE', #2639, #395 ) ;
#9234 = ORIENTED_EDGE ( 'NONE', *, *, #9250, .F. ) ;
#9235 = CARTESIAN_POINT ( 'NONE',  ( 2.799999999999999822, 0.0000000000000000000, -11.42999999999999972 ) ) ;
#9236 = EDGE_CURVE ( 'NONE', #2062, #9671, #5521, .T. ) ;
#9237 = CARTESIAN_POINT ( 'NONE',  ( 8.163359049252660427, 16.08318809514516090, 0.4082002748944091319 ) ) ;
#9238 = CARTESIAN_POINT ( 'NONE',  ( 8.163359049252656874, 14.12485476181183408, -8.028200274894414790 ) ) ;
#9239 = DIRECTION ( 'NONE',  ( -0.0000000000000000000, 0.9805806756909201116, 0.1961161351381840168 ) ) ;
#9240 = VERTEX_POINT ( 'NONE', #9553 ) ;
#9241 = PLANE ( 'NONE',  #5987 ) ;
#9242 = CARTESIAN_POINT ( 'NONE',  ( 7.641138122682924028, 14.41722206898996106, -8.229754640811583144 ) ) ;
#9243 = CARTESIAN_POINT ( 'NONE',  ( 5.206020063032084089, 12.41397827721596592, 0.8164005497888086049 ) ) ;
#9244 = CARTESIAN_POINT ( 'NONE',  ( 11.69999999999999929, 0.8999999999999930278, -11.42999999999999794 ) ) ;
#9245 = DIRECTION ( 'NONE',  ( -1.000000000000000000, 0.0000000000000000000, 0.0000000000000000000 ) ) ;
#9246 = LINE ( 'NONE', #7655, #929 ) ;
#9247 = VECTOR ( 'NONE', #7151, 1000.000000000000000 ) ;
#9248 = DIRECTION ( 'NONE',  ( 0.0000000000000000000, 1.000000000000000000, 0.0000000000000000000 ) ) ;
#9249 = CARTESIAN_POINT ( 'NONE',  ( 8.206355231326579514, 21.70000000000000284, -2.607917095496427695 ) ) ;
#9250 = EDGE_CURVE ( 'NONE', #4918, #1989, #4678, .T. ) ;
#9251 =( NAMED_UNIT ( * ) SI_UNIT ( $, .STERADIAN. ) SOLID_ANGLE_UNIT ( ) );
#9252 = CARTESIAN_POINT ( 'NONE',  ( 5.036640950747335310, 16.83318809514516801, 7.211799725105605852 ) ) ;
#9253 = ORIENTED_EDGE ( 'NONE', *, *, #4654, .T. ) ;
#9254 = CARTESIAN_POINT ( 'NONE',  ( 8.163359049252658650, 14.10147827721596592, -7.211799725105596082 ) ) ;
#9255 = EDGE_CURVE ( 'NONE', #6432, #1201, #5088, .T. ) ;
#9256 = COLOUR_RGB ( '',0.2862745098039215508, 0.6431372549019607199, 0.8666666666666666963 ) ;
#9257 = DIRECTION ( 'NONE',  ( 1.000000000000000000, 0.0000000000000000000, -0.0000000000000000000 ) ) ;
#9258 = CARTESIAN_POINT ( 'NONE',  ( 10.97482679280572704, 21.39999999999999858, 5.995540144432562002 ) ) ;
#9259 = CARTESIAN_POINT ( 'NONE',  ( 8.163359049252660427, 16.08318809514516090, -7.211799725105590753 ) ) ;
#9260 = CARTESIAN_POINT ( 'NONE',  ( 8.163359049252667532, 14.60147827721596236, 0.4082002748943792669 ) ) ;
#9261 = VECTOR ( 'NONE', #9304, 1000.000000000000000 ) ;
#9262 = CARTESIAN_POINT ( 'NONE',  ( 6.191799725105594732, 12.95818809514516090, 9.183359049252661777 ) ) ;
#9263 = CARTESIAN_POINT ( 'NONE',  ( 6.599999999999999645, 17.26396121657888472, -5.270243693941861984 ) ) ;
#9264 = CARTESIAN_POINT ( 'NONE',  ( 3.859744489010623170, 21.69999999999999929, 1.368833193786846980 ) ) ;
#9265 = VECTOR ( 'NONE', #7395, 1000.000000000000000 ) ;
#9266 = STYLED_ITEM ( 'NONE', ( #7114 ), #765 ) ;
#9267 = CARTESIAN_POINT ( 'NONE',  ( 11.84279056191359913, 8.199999999999999289, 11.42999999999999972 ) ) ;
#9268 =( NAMED_UNIT ( * ) SI_UNIT ( $, .STERADIAN. ) SOLID_ANGLE_UNIT ( ) );
#9269 = ORIENTED_EDGE ( 'NONE', *, *, #3203, .T. ) ;
#9270 = CARTESIAN_POINT ( 'NONE',  ( 7.949999999999998401, 21.39999999999999858, 7.620000000000000107 ) ) ;
#9271 = CARTESIAN_POINT ( 'NONE',  ( 7.699017176186970346, 11.04107708213589767, -6.508663849977189386 ) ) ;
#9272 = SURFACE_SIDE_STYLE ('',( #6726 ) ) ;
#9273 = PRESENTATION_LAYER_ASSIGNMENT (  '', '', ( #1784 ) ) ;
#9274 = CARTESIAN_POINT ( 'NONE',  ( 5.050458463002602372, 21.62407952923783583, 2.856306490034525858 ) ) ;
#9275 = ADVANCED_FACE ( 'NONE', ( #9507 ), #10359, .T. ) ;
#9276 = DIRECTION ( 'NONE',  ( -0.0000000000000000000, 0.0000000000000000000, -1.000000000000000000 ) ) ;
#9277 = UNCERTAINTY_MEASURE_WITH_UNIT (LENGTH_MEASURE( 1.000000000000000082E-05 ), #10146, 'distance_accuracy_value', 'NONE');
#9278 = VECTOR ( 'NONE', #3253, 1000.000000000000000 ) ;
#9280 = EDGE_LOOP ( 'NONE', ( #6820, #3754 ) ) ;
#9279 = CARTESIAN_POINT ( 'NONE',  ( 5.783599450211176496, 12.77068809514516623, -1.393979936967909339 ) ) ;
#9281 = EDGE_LOOP ( 'NONE', ( #578, #5933, #10474, #2468, #1949 ) ) ;
#9282 = CARTESIAN_POINT ( 'NONE',  ( 7.008200274894397452, 16.22647827721596414, -9.183359049252660000 ) ) ;
#9283 = PRESENTATION_LAYER_ASSIGNMENT (  '', '', ( #9459 ) ) ;
#9284 = FILL_AREA_STYLE ('',( #3403 ) ) ;
#9285 = DIRECTION ( 'NONE',  ( 0.0000000000000000000, 1.000000000000000000, 0.0000000000000000000 ) ) ;
#9286 = CARTESIAN_POINT ( 'NONE',  ( 5.783599450211218240, 14.45564494388263554, 9.013979936967929874 ) ) ;
#9287 = CARTESIAN_POINT ( 'NONE',  ( 1.966173140978199951, 11.50000000000001421, -11.83500000000000085 ) ) ;
#9288 = CARTESIAN_POINT ( 'NONE',  ( 7.209754640811576465, 12.79222206898996461, 8.661138122682922713 ) ) ;
#9289 = VECTOR ( 'NONE', #9641, 1000.000000000000000 ) ;
#9290 = VECTOR ( 'NONE', #8668, 1000.000000000000000 ) ;
#9291 = LINE ( 'NONE', #5272, #1571 ) ;
#9292 = VECTOR ( 'NONE', #5372, 1000.000000000000114 ) ;
#9293 = DIRECTION ( 'NONE',  ( 5.406707733767428959E-16, 1.000000000000000000, 3.604471822511617498E-16 ) ) ;
#9294 = ORIENTED_EDGE ( 'NONE', *, *, #5876, .T. ) ;
#9295 = CARTESIAN_POINT ( 'NONE',  ( 5.783599450211223569, 12.93735476181182875, -6.226020063032060570 ) ) ;
#9296 = DIRECTION ( 'NONE',  ( 0.0000000000000000000, 0.0000000000000000000, 1.000000000000000000 ) ) ;
#9298 = ORIENTED_EDGE ( 'NONE', *, *, #2069, .T. ) ;
#9297 = CARTESIAN_POINT ( 'NONE',  ( 5.206020063032066325, 15.89568809514516090, 0.8164005497887798501 ) ) ;
#9299 = CARTESIAN_POINT ( 'NONE',  ( 7.209754640811556925, 13.79222206898996639, -6.578861877317065066 ) ) ;
#9300 = FACE_OUTER_BOUND ( 'NONE', #3432, .T. ) ;
#9301 = VECTOR ( 'NONE', #3644, 1000.000000000000000 ) ;
#9302 = MECHANICAL_DESIGN_GEOMETRIC_PRESENTATION_REPRESENTATION (  '', ( #1801 ), #10493 ) ;
#9303 = CARTESIAN_POINT ( 'NONE',  ( 5.783599450211198700, 11.95564494388263022, 1.393979936967927546 ) ) ;
#9304 = DIRECTION ( 'NONE',  ( -1.000000000000000000, 0.0000000000000000000, -0.0000000000000000000 ) ) ;
#9305 = DIRECTION ( 'NONE',  ( 0.0000000000000000000, -0.0000000000000000000, -1.000000000000000000 ) ) ;
#9306 = CARTESIAN_POINT ( 'NONE',  ( 8.299999999999998934, 0.5999999999999889866, -8.119999999999999218 ) ) ;
#9307 = CARTESIAN_POINT ( 'NONE',  ( 7.641138122682932021, 16.33388873565662891, 8.229754640811568933 ) ) ;
#9308 = ADVANCED_FACE ( 'NONE', ( #6352 ), #1119, .T. ) ;
#9309 = COLOUR_RGB ( '',0.2862745098039215508, 0.6431372549019607199, 0.8666666666666666963 ) ;
#9310 = CARTESIAN_POINT ( 'NONE',  ( 7.993979936967916089, 15.66397827721596769, 6.803599450211181399 ) ) ;
#9311 = VERTEX_POINT ( 'NONE', #2244 ) ;
#9312 = PRESENTATION_LAYER_ASSIGNMENT (  '', '', ( #9988 ) ) ;
#9313 = CARTESIAN_POINT ( 'NONE',  ( 5.036640950747342416, 14.89314494388263910, -7.211799725105592529 ) ) ;
#9314 = CARTESIAN_POINT ( 'NONE',  ( 7.000000000000000000, 18.75000000000000000, 2.126631248181687361 ) ) ;
#9315 = UNCERTAINTY_MEASURE_WITH_UNIT (LENGTH_MEASURE( 1.000000000000000082E-05 ), #10467, 'distance_accuracy_value', 'NONE');
#9316 = PRESENTATION_STYLE_ASSIGNMENT (( #5239 ) ) ;
#9317 =( NAMED_UNIT ( * ) PLANE_ANGLE_UNIT ( ) SI_UNIT ( $, .RADIAN. ) );
#9318 = FILL_AREA_STYLE ('',( #2665 ) ) ;
#9319 = ORIENTED_EDGE ( 'NONE', *, *, #2008, .T. ) ;
#9320 = CARTESIAN_POINT ( 'NONE',  ( 5.036640950747329981, 15.83318809514516445, -0.4082002748943828196 ) ) ;
#9321 = ADVANCED_FACE ( 'NONE', ( #10457 ), #3933, .F. ) ;
#9322 = COLOUR_RGB ( '',0.2862745098039215508, 0.6431372549019607199, 0.8666666666666666963 ) ;
#9323 = CARTESIAN_POINT ( 'NONE',  ( 7.993979936967914313, 11.14568809514516978, 6.803599450211186728 ) ) ;
#9324 = EDGE_CURVE ( 'NONE', #449, #1277, #4741, .T. ) ;
#9325 = CARTESIAN_POINT ( 'NONE',  ( 6.599999999999999645, 17.25698273513623349, -5.269999999999999574 ) ) ;
#9326 =( LENGTH_UNIT ( ) NAMED_UNIT ( * ) SI_UNIT ( .MILLI., .METRE. ) );
#9327 = VECTOR ( 'NONE', #1805, 1000.000000000000000 ) ;
#9328 = B_SPLINE_CURVE_WITH_KNOTS ( 'NONE', 3,
 ( #2634, #2471, #5905, #1667, #5952, #4910, #5017, #6527, #8227, #8288, #7425, #2576, #4098 ),
 .UNSPECIFIED., .F., .F.,
 ( 4, 2, 2, 1, 2, 2, 4 ),
 ( 0.0000000000000000000, 0.2500000000000116018, 0.3750000000000168199, 0.4375000000000096034, 0.4687500000000089928, 0.5000000000000084377, 1.000000000000000000 ),
 .UNSPECIFIED. ) ;
#9329 = CARTESIAN_POINT ( 'NONE',  ( 0.0000000000000000000, 0.0000000000000000000, 60.95999999999998664 ) ) ;
#9330 = ORIENTED_EDGE ( 'NONE', *, *, #225, .F. ) ;
#9331 = CARTESIAN_POINT ( 'NONE',  ( 7.000000000000000000, 18.65697564738283987, 5.403455814738181928 ) ) ;
#9332 = EDGE_CURVE ( 'NONE', #7111, #1926, #4033, .T. ) ;
#9333 = CARTESIAN_POINT ( 'NONE',  ( 7.209754640811553372, 10.95888873565662891, -8.661138122682944029 ) ) ;
#9334 = AXIS2_PLACEMENT_3D ( 'NONE', #3581, #4229, #7451 ) ;
#9335 = PRODUCT_DEFINITION ( 'UNKNOWN', '', #630, #7996 ) ;
#9336 = DIRECTION ( 'NONE',  ( -0.0000000000000000000, -1.000000000000000000, 0.0000000000000000000 ) ) ;
#9337 = CARTESIAN_POINT ( 'NONE',  ( 6.200000000001852918, 18.67036368809802127, -9.834662492796919508 ) ) ;
#9338 = CYLINDRICAL_SURFACE ( 'NONE', #758, 0.2999999999999999334 ) ;
#9340 = ORIENTED_EDGE ( 'NONE', *, *, #7544, .T. ) ;
#9339 = CARTESIAN_POINT ( 'NONE',  ( 7.993979936967933853, 13.14568809514516978, -0.8164005497887842910 ) ) ;
#9341 = ADVANCED_FACE ( 'NONE', ( #3826 ), #7050, .T. ) ;
#9342 = EDGE_LOOP ( 'NONE', ( #9074, #3951, #7532, #4440, #998, #223, #3223, #5206, #8476, #9476, #6924, #1002, #9703, #8027, #8201, #5165, #7122, #4948, #1339, #6971, #3156, #7874, #9560 ) ) ;
#9343 = CARTESIAN_POINT ( 'NONE',  ( 7.993979936967926747, 16.16397827721596414, -8.436400549788791281 ) ) ;
#9344 = LINE ( 'NONE', #10456, #905 ) ;
#9345 = CARTESIAN_POINT ( 'NONE',  ( 6.599999999999999645, 17.27092694210341506, -7.620000000000000107 ) ) ;
#9346 = CARTESIAN_POINT ( 'NONE',  ( 7.008200274894377024, 13.72647827721596592, 6.056640950747332219 ) ) ;
#9347 = CARTESIAN_POINT ( 'NONE',  ( 8.105115306226334582, 21.65729344254024014, -2.829336269229383749 ) ) ;
#9348 = CARTESIAN_POINT ( 'NONE',  ( 5.990245359188422825, 13.20888873565663069, 8.661138122682924489 ) ) ;
#9349 = PLANE ( 'NONE',  #9631 ) ;
#9350 = ORIENTED_EDGE ( 'NONE', *, *, #3475, .T. ) ;
#9351 = ORIENTED_EDGE ( 'NONE', *, *, #8672, .T. ) ;
#9353 = ORIENTED_EDGE ( 'NONE', *, *, #3014, .F. ) ;
#9352 = CARTESIAN_POINT ( 'NONE',  ( 7.209754640811574689, 16.29222206898996461, 1.041138122682927269 ) ) ;
#9354 = CARTESIAN_POINT ( 'NONE',  ( 5.206020063032073431, 13.39568809514516801, -6.803599450211211597 ) ) ;
#9355 = CARTESIAN_POINT ( 'NONE',  ( 11.29999999999999716, 17.25000000000000355, -2.349999999999999645 ) ) ;
#9356 = CARTESIAN_POINT ( 'NONE',  ( 5.206020063032087641, 11.41397827721596769, 0.8164005497888255913 ) ) ;
#9357 =( LENGTH_UNIT ( ) NAMED_UNIT ( * ) SI_UNIT ( .MILLI., .METRE. ) );
#9358 = CARTESIAN_POINT ( 'NONE',  ( 8.125153880830763953, 21.64369301688781633, 4.778454266702097719 ) ) ;
#9359 = CARTESIAN_POINT ( 'NONE',  ( 5.036640950747335310, 16.83318809514516801, 7.211799725105605852 ) ) ;
#9360 = SURFACE_SIDE_STYLE ('',( #3688 ) ) ;
#9361 = DIRECTION ( 'NONE',  ( -8.185976218434330542E-17, 1.000000000000000000, 0.0000000000000000000 ) ) ;
#9362 = CARTESIAN_POINT ( 'NONE',  ( 5.783599450211211135, 15.95564494388263022, 9.013979936967926321 ) ) ;
#9363 = ORIENTED_EDGE ( 'NONE', *, *, #6091, .T. ) ;
#9364 = CARTESIAN_POINT ( 'NONE',  ( 5.206020063032066325, 14.81235476181183230, -8.436400549788778847 ) ) ;
#9365 = CARTESIAN_POINT ( 'NONE',  ( 6.599999999999999645, 17.02352941175888645, 0.0000000000000000000 ) ) ;
#9366 = CARTESIAN_POINT ( 'NONE',  ( 6.962913914258704651, 18.65697564737699210, 5.397082634002046575 ) ) ;
#9367 = VERTEX_POINT ( 'NONE', #8577 ) ;
#9368 = CARTESIAN_POINT ( 'NONE',  ( 8.163359049252656874, 14.64314494388262844, -0.4082002748944137949 ) ) ;
#9369 = CARTESIAN_POINT ( 'NONE',  ( 7.008200274894371695, 15.70818809514516445, -9.183359049252672435 ) ) ;
#9370 = CARTESIAN_POINT ( 'NONE',  ( 5.783599450211187154, 11.27068809514516623, 6.226020063032086327 ) ) ;
#9371 = CARTESIAN_POINT ( 'NONE',  ( 8.034050964778936432, 21.69029997970700663, 2.787125372549153823 ) ) ;
#9372 = CARTESIAN_POINT ( 'NONE',  ( 2.099999999999999201, 9.399999999999989697, 208.7460000000000093 ) ) ;
#9373 = EDGE_CURVE ( 'NONE', #8551, #5289, #3711, .T. ) ;
#9374 = DIRECTION ( 'NONE',  ( 1.000000000000000000, 0.0000000000000000000, 0.0000000000000000000 ) ) ;
#9375 = ORIENTED_EDGE ( 'NONE', *, *, #3010, .T. ) ;
#9376 = VECTOR ( 'NONE', #3369, 1000.000000000000000 ) ;
#9377 = SURFACE_STYLE_USAGE ( .BOTH. , #10026 ) ;
#9378 = LINE ( 'NONE', #8586, #7913 ) ;
#9379 = PRESENTATION_LAYER_ASSIGNMENT (  '', '', ( #3446 ) ) ;
#9380 = PRODUCT_DEFINITION_SHAPE ( 'NONE', 'NONE',  #10582 ) ;
#9381 = EDGE_CURVE ( 'NONE', #4479, #662, #5409, .T. ) ;
#9382 =( LENGTH_UNIT ( ) NAMED_UNIT ( * ) SI_UNIT ( .MILLI., .METRE. ) );
#9383 = EDGE_CURVE ( 'NONE', #3355, #1067, #5246, .T. ) ;
#9385 = ORIENTED_EDGE ( 'NONE', *, *, #1360, .T. ) ;
#9384 = CARTESIAN_POINT ( 'NONE',  ( 7.993979936967930300, 12.64568809514516090, -0.8164005497887835139 ) ) ;
#9386 = CARTESIAN_POINT ( 'NONE',  ( 7.008200274894408111, 16.20818809514516801, -9.183359049252658224 ) ) ;
#9387 = ORIENTED_EDGE ( 'NONE', *, *, #865, .F. ) ;
#9388 = EDGE_LOOP ( 'NONE', ( #4233, #10094, #6057, #8792 ) ) ;
#9389 = CARTESIAN_POINT ( 'NONE',  ( 8.163359049252660427, 15.60147827721596947, -7.211799725105590753 ) ) ;
#9390 = COLOUR_RGB ( '',0.2862745098039215508, 0.6431372549019607199, 0.8666666666666666963 ) ;
#9391 =( LENGTH_UNIT ( ) NAMED_UNIT ( * ) SI_UNIT ( .MILLI., .METRE. ) );
#9392 = LINE ( 'NONE', #2738, #244 ) ;
#9393 = CARTESIAN_POINT ( 'NONE',  ( 5.036640950747340639, 14.35147827721596236, 7.211799725105588088 ) ) ;
#9394 = CARTESIAN_POINT ( 'NONE',  ( 6.199999999999999289, 17.94999999999999929, -1.219999999999999973 ) ) ;
#9395 = CARTESIAN_POINT ( 'NONE',  ( 6.295122679594225445, 13.22972206898996816, 8.787644284148504070 ) ) ;
#9396 = PRESENTATION_STYLE_ASSIGNMENT (( #10310 ) ) ;
#9397 = FILL_AREA_STYLE_COLOUR ( '', #8948 ) ;
#9398 = ORIENTED_EDGE ( 'NONE', *, *, #6268, .F. ) ;
#9399 = CARTESIAN_POINT ( 'NONE',  ( 9.250000000000000000, 16.94999999999999929, 208.7460000000000093 ) ) ;
#9400 = ORIENTED_EDGE ( 'NONE', *, *, #6529, .T. ) ;
#9402 = VERTEX_POINT ( 'NONE', #8638 ) ;
#9401 = CARTESIAN_POINT ( 'NONE',  ( 5.783599450211191595, 16.27068809514516445, -1.393979936967921107 ) ) ;
#9403 = CARTESIAN_POINT ( 'NONE',  ( 7.209754640811554260, 13.29222206898996639, -6.578861877317065954 ) ) ;
#9404 = CARTESIAN_POINT ( 'NONE',  ( 6.599999999999999645, 17.25698273513623349, -9.969999999999998863 ) ) ;
#9405 = CARTESIAN_POINT ( 'NONE',  ( 7.416400549788761509, 10.70564494388262133, -1.393979936967944644 ) ) ;
#9406 = CARTESIAN_POINT ( 'NONE',  ( 8.250000000000000000, 21.69999999999999929, -10.53547594742270022 ) ) ;
#9407 = CARTESIAN_POINT ( 'NONE',  ( 9.454901547951306995, 21.70000000000000284, 6.509591870928330692 ) ) ;
#9408 = CARTESIAN_POINT ( 'NONE',  ( 5.558861877317064604, 16.08388873565662536, 7.010245359188444603 ) ) ;
#9409 = DIRECTION ( 'NONE',  ( 0.0000000000000000000, 1.000000000000000000, -0.0000000000000000000 ) ) ;
#9410 = EDGE_CURVE ( 'NONE', #8486, #7192, #597, .T. ) ;
#9411 = CARTESIAN_POINT ( 'NONE',  ( 7.209754640811573800, 11.79222206898996816, 8.661138122682926266 ) ) ;
#9412 = CARTESIAN_POINT ( 'NONE',  ( 5.036640950747329981, 15.35147827721596769, 7.211799725105617398 ) ) ;
#9413 = ORIENTED_EDGE ( 'NONE', *, *, #440, .T. ) ;
#9414 = ORIENTED_EDGE ( 'NONE', *, *, #2867, .T. ) ;
#9415 = CARTESIAN_POINT ( 'NONE',  ( 7.008200274894377024, 14.20818809514516623, -9.183359049252667106 ) ) ;
#9416 = FACE_OUTER_BOUND ( 'NONE', #1991, .T. ) ;
#9417 = CARTESIAN_POINT ( 'NONE',  ( 8.038914893198333189, 21.68893409692951124, 10.40914742985551733 ) ) ;
#9418 = CARTESIAN_POINT ( 'NONE',  ( 1.900000000000004130, 17.07426406871192626, -5.269999999999998685 ) ) ;
#9419 = ORIENTED_EDGE ( 'NONE', *, *, #5912, .F. ) ;
#9420 = CARTESIAN_POINT ( 'NONE',  ( 5.036640950747324652, 14.39314494388263022, 0.4082002748943680537 ) ) ;
#9421 = VECTOR ( 'NONE', #5581, 1000.000000000000000 ) ;
#9422 = CARTESIAN_POINT ( 'NONE',  ( 7.993979936967932076, 11.64568809514516090, 6.803599450211215149 ) ) ;
#9423 = PRESENTATION_LAYER_ASSIGNMENT (  '', '', ( #3145 ) ) ;
#9424 = CARTESIAN_POINT ( 'NONE',  ( 8.250000000000000000, 21.39999999999999858, 2.915475947422649927 ) ) ;
#9425 = ORIENTED_EDGE ( 'NONE', *, *, #5830, .T. ) ;
#9426 = PRESENTATION_LAYER_ASSIGNMENT (  '', '', ( #5196 ) ) ;
#9427 = CARTESIAN_POINT ( 'NONE',  ( 6.999999999999292122, 18.69941473230050732, -9.824227918229217593 ) ) ;
#9428 = FACE_OUTER_BOUND ( 'NONE', #7312, .T. ) ;
#9429 = CARTESIAN_POINT ( 'NONE',  ( 0.0000000000000000000, 0.0000000000000000000, 0.0000000000000000000 ) ) ;
#9430 = VERTEX_POINT ( 'NONE', #1364 ) ;
#9431 = CARTESIAN_POINT ( 'NONE',  ( 8.250000000000000000, 21.69999999999999929, -10.53547594742270022 ) ) ;
#9432 = MECHANICAL_DESIGN_GEOMETRIC_PRESENTATION_REPRESENTATION (  '', ( #1234 ), #10292 ) ;
#9433 = VECTOR ( 'NONE', #9857, 1000.000000000000000 ) ;
#9434 = CARTESIAN_POINT ( 'NONE',  ( 5.250000000000000888, 21.69999999999999929, 2.734958866235468466 ) ) ;
#9435 = EDGE_CURVE ( 'NONE', #8377, #2193, #7779, .T. ) ;
#9436 = CARTESIAN_POINT ( 'NONE',  ( 2.078756443470179960, 11.50000000000000000, -11.89999999999999858 ) ) ;
#9437 =( GEOMETRIC_REPRESENTATION_CONTEXT ( 3 ) GLOBAL_UNCERTAINTY_ASSIGNED_CONTEXT ( ( #9729 ) ) GLOBAL_UNIT_ASSIGNED_CONTEXT ( ( #9672, #3989, #954 ) ) REPRESENTATION_CONTEXT ( 'NONE', 'WORKASPACE' ) );
#9438 = CIRCLE ( 'NONE', #6385, 3.350000000000000533 ) ;
#9439 = CARTESIAN_POINT ( 'NONE',  ( 12.59999999999999964, 0.0000000000000000000, 11.42999999999999972 ) ) ;
#9440 = PRESENTATION_STYLE_ASSIGNMENT (( #569 ) ) ;
#9442 = ORIENTED_EDGE ( 'NONE', *, *, #5141, .F. ) ;
#9441 = CARTESIAN_POINT ( 'NONE',  ( 6.191799725105618712, 12.45818809514516801, 1.563359049252671440 ) ) ;
#9443 = VERTEX_POINT ( 'NONE', #10184 ) ;
#9444 = ORIENTED_EDGE ( 'NONE', *, *, #9658, .T. ) ;
#9445 = AXIS2_PLACEMENT_3D ( 'NONE', #4789, #9707, #9754 ) ;
#9446 = VECTOR ( 'NONE', #678, 1000.000000000000000 ) ;
#9447 = CARTESIAN_POINT ( 'NONE',  ( 5.157438894810345786, 21.57573593128806877, 4.596505753636366265 ) ) ;
#9448 = EDGE_CURVE ( 'NONE', #2102, #3749, #1960, .T. ) ;
#9449 = FILL_AREA_STYLE ('',( #1117 ) ) ;
#9450 = LINE ( 'NONE', #5426, #7561 ) ;
#9451 = CARTESIAN_POINT ( 'NONE',  ( 5.558861877317071709, 13.16722206898996461, 8.229754640811563604 ) ) ;
#9452 = EDGE_CURVE ( 'NONE', #9461, #8313, #949, .T. ) ;
#9453 = CARTESIAN_POINT ( 'NONE',  ( 9.224999999999999645, 0.9000000000000100142, -6.819999999999979856 ) ) ;
#9454 = CARTESIAN_POINT ( 'NONE',  ( 6.599999999999999645, 17.02352941176470580, 7.620000000000000107 ) ) ;
#9455 = VECTOR ( 'NONE', #3907, 1000.000000000000000 ) ;
#9456 = ORIENTED_EDGE ( 'NONE', *, *, #8864, .F. ) ;
#9457 = PRESENTATION_LAYER_ASSIGNMENT (  '', '', ( #3868 ) ) ;
#9458 = CARTESIAN_POINT ( 'NONE',  ( 4.025000000000000355, 16.30000000000000071, 4.410000000000000142 ) ) ;
#9459 = STYLED_ITEM ( 'NONE', ( #5298 ), #6645 ) ;
#9461 = VERTEX_POINT ( 'NONE', #6094 ) ;
#9460 = CARTESIAN_POINT ( 'NONE',  ( 6.904877320405795160, 14.47972206898996106, -1.167644284148494194 ) ) ;
#9462 = CARTESIAN_POINT ( 'NONE',  ( 7.641138122682916922, 13.33388873565663069, -7.010245359188409964 ) ) ;
#9463 = LINE ( 'NONE', #5438, #3104 ) ;
#9464 = APPLICATION_CONTEXT ( 'automotive_design' ) ;
#9465 = CARTESIAN_POINT ( 'NONE',  ( 7.416400549788805918, 11.68735476181182698, -1.393979936967921329 ) ) ;
#9466 = CARTESIAN_POINT ( 'NONE',  ( 8.300000000000000711, -4.750000000000000000, 7.919999999999999929 ) ) ;
#9467 = CARTESIAN_POINT ( 'NONE',  ( 8.249999999999998224, 21.39999999999999858, 7.620000000000000107 ) ) ;
#9468 = PRESENTATION_LAYER_ASSIGNMENT (  '', '', ( #2662 ) ) ;
#9469 = COLOUR_RGB ( '',0.2862745098039215508, 0.6431372549019607199, 0.8666666666666666963 ) ;
#9470 = CARTESIAN_POINT ( 'NONE',  ( 9.610890619003882307, 21.70000000000000284, 8.183948772690225582 ) ) ;
#9471 = PRESENTATION_LAYER_ASSIGNMENT (  '', '', ( #6585 ) ) ;
#9472 = CARTESIAN_POINT ( 'NONE',  ( 7.767644284148503608, 16.35472206898996106, 7.924877320405782299 ) ) ;
#9473 = FILL_AREA_STYLE ('',( #6222 ) ) ;
#9474 = CARTESIAN_POINT ( 'NONE',  ( 7.008200274894411663, 12.70818809514516801, 6.056640950747344654 ) ) ;
#9475 = CARTESIAN_POINT ( 'NONE',  ( 5.783599450211217352, 15.77068809514516445, 6.226020063032068563 ) ) ;
#9476 = ORIENTED_EDGE ( 'NONE', *, *, #9843, .F. ) ;
#9477 = CARTESIAN_POINT ( 'NONE',  ( 7.993979936967930300, 14.14568809514516623, -8.436400549788782399 ) ) ;
#9478 = SURFACE_STYLE_FILL_AREA ( #5451 ) ;
#9479 = AXIS2_PLACEMENT_3D ( 'NONE', #5068, #3404, #8179 ) ;
#9480 = PLANE ( 'NONE',  #1121 ) ;
#9481 = MECHANICAL_DESIGN_GEOMETRIC_PRESENTATION_REPRESENTATION (  '', ( #3007 ), #10147 ) ;
#9482 = DIRECTION ( 'NONE',  ( 0.0000000000000000000, 0.0000000000000000000, -1.000000000000000000 ) ) ;
#9483 = DIRECTION ( 'NONE',  ( 1.000000000000000000, -9.637352644315610034E-17, -0.0000000000000000000 ) ) ;
#9484 = ORIENTED_EDGE ( 'NONE', *, *, #1149, .F. ) ;
#9485 = CARTESIAN_POINT ( 'NONE',  ( 5.206020063032071654, 14.39568809514516445, 0.8164005497887854013 ) ) ;
#9486 = EDGE_CURVE ( 'NONE', #6682, #8377, #3371, .T. ) ;
#9487 = PRODUCT_DEFINITION_SHAPE ( 'NONE', 'NONE',  #10583 ) ;
#9488 = CARTESIAN_POINT ( 'NONE',  ( 7.993979936967914313, 10.66397827721597480, 6.803599450211186728 ) ) ;
#9489 = AXIS2_PLACEMENT_3D ( 'NONE', #1167, #1377, #2354 ) ;
#9490 = SURFACE_SIDE_STYLE ('',( #7227 ) ) ;
#9491 = CARTESIAN_POINT ( 'NONE',  ( 1.900000000000001243, 17.07426406871192981, 2.349999999999999645 ) ) ;
#9492 = ORIENTED_EDGE ( 'NONE', *, *, #2616, .T. ) ;
#9493 = CARTESIAN_POINT ( 'NONE',  ( 6.599999999999999645, 17.25000000000000000, -5.570000000000000284 ) ) ;
#9494 = DIRECTION ( 'NONE',  ( -1.000000000000000000, 0.0000000000000000000, 0.0000000000000000000 ) ) ;
#9495 = CARTESIAN_POINT ( 'NONE',  ( 4.949999999999999289, 17.19999999999999929, -11.43000000000000149 ) ) ;
#9496 =( GEOMETRIC_REPRESENTATION_CONTEXT ( 3 ) GLOBAL_UNCERTAINTY_ASSIGNED_CONTEXT ( ( #8752 ) ) GLOBAL_UNIT_ASSIGNED_CONTEXT ( ( #9956, #2715, #3378 ) ) REPRESENTATION_CONTEXT ( 'NONE', 'WORKASPACE' ) );
#9497 = CARTESIAN_POINT ( 'NONE',  ( 6.599999999999999645, 16.49731161054929984, 1.563359049252670108 ) ) ;
#9498 = CARTESIAN_POINT ( 'NONE',  ( 5.250000000000000000, 21.39999999999999858, 7.620000000000000107 ) ) ;
#9499 = UNCERTAINTY_MEASURE_WITH_UNIT (LENGTH_MEASURE( 1.000000000000000082E-05 ), #9680, 'distance_accuracy_value', 'NONE');
#9500 = PLANE ( 'NONE',  #1634 ) ;
#9501 =( BOUNDED_SURFACE ( )  B_SPLINE_SURFACE ( 3, 3, ( 
 ( #7489, #263, #9142, #9084 ),
 ( #5217, #9031, #7533, #1873 ),
 ( #3573, #10043, #8444, #1125 ),
 ( #5024, #7373, #8238, #48 ) ),
 .UNSPECIFIED., .F., .F., .F. ) 
 B_SPLINE_SURFACE_WITH_KNOTS ( ( 4, 4 ),
 ( 4, 4 ),
 ( 0.0000000000000000000, 1.000000000000000000 ),
 ( 0.0000000000000000000, 1.000000000000000000 ),
 .UNSPECIFIED. ) 
 GEOMETRIC_REPRESENTATION_ITEM ( )  RATIONAL_B_SPLINE_SURFACE ( (
 ( 1.000000000000000000, 0.6204101701869964014, 0.6204101701869964014, 1.000000000000000000),
 ( 0.8047378541243663808, 0.4992675490332164068, 0.4992675490332164068, 0.8047378541243663808),
 ( 0.8047378541243663808, 0.4992675490332164068, 0.4992675490332164068, 0.8047378541243663808),
 ( 1.000000000000000000, 0.6204101701869964014, 0.6204101701869964014, 1.000000000000000000) ) ) 
 REPRESENTATION_ITEM ( '' )  SURFACE ( )  );
#9502 = FACE_OUTER_BOUND ( 'NONE', #7750, .T. ) ;
#9504 = EDGE_LOOP ( 'NONE', ( #1372, #3525, #6303, #5123 ) ) ;
#9503 = CARTESIAN_POINT ( 'NONE',  ( 7.209754640811555149, 12.29222206898996284, 1.041138122682933709 ) ) ;
#9505 = VERTEX_POINT ( 'NONE', #2065 ) ;
#9506 = PLANE ( 'NONE',  #10119 ) ;
#9507 = FACE_OUTER_BOUND ( 'NONE', #77, .T. ) ;
#9508 = DIRECTION ( 'NONE',  ( 8.185976218434330542E-17, -1.000000000000000000, -0.0000000000000000000 ) ) ;
#9509 = CARTESIAN_POINT ( 'NONE',  ( 12.09999999999999964, 11.05000000000000071, 11.42999999999999972 ) ) ;
#9510 = VERTEX_POINT ( 'NONE', #2885 ) ;
#9511 = EDGE_CURVE ( 'NONE', #7407, #7372, #7719, .T. ) ;
#9512 = DIRECTION ( 'NONE',  ( 0.0000000000000000000, 1.000000000000000000, 0.0000000000000000000 ) ) ;
#9514 = ORIENTED_EDGE ( 'NONE', *, *, #8212, .T. ) ;
#9513 = CARTESIAN_POINT ( 'NONE',  ( 5.036640950747342416, 15.33318809514516801, -0.4082002748944122406 ) ) ;
#9515 = CARTESIAN_POINT ( 'NONE',  ( 8.163359049252656874, 13.08318809514516445, -7.211799725105595193 ) ) ;
#9516 = DIRECTION ( 'NONE',  ( -0.0000000000000000000, 1.000000000000000000, 1.215927670077199944E-16 ) ) ;
#9517 = EDGE_CURVE ( 'NONE', #3776, #3616, #3763, .T. ) ;
#9518 = EDGE_CURVE ( 'NONE', #4479, #4204, #6137, .T. ) ;
#9519 = CARTESIAN_POINT ( 'NONE',  ( 5.036640950747341527, 10.85147827721596236, -0.4082002748944045800 ) ) ;
#9520 = CARTESIAN_POINT ( 'NONE',  ( 0.0000000000000000000, 8.199999999999999289, -11.42999999999999972 ) ) ;
#9521 = SURFACE_STYLE_FILL_AREA ( #6960 ) ;
#9522 = CARTESIAN_POINT ( 'NONE',  ( 7.993979936967914313, 16.06235476181182875, 8.436400549788817926 ) ) ;
#9523 = FILL_AREA_STYLE_COLOUR ( '', #5536 ) ;
#9524 = CARTESIAN_POINT ( 'NONE',  ( 7.209754640811555149, 12.29222206898996284, 8.661138122682931595 ) ) ;
#9525 = CARTESIAN_POINT ( 'NONE',  ( 5.206020063032076095, 15.33064494388263377, 6.803599450211194721 ) ) ;
#9526 = VERTEX_POINT ( 'NONE', #3866 ) ;
#9527 = CARTESIAN_POINT ( 'NONE',  ( 7.416400549788803254, 13.70564494388263554, -9.013979936967919215 ) ) ;
#9528 = EDGE_CURVE ( 'NONE', #2696, #9240, #3543, .T. ) ;
#9529 = FILL_AREA_STYLE_COLOUR ( '', #9137 ) ;
#9530 = CARTESIAN_POINT ( 'NONE',  ( 6.999999999999292122, 18.69941473230051443, 5.415772081770785285 ) ) ;
#9531 = CARTESIAN_POINT ( 'NONE',  ( 2.199999999999998845, 0.8999999999999934719, -11.42999999999999794 ) ) ;
#9532 = CARTESIAN_POINT ( 'NONE',  ( 6.955764655264503382, 18.75000000000000000, 9.799126782755376297 ) ) ;
#9533 = ADVANCED_FACE ( 'NONE', ( #9428 ), #3213, .F. ) ;
#9534 = CARTESIAN_POINT ( 'NONE',  ( 5.990245359188416607, 15.70888873565663779, -6.578861877317073059 ) ) ;
#9535 = VERTEX_POINT ( 'NONE', #4718 ) ;
#9536 = CARTESIAN_POINT ( 'NONE',  ( 5.206020063032076095, 13.83064494388263199, -0.8164005497888079388 ) ) ;
#9537 = CARTESIAN_POINT ( 'NONE',  ( 2.942790561913609881, -6.929999999999949978, 10.81000000000000050 ) ) ;
#9538 = CARTESIAN_POINT ( 'NONE',  ( 5.036640950747339751, 11.87485476181183763, 8.028200274894423671 ) ) ;
#9539 = CARTESIAN_POINT ( 'NONE',  ( 6.199999999999999289, 18.75000000000000000, -5.499292684040165469 ) ) ;
#9540 = FILL_AREA_STYLE_COLOUR ( '', #3876 ) ;
#9541 =( NAMED_UNIT ( * ) SI_UNIT ( $, .STERADIAN. ) SOLID_ANGLE_UNIT ( ) );
#9542 = CARTESIAN_POINT ( 'NONE',  ( 1.900000000000004796, 17.25000000000000355, 9.970000000000000639 ) ) ;
#9543 = CARTESIAN_POINT ( 'NONE',  ( 6.999999999999999112, 18.75000000000000000, -9.735099840886189071 ) ) ;
#9544 = DIRECTION ( 'NONE',  ( 0.0000000000000000000, 1.000000000000000000, 0.0000000000000000000 ) ) ;
#9545 = EDGE_CURVE ( 'NONE', #1315, #316, #6453, .T. ) ;
#9546 = SURFACE_STYLE_USAGE ( .BOTH. , #1328 ) ;
#9547 = DIRECTION ( 'NONE',  ( -0.0000000000000000000, 0.4999999999999965028, 0.8660254037844407060 ) ) ;
#9549 = ORIENTED_EDGE ( 'NONE', *, *, #5351, .F. ) ;
#9548 = CARTESIAN_POINT ( 'NONE',  ( 7.641138122682924916, 11.83388873565663779, 0.6097546408115619432 ) ) ;
#9550 = ORIENTED_EDGE ( 'NONE', *, *, #3833, .T. ) ;
#9551 = ORIENTED_EDGE ( 'NONE', *, *, #9753, .F. ) ;
#9552 =( NAMED_UNIT ( * ) PLANE_ANGLE_UNIT ( ) SI_UNIT ( $, .RADIAN. ) );
#9553 = CARTESIAN_POINT ( 'NONE',  ( 6.200000000000000178, 18.75000000000000000, 5.504900159113811142 ) ) ;
#9554 = PRESENTATION_STYLE_ASSIGNMENT (( #10199 ) ) ;
#9555 = FILL_AREA_STYLE ('',( #728 ) ) ;
#9556 = DIRECTION ( 'NONE',  ( 0.0000000000000000000, 0.0000000000000000000, 1.000000000000000000 ) ) ;
#9557 = ORIENTED_EDGE ( 'NONE', *, *, #5979, .F. ) ;
#9558 = DIRECTION ( 'NONE',  ( 0.0000000000000000000, -0.0000000000000000000, 1.000000000000000000 ) ) ;
#9560 = ORIENTED_EDGE ( 'NONE', *, *, #506, .F. ) ;
#9559 = CARTESIAN_POINT ( 'NONE',  ( 6.295122679594223669, 14.52138873565663246, -1.167644284148501521 ) ) ;
#9561 =( GEOMETRIC_REPRESENTATION_CONTEXT ( 3 ) GLOBAL_UNCERTAINTY_ASSIGNED_CONTEXT ( ( #10046 ) ) GLOBAL_UNIT_ASSIGNED_CONTEXT ( ( #6424, #8915, #10569 ) ) REPRESENTATION_CONTEXT ( 'NONE', 'WORKASPACE' ) );
#9562 = B_SPLINE_SURFACE_WITH_KNOTS ( 'NONE', 3, 1, ( 
 ( #7481, #3288 ),
 ( #10567, #4970 ),
 ( #2530, #8177 ),
 ( #138, #5903 ),
 ( #2631, #7366 ),
 ( #36, #4205 ),
 ( #3345, #186 ),
 ( #6592, #92 ),
 ( #2024, #309 ),
 ( #9282, #5994 ),
 ( #7636, #10245 ),
 ( #9343, #1048 ),
 ( #7580, #6150 ),
 ( #7681, #2897 ),
 ( #2789, #5310 ),
 ( #6105, #4350 ),
 ( #252, #3563 ),
 ( #1165, #353 ),
 ( #409, #6044 ),
 ( #8535, #1215 ),
 ( #4509, #2845 ),
 ( #5157, #10195 ),
 ( #6791, #1974 ),
 ( #3608, #4405 ),
 ( #10137, #1866 ),
 ( #1282, #6999 ),
 ( #10032, #6837 ),
 ( #6946, #8379 ),
 ( #8434, #2736 ),
 ( #9389, #2077 ),
 ( #7736, #5266 ),
 ( #4451, #3724 ),
 ( #5360, #8596 ),
 ( #10086, #4573 ),
 ( #7800, #8489 ),
 ( #462, #9228 ),
 ( #3661, #3777 ),
 ( #2948, #1910 ),
 ( #6201, #5208 ),
 ( #1115, #6884 ),
 ( #953, #6724 ),
 ( #10224, #9369 ),
 ( #3803, #7884 ),
 ( #1250, #3855 ),
 ( #2057, #2174 ),
 ( #8681, #4548 ),
 ( #7777, #3756 ),
 ( #3469, #4480 ),
 ( #1189, #5235 ),
 ( #7706, #2711 ),
 ( #7549, #6017 ),
 ( #10010, #5971 ),
 ( #9313, #1842 ),
 ( #6861, #9205 ),
 ( #6705, #1142 ),
 ( #9953, #2818 ),
 ( #380, #6765 ),
 ( #2660, #3635 ),
 ( #217, #3526 ),
 ( #6818, #3692 ),
 ( #5139, #6074 ),
 ( #2001, #5290 ),
 ( #8508, #6915 ),
 ( #4429, #284 ),
 ( #1889, #7505 ),
 ( #5182, #8405 ),
 ( #2049, #10169 ),
 ( #2872, #1082 ),
 ( #160, #8461 ),
 ( #6125, #1242 ),
 ( #8356, #9364 ),
 ( #5337, #7660 ),
 ( #8564, #4378 ),
 ( #7611, #1027 ),
 ( #3587, #10061 ),
 ( #2765, #9159 ),
 ( #5929, #4325 ),
 ( #9254, #331 ),
 ( #1943, #539 ),
 ( #6969, #2320 ),
 ( #5449, #3905 ),
 ( #7072, #10267 ),
 ( #5602, #4761 ),
 ( #3037, #2919 ),
 ( #8828, #4540 ),
 ( #2168, #10218 ),
 ( #7767, #7020 ),
 ( #6280, #7822 ),
 ( #438, #4646 ),
 ( #6175, #9415 ),
 ( #9527, #5390 ),
 ( #484, #9477 ),
 ( #596, #7876 ),
 ( #10330, #2215 ),
 ( #1399, #8727 ),
 ( #7123, #5811 ),
 ( #7323, #2537 ),
 ( #2421, #4977 ),
 ( #5758, #695 ),
 ( #7217, #3194 ),
 ( #6541, #9032 ),
 ( #10475, #6433 ),
 ( #3410, #8925 ),
 ( #5692, #2371 ),
 ( #4808, #9841 ),
 ( #9678, #1611 ),
 ( #7270, #4053 ),
 ( #9780, #1503 ),
 ( #917, #6647 ),
 ( #5649, #10529 ),
 ( #6601, #8029 ),
 ( #8873, #1546 ),
 ( #2479, #1722 ),
 ( #4919, #8982 ),
 ( #4107, #49 ),
 ( #5025, #1674 ),
 ( #3245, #8185 ),
 ( #3357, #6481 ),
 ( #863, #4860 ),
 ( #3296, #8239 ),
 ( #4217, #8080 ),
 ( #747, #8137 ),
 ( #9889, #4161 ),
 ( #7437, #103 ),
 ( #808, #3999 ),
 ( #7374, #2586 ),
 ( #9727, #5854 ),
 ( #10578, #6802 ),
 ( #1874, #9143 ),
 ( #1173, #146 ),
 ( #6690, #9295 ),
 ( #7594, #10044 ),
 ( #9191, #7645 ),
 ( #9937, #2747 ),
 ( #1012, #6002 ),
 ( #317, #3618 ),
 ( #2799, #4460 ),
 ( #5636, #10561 ),
 ( #1531, #1710 ),
 ( #4196, #8908 ),
 ( #4903, #2464 ),
 ( #3282, #6520 ),
 ( #3603, #10298 ),
 ( #7090, #3101 ),
 ( #8794, #9589 ),
 ( #4715, #6662 ),
 ( #4170, #3310 ),
 ( #3258, #10494 ),
 ( #4937, #9742 ),
 ( #8311, #9902 ),
 ( #934, #4121 ),
 ( #2437, #5039 ),
 ( #1687, #6494 ),
 ( #1563, #7455 ),
 ( #6560, #4235 ),
 ( #8255, #5710 ),
 ( #7336, #4070 ),
 ( #6, #9798 ),
 ( #820, #4879 ),
 ( #8885, #120 ),
 ( #2501, #3375 ),
 ( #986, #3423 ),
 ( #9856, #4279 ),
 ( #878, #6447 ),
 ( #5775, #8944 ),
 ( #2600, #5869 ),
 ( #8997, #8097 ),
 ( #3211, #9101 ),
 ( #1635, #8150 ),
 ( #1791, #4989 ),
 ( #8199, #10542 ),
 ( #7391, #9690 ),
 ( #62, #2385 ),
 ( #5660, #770 ),
 ( #7286, #6614 ),
 ( #2551, #5823 ),
 ( #9045, #1735 ),
 ( #2574, #4908 ),
 ( #796, #9926 ),
 ( #902, #6683 ),
 ( #6589, #9072 ),
 ( #4095, #9981 ),
 ( #7313, #6524 ),
 ( #4202, #5015 ),
 ( #10565, #3286 ),
 ( #182, #2528 ),
 ( #9828, #5743 ),
 ( #8912, #3444 ),
 ( #8972, #5800 ),
 ( #851, #8173 ),
 ( #3401, #5681 ),
 ( #1764, #2629 ),
 ( #5901, #1663 ),
 ( #4966, #1819 ) ),
 .UNSPECIFIED., .F., .F., .F.,
 ( 4, 2, 2, 2, 2, 2, 2, 2, 2, 2, 2, 2, 2, 2, 2, 2, 2, 2, 2, 2, 2, 2, 2, 2, 2, 2, 2, 2, 2, 2, 2, 2, 2, 2, 2, 2, 2, 2, 2, 2, 2, 2, 2, 2, 2, 2, 2, 2, 2, 2, 2, 2, 2, 2, 2, 2, 2, 2, 2, 2, 2, 2, 2, 2, 2, 2, 2, 2, 2, 2, 2, 2, 2, 2, 2, 2, 2, 2, 2, 2, 2, 2, 2, 2, 2, 2, 2, 2, 2, 2, 2, 2, 2, 2, 2, 2, 4 ),
 ( 2, 2 ),
 ( 0.0000000000000000000, 0.01052513428086159983, 0.02105026856172309904, 0.03157540284258469887, 0.04210053712344630217, 0.05262567140430789853, 0.06315080568516939774, 0.07367593996603100104, 0.08420107424689260434, 0.09472620852775419376, 0.1052513428086160052, 0.1157764770894769979, 0.1263016113703389898, 0.1368267456512000102, 0.1473518799320620021, 0.1578770142129239940, 0.1684021484937849866, 0.1789272827746470063, 0.1894524170555079989, 0.1999775513363699908, 0.2105026856172310112, 0.2210278198980930031, 0.2315529541789549950, 0.2420780884598159877, 0.2526032227406779795, 0.2631283570215390277, 0.2736534913024010196, 0.2841786255832630115, 0.2947037598641240042, 0.3052288941449859960, 0.3157540284258469887, 0.3262791627067089806, 0.3368042969875699733, 0.3473294312684320206, 0.3578545655492940125, 0.3683796998301550052, 0.3789048341110169971, 0.3894299683918779897, 0.3999551026727399816, 0.4104802369536009743, 0.4210053712344630217, 0.4315305055153250136, 0.4420556397961860062, 0.4525807740770479981, 0.4631059083579089908, 0.4736310426387709827, 0.4841561769196319753, 0.4946813112004940227, 0.5052064454813559591, 0.5157315797622169518, 0.5262567140430790547, 0.5367818483239400473, 0.5473069826048020392, 0.5578321168856630319, 0.5683572511665250238, 0.5788823854473870156, 0.5894075197282480083, 0.5999326540091100002, 0.6104577882899709929, 0.6209829225708329847, 0.6315080568516939774, 0.6420331911325559693, 0.6525583254134179612, 0.6630834596942789538, 0.6736085939751409457, 0.6841337282560020494, 0.6946588625368640413, 0.7051839968177250340, 0.7157091310985870258, 0.7262342653794490177, 0.7367593996603100104, 0.7472845339411720023, 0.7578096682220329949, 0.7683348025028949868, 0.7788599367837559795, 0.7893850710646179714, 0.7999102053454799632, 0.8104353396263409559, 0.8209604739072029478, 0.8314856081880640515, 0.8420107424689260434, 0.8525358767497870360, 0.8630610110306490279, 0.8735861453115110198, 0.8841112795923720125, 0.8946364138732340043, 0.9051615481540949970, 0.9156866824349569889, 0.9262118167158189808, 0.9367369509966799734, 0.9472620852775419653, 0.9577872195584029580, 0.9683123538392649499, 0.9788374881201260536, 0.9893626224009880454, 0.9998877566818490381, 1.000000000000000000 ),
 ( 0.9397532966978755509, 1.000000000000029310 ),
 .UNSPECIFIED. ) ;
#9563 = CARTESIAN_POINT ( 'NONE',  ( 7.008200274894408111, 12.49985476181183230, -6.056640950747340213 ) ) ;
#9564 = CARTESIAN_POINT ( 'NONE',  ( 6.599999999999999645, 17.26396121657888472, -9.969756306058137341 ) ) ;
#9565 = CARTESIAN_POINT ( 'NONE',  ( 8.249999999999989342, 21.39999999999999858, -10.53547594742268423 ) ) ;
#9566 = CARTESIAN_POINT ( 'NONE',  ( 5.783599450211219128, 11.43735476181183230, 1.393979936967928435 ) ) ;
#9567 = CARTESIAN_POINT ( 'NONE',  ( 12.09999999999999964, 11.05000000000000071, -11.43000000000000149 ) ) ;
#9568 = CARTESIAN_POINT ( 'NONE',  ( 5.093008776292150763, 21.65834566831006924, -10.45043010873084555 ) ) ;
#9569 = CARTESIAN_POINT ( 'NONE',  ( 7.767644284148505385, 15.39638873565663069, 7.315122679594229460 ) ) ;
#9570 =( NAMED_UNIT ( * ) SI_UNIT ( $, .STERADIAN. ) SOLID_ANGLE_UNIT ( ) );
#9571 = CARTESIAN_POINT ( 'NONE',  ( 5.036640950747334422, 12.87485476181183053, 8.028200274894386368 ) ) ;
#9572 = EDGE_CURVE ( 'NONE', #2032, #2243, #8043, .T. ) ;
#9573 = ORIENTED_EDGE ( 'NONE', *, *, #6091, .F. ) ;
#9574 = FILL_AREA_STYLE ('',( #6281 ) ) ;
#9575 = EDGE_LOOP ( 'NONE', ( #9132, #6104, #4634, #4458 ) ) ;
#9576 = DIRECTION ( 'NONE',  ( 0.0000000000000000000, -1.000000000000000000, 0.0000000000000000000 ) ) ;
#9577 = CARTESIAN_POINT ( 'NONE',  ( 3.250000000000000000, 17.19999999999999929, -11.42999999999999972 ) ) ;
#9578 = CARTESIAN_POINT ( 'NONE',  ( 9.224999999999999645, 0.9000000000000100142, -4.410000000000000142 ) ) ;
#9579 = CARTESIAN_POINT ( 'NONE',  ( 7.416400549788780161, 15.02068809514516445, -6.226020063032067675 ) ) ;
#9580 = VERTEX_POINT ( 'NONE', #9592 ) ;
#9581 = CARTESIAN_POINT ( 'NONE',  ( 5.206020063032071654, 13.91397827721596236, 0.8164005497887854013 ) ) ;
#9582 = CARTESIAN_POINT ( 'NONE',  ( 4.950559656930624719, 21.48115715052826147, 4.704207317350523887 ) ) ;
#9583 = DIRECTION ( 'NONE',  ( -1.000000000000000000, -0.0000000000000000000, -0.0000000000000000000 ) ) ;
#9584 = EDGE_CURVE ( 'NONE', #8971, #9777, #9646, .T. ) ;
#9585 =( LENGTH_UNIT ( ) NAMED_UNIT ( * ) SI_UNIT ( .MILLI., .METRE. ) );
#9586 = EDGE_CURVE ( 'NONE', #8573, #819, #8967, .T. ) ;
#9587 = CARTESIAN_POINT ( 'NONE',  ( 8.250000000000000000, 21.39999999999999858, 11.42999999999999972 ) ) ;
#9588 = ORIENTED_EDGE ( 'NONE', *, *, #7347, .F. ) ;
#9589 = CARTESIAN_POINT ( 'NONE',  ( 7.008200274894408111, 12.49985476181183230, -6.056640950747340213 ) ) ;
#9590 = PLANE ( 'NONE',  #10449 ) ;
#9591 = B_SPLINE_CURVE_WITH_KNOTS ( 'NONE', 3,
 ( #9639, #10432, #5700, #606, #2379, #3148, #3911, #2269, #6552, #7131, #10385, #9582, #703 ),
 .UNSPECIFIED., .F., .F.,
 ( 4, 2, 2, 1, 2, 2, 4 ),
 ( 0.0000000000000000000, 0.2500000000000305311, 0.3750000000000442979, 0.4375000000000442424, 0.4687500000000429656, 0.5000000000000416334, 1.000000000000000000 ),
 .UNSPECIFIED. ) ;
#9592 = CARTESIAN_POINT ( 'NONE',  ( 6.199999999999999289, 18.65697564738198722, 5.403455814738342688 ) ) ;
#9593 = CARTESIAN_POINT ( 'NONE',  ( 2.099999999999997868, 9.400000000000016342, -9.319999999999962981 ) ) ;
#9594 = ITEM_DEFINED_TRANSFORMATION ( 'NONE', 'NONE', #8655,  #10014 ) ;
#9595 = FACE_OUTER_BOUND ( 'NONE', #5973, .T. ) ;
#9596 = CARTESIAN_POINT ( 'NONE',  ( 8.163359049252674637, 14.08318809514516623, 8.028200274894368604 ) ) ;
#9597 = VECTOR ( 'NONE', #790, 1000.000000000000000 ) ;
#9598 = CARTESIAN_POINT ( 'NONE',  ( 5.065525690585531926, 21.63678156469559966, 10.46721377921284457 ) ) ;
#9599 = PLANE ( 'NONE',  #5200 ) ;
#9600 = ORIENTED_EDGE ( 'NONE', *, *, #8662, .F. ) ;
#9601 = UNCERTAINTY_MEASURE_WITH_UNIT (LENGTH_MEASURE( 1.000000000000000082E-05 ), #3421, 'distance_accuracy_value', 'NONE');
#9602 = FACE_OUTER_BOUND ( 'NONE', #6296, .T. ) ;
#9603 = PRESENTATION_LAYER_ASSIGNMENT (  '', '', ( #6366 ) ) ;
#9604 = FILL_AREA_STYLE ('',( #9701 ) ) ;
#9606 = ORIENTED_EDGE ( 'NONE', *, *, #2820, .F. ) ;
#9605 = CARTESIAN_POINT ( 'NONE',  ( 7.993979936967921418, 12.14568809514516623, -0.8164005497888113805 ) ) ;
#9607 = VECTOR ( 'NONE', #2811, 999.9999999999998863 ) ;
#9608 = ORIENTED_EDGE ( 'NONE', *, *, #7959, .F. ) ;
#9609 = SURFACE_SIDE_STYLE ('',( #2353 ) ) ;
#9610 = PRESENTATION_LAYER_ASSIGNMENT (  '', '', ( #7909 ) ) ;
#9611 = ADVANCED_FACE ( 'NONE', ( #5617 ), #1380, .T. ) ;
#9612 = CARTESIAN_POINT ( 'NONE',  ( 0.0000000000000000000, 0.9000000000000056843, -4.410000000000001030 ) ) ;
#9613 = AXIS2_PLACEMENT_3D ( 'NONE', #916, #7436, #102 ) ;
#9614 = LINE ( 'NONE', #2300, #9421 ) ;
#9615 = DIRECTION ( 'NONE',  ( 1.000000000000000000, -1.326525867060349907E-16, 0.0000000000000000000 ) ) ;
#9616 = LINE ( 'NONE', #4742, #210 ) ;
#9617 = COLOUR_RGB ( '',0.2862745098039215508, 0.6431372549019607199, 0.8666666666666666963 ) ;
#9618 = MECHANICAL_DESIGN_GEOMETRIC_PRESENTATION_REPRESENTATION (  '', ( #2991 ), #7066 ) ;
#9619 =( GEOMETRIC_REPRESENTATION_CONTEXT ( 3 ) GLOBAL_UNCERTAINTY_ASSIGNED_CONTEXT ( ( #1311 ) ) GLOBAL_UNIT_ASSIGNED_CONTEXT ( ( #6465, #8119, #3438 ) ) REPRESENTATION_CONTEXT ( 'NONE', 'WORKASPACE' ) );
#9621 = ORIENTED_EDGE ( 'NONE', *, *, #3268, .F. ) ;
#9620 = CARTESIAN_POINT ( 'NONE',  ( 7.209754640811581794, 14.95888873565663246, -1.041138122682922384 ) ) ;
#9622 = DIRECTION ( 'NONE',  ( 0.0000000000000000000, -1.000000000000000000, 0.0000000000000000000 ) ) ;
#9623 = FACE_BOUND ( 'NONE', #1502, .T. ) ;
#9624 = CARTESIAN_POINT ( 'NONE',  ( -1.440162605959792164E-16, 11.00000000000000178, -3.049999999999983391 ) ) ;
#9625 = SURFACE_SIDE_STYLE ('',( #6365 ) ) ;
#9626 = VECTOR ( 'NONE', #5494, 1000.000000000000000 ) ;
#9627 = CARTESIAN_POINT ( 'NONE',  ( 5.558861877317074374, 15.58388873565663069, 7.010245359188420622 ) ) ;
#9628 = CONICAL_SURFACE ( 'NONE', #7929, 2.349269215078204631, 0.06981317007763501725 ) ;
#9629 = CARTESIAN_POINT ( 'NONE',  ( 6.962291394269544575, 18.71222679458386651, -9.839104311607810516 ) ) ;
#9630 = CARTESIAN_POINT ( 'NONE',  ( 6.295122679594202353, 12.52138873565663424, 6.452355715851508577 ) ) ;
#9631 = AXIS2_PLACEMENT_3D ( 'NONE', #3506, #3669, #6000 ) ;
#9632 = ORIENTED_EDGE ( 'NONE', *, *, #516, .F. ) ;
#9633 = PLANE ( 'NONE',  #4567 ) ;
#9634 = CARTESIAN_POINT ( 'NONE',  ( 6.999999999999835687, 18.74863319779754889, 5.488133351366514034 ) ) ;
#9635 = CARTESIAN_POINT ( 'NONE',  ( 6.191799725105590291, 15.74985476181182875, -9.183359049252658224 ) ) ;
#9636 = PRESENTATION_LAYER_ASSIGNMENT (  '', '', ( #4902 ) ) ;
#9637 = PRESENTATION_LAYER_ASSIGNMENT (  '', '', ( #2491 ) ) ;
#9638 = CARTESIAN_POINT ( 'NONE',  ( 8.163359049252669308, 14.62485476181183053, -0.4082002748943882597 ) ) ;
#9639 = CARTESIAN_POINT ( 'NONE',  ( 5.250000000000002665, 21.69999999999999929, 4.885041133764528531 ) ) ;
#9640 = EDGE_CURVE ( 'NONE', #1175, #10363, #6449, .T. ) ;
#9641 = DIRECTION ( 'NONE',  ( -0.0000000000000000000, -1.000000000000000000, -0.0000000000000000000 ) ) ;
#9642 = AXIS2_PLACEMENT_3D ( 'NONE', #7284, #8995, #6558 ) ;
#9643 = VECTOR ( 'NONE', #2964, 1000.000000000000000 ) ;
#9644 = FACE_BOUND ( 'NONE', #628, .T. ) ;
#9645 = ORIENTED_EDGE ( 'NONE', *, *, #6980, .T. ) ;
#9646 = LINE ( 'NONE', #8796, #9996 ) ;
#9647 = EDGE_CURVE ( 'NONE', #1315, #316, #163, .T. ) ;
#9648 = DIRECTION ( 'NONE',  ( 1.000000000000000000, 0.0000000000000000000, -0.0000000000000000000 ) ) ;
#9649 = SURFACE_SIDE_STYLE ('',( #4720 ) ) ;
#9650 = EDGE_CURVE ( 'NONE', #3761, #3043, #5974, .T. ) ;
#9651 = STYLED_ITEM ( 'NONE', ( #7945 ), #8092 ) ;
#9652 = CARTESIAN_POINT ( 'NONE',  ( 7.416400549788780161, 13.68735476181183053, 6.226020063032065899 ) ) ;
#9653 = CARTESIAN_POINT ( 'NONE',  ( 9.454776676626103438, 21.69999999999999929, 1.110476818940140609 ) ) ;
#9654 =( LENGTH_UNIT ( ) NAMED_UNIT ( * ) SI_UNIT ( .MILLI., .METRE. ) );
#9655 = AXIS2_PLACEMENT_3D ( 'NONE', #2822, #1313, #4604 ) ;
#9656 = VECTOR ( 'NONE', #10003, 1000.000000000000000 ) ;
#9657 = SURFACE_STYLE_USAGE ( .BOTH. , #2346 ) ;
#9658 = EDGE_CURVE ( 'NONE', #6807, #2134, #4992, .T. ) ;
#9659 = CARTESIAN_POINT ( 'NONE',  ( 12.59999999999999964, 0.0000000000000000000, 11.42999999999999972 ) ) ;
#9661 = EDGE_LOOP ( 'NONE', ( #10492, #8342, #8766, #8729 ) ) ;
#9660 = CARTESIAN_POINT ( 'NONE',  ( 7.993979936967890332, 11.06235476181174526, 0.8164005497887737439 ) ) ;
#9662 = ORIENTED_EDGE ( 'NONE', *, *, #4513, .T. ) ;
#9663 = LINE ( 'NONE', #7148, #1595 ) ;
#9664 = SURFACE_STYLE_FILL_AREA ( #7967 ) ;
#9665 = STYLED_ITEM ( 'NONE', ( #7405 ), #10448 ) ;
#9666 = CARTESIAN_POINT ( 'NONE',  ( 7.500000000000000888, -4.750000000000009770, 7.320000000000000284 ) ) ;
#9667 = CARTESIAN_POINT ( 'NONE',  ( 6.599999999999999645, 16.94999999999999929, -9.669999999999992824 ) ) ;
#9668 = EDGE_CURVE ( 'NONE', #35, #6147, #2552, .T. ) ;
#9669 = EDGE_CURVE ( 'NONE', #1778, #4248, #3532, .T. ) ;
#9671 = VERTEX_POINT ( 'NONE', #8358 ) ;
#9670 = CARTESIAN_POINT ( 'NONE',  ( 5.558861877317066380, 14.66722206898996639, 0.6097546408115600558 ) ) ;
#9672 =( LENGTH_UNIT ( ) NAMED_UNIT ( * ) SI_UNIT ( .MILLI., .METRE. ) );
#9673 = FILL_AREA_STYLE ('',( #5643 ) ) ;
#9674 = CARTESIAN_POINT ( 'NONE',  ( 5.783599450211220017, 15.43735476181183408, 9.013979936967933426 ) ) ;
#9675 = FACE_OUTER_BOUND ( 'NONE', #6827, .T. ) ;
#9676 = CARTESIAN_POINT ( 'NONE',  ( 5.432355715851502787, 11.60472206898996994, 7.315122679594215249 ) ) ;
#9677 = ORIENTED_EDGE ( 'NONE', *, *, #5632, .F. ) ;
#9678 = CARTESIAN_POINT ( 'NONE',  ( 7.008200274894414328, 13.22647827721596059, -9.183359049252660000 ) ) ;
#9679 = SURFACE_STYLE_USAGE ( .BOTH. , #1400 ) ;
#9680 =( LENGTH_UNIT ( ) NAMED_UNIT ( * ) SI_UNIT ( .MILLI., .METRE. ) );
#9681 = DIRECTION ( 'NONE',  ( -0.0000000000000000000, -0.0000000000000000000, 1.000000000000000000 ) ) ;
#9682 = CARTESIAN_POINT ( 'NONE',  ( 8.163359049252656874, 15.58318809514516268, -7.211799725105596082 ) ) ;
#9683 = CARTESIAN_POINT ( 'NONE',  ( 7.416400549788778385, 13.18735476181183586, -1.393979936967932431 ) ) ;
#9684 =( NAMED_UNIT ( * ) PLANE_ANGLE_UNIT ( ) SI_UNIT ( $, .RADIAN. ) );
#9685 = DIRECTION ( 'NONE',  ( 0.0000000000000000000, 0.0000000000000000000, -1.000000000000000000 ) ) ;
#9686 = LINE ( 'NONE', #7224, #6583 ) ;
#9687 = CARTESIAN_POINT ( 'NONE',  ( 6.200000000000168932, 18.74679581112641813, -5.476942631403090012 ) ) ;
#9688 = CARTESIAN_POINT ( 'NONE',  ( 2.500000000000001332, 16.94999999999999929, -2.049999999999999822 ) ) ;
#9689 = VERTEX_POINT ( 'NONE', #7508 ) ;
#9690 = CARTESIAN_POINT ( 'NONE',  ( 7.993979936967932076, 11.64568809514516090, -8.436400549788784176 ) ) ;
#9691 = LINE ( 'NONE', #10439, #231 ) ;
#9692 = CARTESIAN_POINT ( 'NONE',  ( 6.599999999999996980, 17.07426406871192981, 5.269999999999999574 ) ) ;
#9693 = CARTESIAN_POINT ( 'NONE',  ( 6.200000000000167155, 18.74954171588526464, 2.126333261643641670 ) ) ;
#9694 = CARTESIAN_POINT ( 'NONE',  ( 5.783599450211191595, 15.78897827721596414, -1.393979936967921107 ) ) ;
#9695 = CARTESIAN_POINT ( 'NONE',  ( 7.416400549788779273, 13.03897827721596414, 9.013979936967936979 ) ) ;
#9696 = CARTESIAN_POINT ( 'NONE',  ( 8.206025532461055150, 21.69999999999999574, 2.608080517008846577 ) ) ;
#9697 = CARTESIAN_POINT ( 'NONE',  ( 10.58305125912160882, 21.69999999999999574, 1.478985838650964002 ) ) ;
#9698 = EDGE_CURVE ( 'NONE', #9505, #7077, #6768, .T. ) ;
#9699 = UNCERTAINTY_MEASURE_WITH_UNIT (LENGTH_MEASURE( 1.000000000000000082E-05 ), #105, 'distance_accuracy_value', 'NONE');
#9700 = FILL_AREA_STYLE ('',( #5724 ) ) ;
#9701 = FILL_AREA_STYLE_COLOUR ( '', #9322 ) ;
#9703 = ORIENTED_EDGE ( 'NONE', *, *, #7413, .F. ) ;
#9702 = CARTESIAN_POINT ( 'NONE',  ( 6.904877320405785390, 10.97972206898996639, -1.167644284148500411 ) ) ;
#9704 = ORIENTED_EDGE ( 'NONE', *, *, #9964, .T. ) ;
#9705 = EDGE_LOOP ( 'NONE', ( #7047, #9298, #8922, #3435 ) ) ;
#9706 = PLANE ( 'NONE',  #5556 ) ;
#9707 = DIRECTION ( 'NONE',  ( 0.0000000000000000000, 1.000000000000000000, 0.0000000000000000000 ) ) ;
#9708 = ADVANCED_FACE ( 'NONE', ( #4174 ), #988, .T. ) ;
#9709 =( BOUNDED_SURFACE ( )  B_SPLINE_SURFACE ( 3, 3, ( 
 ( #7438, #5812, #6648, #809 ),
 ( #5759, #5693, #8297, #8983 ),
 ( #8927, #2481, #6482, #2422 ),
 ( #2587, #4920, #864, #5026 ) ),
 .UNSPECIFIED., .F., .F., .F. ) 
 B_SPLINE_SURFACE_WITH_KNOTS ( ( 4, 4 ),
 ( 4, 4 ),
 ( 0.0000000000000000000, 1.000000000000000000 ),
 ( 0.0000000000000000000, 1.000000000000000000 ),
 .UNSPECIFIED. ) 
 GEOMETRIC_REPRESENTATION_ITEM ( )  RATIONAL_B_SPLINE_SURFACE ( (
 ( 1.000000000000000000, 0.6204101701869936258, 0.6204101701869936258, 1.000000000000000000),
 ( 0.8047378541243649375, 0.4992675490332132981, 0.4992675490332132981, 0.8047378541243649375),
 ( 0.8047378541243649375, 0.4992675490332132981, 0.4992675490332132981, 0.8047378541243649375),
 ( 1.000000000000000000, 0.6204101701869936258, 0.6204101701869936258, 1.000000000000000000) ) ) 
 REPRESENTATION_ITEM ( '' )  SURFACE ( )  );
#9710 = CARTESIAN_POINT ( 'NONE',  ( 6.599999999999999645, 17.94999999998481144, 0.0000000000000000000 ) ) ;
#9711 = CARTESIAN_POINT ( 'NONE',  ( 6.599999999999999645, 17.25000000000000000, -2.349999999999999645 ) ) ;
#9712 = CARTESIAN_POINT ( 'NONE',  ( 8.163359049252667532, 15.08318809514516445, 8.028200274894377486 ) ) ;
#9713 = EDGE_CURVE ( 'NONE', #8403, #7821, #5186, .T. ) ;
#9714 = PRESENTATION_STYLE_ASSIGNMENT (( #4197 ) ) ;
#9716 = EDGE_LOOP ( 'NONE', ( #7527, #8019, #8149 ) ) ;
#9715 = CARTESIAN_POINT ( 'NONE',  ( 7.416400549788820129, 14.52068809514516623, 1.393979936967915556 ) ) ;
#9717 = CARTESIAN_POINT ( 'NONE',  ( 7.767644284148496503, 12.39638873565663069, -7.924877320405800951 ) ) ;
#9718 = MECHANICAL_DESIGN_GEOMETRIC_PRESENTATION_REPRESENTATION (  '', ( #3446 ), #9050 ) ;
#9719 = DIRECTION ( 'NONE',  ( -0.0000000000000000000, 0.0000000000000000000, -1.000000000000000000 ) ) ;
#9720 = CARTESIAN_POINT ( 'NONE',  ( 6.199999999999999289, 18.42131751191138633, 2.233289184036753028 ) ) ;
#9721 = CARTESIAN_POINT ( 'NONE',  ( 6.599999999999998757, 16.97902142847850016, 1.563359049252669886 ) ) ;
#9722 = CARTESIAN_POINT ( 'NONE',  ( 5.206020063032076095, 15.81235476181183230, 6.803599450211194721 ) ) ;
#9723 = CARTESIAN_POINT ( 'NONE',  ( 12.59999999999999964, 0.0000000000000000000, 11.42999999999999972 ) ) ;
#9724 = CARTESIAN_POINT ( 'NONE',  ( 6.295122679594205906, 11.72972206898996461, 8.787644284148495188 ) ) ;
#9725 = ORIENTED_EDGE ( 'NONE', *, *, #159, .F. ) ;
#9726 = MECHANICAL_DESIGN_GEOMETRIC_PRESENTATION_REPRESENTATION (  '', ( #7331 ), #3968 ) ;
#9727 = CARTESIAN_POINT ( 'NONE',  ( 7.993979936967930300, 12.58064494388263199, -6.803599450211221367 ) ) ;
#9728 = CARTESIAN_POINT ( 'NONE',  ( 6.199999999999999289, 18.75000000000000000, 9.735099840886189071 ) ) ;
#9729 = UNCERTAINTY_MEASURE_WITH_UNIT (LENGTH_MEASURE( 1.000000000000000082E-05 ), #9672, 'distance_accuracy_value', 'NONE');
#9730 =( NAMED_UNIT ( * ) PLANE_ANGLE_UNIT ( ) SI_UNIT ( $, .RADIAN. ) );
#9731 =( LENGTH_UNIT ( ) NAMED_UNIT ( * ) SI_UNIT ( .MILLI., .METRE. ) );
#9732 = FILL_AREA_STYLE ('',( #6485 ) ) ;
#9733 = CARTESIAN_POINT ( 'NONE',  ( 5.432355715851506339, 15.14638873565663779, -7.315122679594206367 ) ) ;
#9734 = CARTESIAN_POINT ( 'NONE',  ( 5.783599450211198700, 12.95564494388262844, 1.393979936967927324 ) ) ;
#9735 = FILL_AREA_STYLE ('',( #760 ) ) ;
#9736 = PLANE ( 'NONE',  #1786 ) ;
#9737 = VECTOR ( 'NONE', #557, 999.9999999999998863 ) ;
#9738 = FACE_OUTER_BOUND ( 'NONE', #7478, .T. ) ;
#9739 = CARTESIAN_POINT ( 'NONE',  ( 1.900000000000000577, 17.25698273513626901, 5.270000000000002238 ) ) ;
#9740 = CARTESIAN_POINT ( 'NONE',  ( 2.925018529002401557, 18.71222679458298188, -1.678273896200935589 ) ) ;
#9741 = VERTEX_POINT ( 'NONE', #5874 ) ;
#9742 = CARTESIAN_POINT ( 'NONE',  ( 5.036640950747343304, 12.37485476181183230, -7.211799725105584535 ) ) ;
#9743 = CARTESIAN_POINT ( 'NONE',  ( 6.962913914258356485, 18.65697564737693881, 2.222917365998014816 ) ) ;
#9744 = PRESENTATION_STYLE_ASSIGNMENT (( #4124 ) ) ;
#9745 = CARTESIAN_POINT ( 'NONE',  ( 5.783056366656098568, 16.45564494388264620, 1.393979936967929545 ) ) ;
#9746 = CARTESIAN_POINT ( 'NONE',  ( 7.993979936967916089, 13.08064494388263022, 8.436400549788821479 ) ) ;
#9747 = CARTESIAN_POINT ( 'NONE',  ( 9.032808121128002909, 21.69999999999999929, -1.845196151917372296 ) ) ;
#9748 = FACE_BOUND ( 'NONE', #4585, .T. ) ;
#9750 = ORIENTED_EDGE ( 'NONE', *, *, #104, .F. ) ;
#9749 = CARTESIAN_POINT ( 'NONE',  ( 8.163359049252681743, 11.12485476181184474, -0.4082002748943796555 ) ) ;
#9751 = ORIENTED_EDGE ( 'NONE', *, *, #2034, .T. ) ;
#9752 = CARTESIAN_POINT ( 'NONE',  ( 26.05000000000000071, 0.5999999999999889866, -0.4999999999999990563 ) ) ;
#9753 = EDGE_CURVE ( 'NONE', #9430, #5392, #9104, .T. ) ;
#9754 = DIRECTION ( 'NONE',  ( 0.0000000000000000000, 0.0000000000000000000, 1.000000000000000000 ) ) ;
#9755 =( NAMED_UNIT ( * ) PLANE_ANGLE_UNIT ( ) SI_UNIT ( $, .RADIAN. ) );
#9756 = FILL_AREA_STYLE_COLOUR ( '', #9256 ) ;
#9757 = CARTESIAN_POINT ( 'NONE',  ( 9.949999999999999289, 17.19999999999999929, 11.42999999999999972 ) ) ;
#9758 = CARTESIAN_POINT ( 'NONE',  ( 7.416400549788780161, 15.02068809514516445, 9.013979936967933426 ) ) ;
#9759 = COLOUR_RGB ( '',0.2862745098039215508, 0.6431372549019607199, 0.8666666666666666963 ) ;
#9760 = SURFACE_SIDE_STYLE ('',( #4253 ) ) ;
#9762 = EDGE_LOOP ( 'NONE', ( #5319, #262, #2277, #4463 ) ) ;
#9761 = CARTESIAN_POINT ( 'NONE',  ( 5.206020063032061884, 13.81235476181183230, -0.8164005497887765195 ) ) ;
#9763 = CARTESIAN_POINT ( 'NONE',  ( 5.206020063032069878, 12.31235476181183763, -8.436400549788777070 ) ) ;
#9764 = EDGE_CURVE ( 'NONE', #9461, #4625, #1412, .T. ) ;
#9765 = ORIENTED_EDGE ( 'NONE', *, *, #6292, .F. ) ;
#9766 = EDGE_LOOP ( 'NONE', ( #6672, #1469, #737, #8701, #184, #306 ) ) ;
#9767 = MECHANICAL_DESIGN_GEOMETRIC_PRESENTATION_REPRESENTATION (  '', ( #7206 ), #10109 ) ;
#9768 = FACE_BOUND ( 'NONE', #5809, .T. ) ;
#9769 = ADVANCED_FACE ( 'NONE', ( #4482 ), #2876, .T. ) ;
#9770 =( BOUNDED_CURVE ( )  B_SPLINE_CURVE ( 3, ( #7098, #3112, #6992, #4728 ),
 .UNSPECIFIED., .F., .T. ) 
 B_SPLINE_CURVE_WITH_KNOTS ( ( 4, 4 ),
 ( 0.0000000000000000000, 1.000000000000000000 ),
 .UNSPECIFIED. ) 
 CURVE ( )  GEOMETRIC_REPRESENTATION_ITEM ( )  RATIONAL_B_SPLINE_CURVE ( ( 1.000000000000000000, 0.4572150582541684161, 0.4572150582541684161, 1.000000000000000000 ) ) 
 REPRESENTATION_ITEM ( '' )  );
#9771 = CARTESIAN_POINT ( 'NONE',  ( 1.966173140978199951, 0.8999999999999980238, -11.83500000000000085 ) ) ;
#9772 = VECTOR ( 'NONE', #6429, 1000.000000000000000 ) ;
#9773 = CARTESIAN_POINT ( 'NONE',  ( 5.206020063032084977, 15.39568809514516978, 8.436400549788817926 ) ) ;
#9774 = CARTESIAN_POINT ( 'NONE',  ( 7.500000000000000888, -4.750000000000009770, -7.919999999999999929 ) ) ;
#9775 = AXIS2_PLACEMENT_3D ( 'NONE', #6663, #1843, #5140 ) ;
#9776 = CARTESIAN_POINT ( 'NONE',  ( 5.783599450211187154, 11.27068809514516623, 6.226020063032086327 ) ) ;
#9777 = VERTEX_POINT ( 'NONE', #7710 ) ;
#9778 = PRESENTATION_LAYER_ASSIGNMENT (  '', '', ( #4182 ) ) ;
#9779 = ORIENTED_EDGE ( 'NONE', *, *, #8542, .F. ) ;
#9780 = CARTESIAN_POINT ( 'NONE',  ( 7.993979936967914313, 13.16397827721596947, -8.436400549788821479 ) ) ;
#9781 = CARTESIAN_POINT ( 'NONE',  ( 6.200000000000165379, 18.74679581112641458, 9.763057368596916419 ) ) ;
#9782 = ORIENTED_EDGE ( 'NONE', *, *, #5604, .T. ) ;
#9783 = B_SPLINE_CURVE_WITH_KNOTS ( 'NONE', 3,
 ( #8163, #3942, #7517, #3128, #4188, #952, #3483, #5837, #9063, #9917, #1808, #4954, #7408, #641, #3392, #5056 ),
 .UNSPECIFIED., .F., .F.,
 ( 4, 3, 3, 3, 3, 4 ),
 ( 4.822379336017973920E-15, 3.323384349150296105E-05, 6.645056420405599535E-05, 9.993306315830513087E-05, 0.0001339503478118106872, 0.0001505948449504711782 ),
 .UNSPECIFIED. ) ;
#9784 = PLANE ( 'NONE',  #10500 ) ;
#9785 = CARTESIAN_POINT ( 'NONE',  ( 6.199999999999999289, 17.94999999999240714, -5.353238286267365531 ) ) ;
#9786 = CARTESIAN_POINT ( 'NONE',  ( 8.439239829216184319, 21.69999999999999929, -10.06942199911488167 ) ) ;
#9787 = CARTESIAN_POINT ( 'NONE',  ( 5.990245359188436147, 15.54222206898996816, -8.661138122682931595 ) ) ;
#9788 = CARTESIAN_POINT ( 'NONE',  ( 7.416400549788808583, 13.02068809514516801, 1.393979936967920663 ) ) ;
#9789 = CARTESIAN_POINT ( 'NONE',  ( 6.199999999999999289, 18.66147085690933238, -2.216224772236019991 ) ) ;
#9790 = AXIS2_PLACEMENT_3D ( 'NONE', #5618, #2281, #2994 ) ;
#9791 = PLANE ( 'NONE',  #5229 ) ;
#9792 = VECTOR ( 'NONE', #1810, 1000.000000000000000 ) ;
#9793 = DIRECTION ( 'NONE',  ( 0.0000000000000000000, 1.000000000000000000, 0.0000000000000000000 ) ) ;
#9794 = AXIS2_PLACEMENT_3D ( 'NONE', #2903, #8709, #418 ) ;
#9795 = LINE ( 'NONE', #6657, #1980 ) ;
#9796 = CARTESIAN_POINT ( 'NONE',  ( 6.237708605730808209, 18.71222679458298543, 2.219104311608899316 ) ) ;
#9797 = ORIENTED_EDGE ( 'NONE', *, *, #9511, .T. ) ;
#9798 = CARTESIAN_POINT ( 'NONE',  ( 8.163359049252656874, 12.08318809514516623, -7.211799725105596970 ) ) ;
#9799 = CARTESIAN_POINT ( 'NONE',  ( 11.05147186257613789, 16.94999999999999929, -5.394264068711928317 ) ) ;
#9800 = AXIS2_PLACEMENT_3D ( 'NONE', #277, #1838, #10159 ) ;
#9801 = CARTESIAN_POINT ( 'NONE',  ( 8.189187917246572468, 21.58138153401461423, 10.49967276961660012 ) ) ;
#9802 = EDGE_CURVE ( 'NONE', #7480, #10031, #2849, .T. ) ;
#9803 = CARTESIAN_POINT ( 'NONE',  ( 3.550055293325199202, 21.69999999999999929, -7.904152159785012621 ) ) ;
#9804 = AXIS2_PLACEMENT_3D ( 'NONE', #4288, #7513, #3479 ) ;
#9805 = CARTESIAN_POINT ( 'NONE',  ( 7.993979936967926747, 16.16397827721596414, -0.8164005497887922846 ) ) ;
#9806 = CARTESIAN_POINT ( 'NONE',  ( 5.206020063032084977, 13.41397827721596414, 8.436400549788812597 ) ) ;
#9807 = AXIS2_PLACEMENT_3D ( 'NONE', #2061, #2114, #5249 ) ;
#9808 = CIRCLE ( 'NONE', #9479, 0.3999999999999999667 ) ;
#9809 = CARTESIAN_POINT ( 'NONE',  ( 6.599999999999999645, 17.25000000000000000, -2.349999999999999645 ) ) ;
#9810 = CARTESIAN_POINT ( 'NONE',  ( 2.387451946652177526, 21.69999999999999929, -6.055797455212270641 ) ) ;
#9811 = CARTESIAN_POINT ( 'NONE',  ( 8.042561105189660609, 21.57573593128806877, -3.023494246363628957 ) ) ;
#9812 = UNCERTAINTY_MEASURE_WITH_UNIT (LENGTH_MEASURE( 1.000000000000000082E-05 ), #3450, 'distance_accuracy_value', 'NONE');
#9813 = SURFACE_STYLE_FILL_AREA ( #9867 ) ;
#9814 = SURFACE_SIDE_STYLE ('',( #1699 ) ) ;
#9815 = CARTESIAN_POINT ( 'NONE',  ( 7.000000000000000000, 18.75000000000000000, 14.01999999999999957 ) ) ;
#9817 = ORIENTED_EDGE ( 'NONE', *, *, #5351, .T. ) ;
#9816 = CARTESIAN_POINT ( 'NONE',  ( 11.29999999999999893, 17.25698273513626901, 5.269999999999997797 ) ) ;
#9818 = FILL_AREA_STYLE_COLOUR ( '', #4464 ) ;
#9819 = ORIENTED_EDGE ( 'NONE', *, *, #7554, .F. ) ;
#9820 = ORIENTED_EDGE ( 'NONE', *, *, #1954, .F. ) ;
#9821 = CARTESIAN_POINT ( 'NONE',  ( 9.949999999999999289, 17.19999999999999929, 11.42999999999999972 ) ) ;
#9822 = FILL_AREA_STYLE_COLOUR ( '', #4024 ) ;
#9823 = DIRECTION ( 'NONE',  ( -0.0000000000000000000, -0.0000000000000000000, -1.000000000000000000 ) ) ;
#9824 = CARTESIAN_POINT ( 'NONE',  ( 6.599999999999999645, 16.94999999999999929, 1.513092460619706037 ) ) ;
#9825 = CARTESIAN_POINT ( 'NONE',  ( 1.832042833102427215, 0.8999999999999928058, 10.81000000000000050 ) ) ;
#9827 = ORIENTED_EDGE ( 'NONE', *, *, #9698, .F. ) ;
#9826 = CARTESIAN_POINT ( 'NONE',  ( 6.295122679594211235, 13.72972206898996994, 1.167644284148498635 ) ) ;
#9828 = CARTESIAN_POINT ( 'NONE',  ( 7.416400549788761509, 10.70564494388262133, -9.013979936967944084 ) ) ;
#9829 = ORIENTED_EDGE ( 'NONE', *, *, #9324, .F. ) ;
#9830 = DIRECTION ( 'NONE',  ( 0.0000000000000000000, 0.0000000000000000000, 1.000000000000000000 ) ) ;
#9831 = AXIS2_PLACEMENT_3D ( 'NONE', #1891, #5042, #6616 ) ;
#9832 = PLANE ( 'NONE',  #518 ) ;
#9833 = SURFACE_SIDE_STYLE ('',( #1824 ) ) ;
#9834 = DIRECTION ( 'NONE',  ( 0.0000000000000000000, 0.0000000000000000000, -1.000000000000000000 ) ) ;
#9835 = CARTESIAN_POINT ( 'NONE',  ( 6.295122679594205906, 14.22972206898996639, 8.787644284148495188 ) ) ;
#9836 = CARTESIAN_POINT ( 'NONE',  ( 0.0000000000000000000, 0.8999999999999910294, -11.42999999999999972 ) ) ;
#9837 = CARTESIAN_POINT ( 'NONE',  ( 7.993979936967914313, 11.14568809514516978, 6.803599450211186728 ) ) ;
#9838 = CIRCLE ( 'NONE', #4074, 3.350000000000000533 ) ;
#9839 = ORIENTED_EDGE ( 'NONE', *, *, #6514, .F. ) ;
#9840 =( NAMED_UNIT ( * ) SI_UNIT ( $, .STERADIAN. ) SOLID_ANGLE_UNIT ( ) );
#9841 = CARTESIAN_POINT ( 'NONE',  ( 6.191799725105619601, 13.74985476181183230, -9.183359049252667106 ) ) ;
#9842 = EDGE_CURVE ( 'NONE', #8403, #5774, #7773, .T. ) ;
#9843 = EDGE_CURVE ( 'NONE', #4160, #3402, #7613, .T. ) ;
#9844 = CARTESIAN_POINT ( 'NONE',  ( 7.767644284148503608, 16.35472206898996106, 0.3048773204057830255 ) ) ;
#9845 = PLANE ( 'NONE',  #7958 ) ;
#9846 =( NAMED_UNIT ( * ) PLANE_ANGLE_UNIT ( ) SI_UNIT ( $, .RADIAN. ) );
#9847 = CARTESIAN_POINT ( 'NONE',  ( 5.783599450211213799, 13.27068809514516090, -1.393979936967932209 ) ) ;
#9848 = CARTESIAN_POINT ( 'NONE',  ( 12.59999999999999964, 0.0000000000000000000, 11.42999999999999972 ) ) ;
#9849 = LINE ( 'NONE', #1930, #2490 ) ;
#9850 = PLANE ( 'NONE',  #6895 ) ;
#9851 = LINE ( 'NONE', #6760, #2581 ) ;
#9852 = EDGE_CURVE ( 'NONE', #3836, #9671, #2106, .T. ) ;
#9853 = CARTESIAN_POINT ( 'NONE',  ( 5.161053619058752595, 21.68892437337891366, -4.830837109710587107 ) ) ;
#9854 = CARTESIAN_POINT ( 'NONE',  ( 6.253159534209101977, 18.75000000000000000, -2.124464409729364789 ) ) ;
#9855 = ORIENTED_EDGE ( 'NONE', *, *, #3137, .T. ) ;
#9856 = CARTESIAN_POINT ( 'NONE',  ( 5.783599450211226234, 11.45564494388263022, -6.226020063032066787 ) ) ;
#9857 = DIRECTION ( 'NONE',  ( -0.0000000000000000000, 0.0000000000000000000, -1.000000000000000000 ) ) ;
#9858 = EDGE_CURVE ( 'NONE', #5673, #2698, #3590, .T. ) ;
#9859 = SURFACE_STYLE_FILL_AREA ( #8257 ) ;
#9860 = CARTESIAN_POINT ( 'NONE',  ( 4.340560547777956302, 21.69999999999999574, -9.688417277701541153 ) ) ;
#9861 = CARTESIAN_POINT ( 'NONE',  ( 7.993979936967916089, 15.66397827721596769, -0.8164005497888187080 ) ) ;
#9862 = CARTESIAN_POINT ( 'NONE',  ( 5.783599450211213799, 12.78897827721596414, 6.226020063032067675 ) ) ;
#9863 = DIRECTION ( 'NONE',  ( 0.0000000000000000000, 1.000000000000000000, -1.215927670077199944E-16 ) ) ;
#9864 = CARTESIAN_POINT ( 'NONE',  ( 2.387451946652200174, 21.69999999999999929, -9.184202544787790856 ) ) ;
#9865 = CARTESIAN_POINT ( 'NONE',  ( 6.599999999999999645, 17.25000000000000000, 9.969999999999998863 ) ) ;
#9866 = ORIENTED_EDGE ( 'NONE', *, *, #9910, .F. ) ;
#9867 = FILL_AREA_STYLE ('',( #6573 ) ) ;
#9868 = CARTESIAN_POINT ( 'NONE',  ( 3.859550547062333248, 21.69999999999999929, 6.251286637795750778 ) ) ;
#9870 = ORIENTED_EDGE ( 'NONE', *, *, #7819, .F. ) ;
#9869 = CARTESIAN_POINT ( 'NONE',  ( 6.600000000000000533, 17.25698273513626546, 9.969999999999998863 ) ) ;
#9871 = CARTESIAN_POINT ( 'NONE',  ( 0.0000000000000000000, 11.50000000000000000, 11.42999999999999972 ) ) ;
#9872 = CARTESIAN_POINT ( 'NONE',  ( 8.241262680493003145, 21.48150038589471578, -10.53084000950402022 ) ) ;
#9873 = CARTESIAN_POINT ( 'NONE',  ( 0.3999999999999999667, 11.89999999999999858, 11.42999999999999972 ) ) ;
#9874 = SURFACE_STYLE_USAGE ( .BOTH. , #5733 ) ;
#9875 = PLANE ( 'NONE',  #1916 ) ;
#9876 = FILL_AREA_STYLE_COLOUR ( '', #4381 ) ;
#9878 = VERTEX_POINT ( 'NONE', #6922 ) ;
#9877 = CARTESIAN_POINT ( 'NONE',  ( 5.558861877317072597, 14.08388873565663602, -0.6097546408115802619 ) ) ;
#9879 = CARTESIAN_POINT ( 'NONE',  ( 5.036640950747335310, 16.83318809514516801, -8.028200274894395250 ) ) ;
#9880 = VERTEX_POINT ( 'NONE', #441 ) ;
#9881 = FACE_OUTER_BOUND ( 'NONE', #483, .T. ) ;
#9882 = CARTESIAN_POINT ( 'NONE',  ( 7.000000000000000000, 18.66147085691065044, 9.836224772235835800 ) ) ;
#9883 =( NAMED_UNIT ( * ) PLANE_ANGLE_UNIT ( ) SI_UNIT ( $, .RADIAN. ) );
#9884 = CARTESIAN_POINT ( 'NONE',  ( 5.432355715851501010, 14.60472206898995928, 7.315122679594205479 ) ) ;
#9885 = CARTESIAN_POINT ( 'NONE',  ( 3.081748378972498426, 18.75000000000000355, 6.013300781939772577 ) ) ;
#9886 = CARTESIAN_POINT ( 'NONE',  ( 7.767644284148491174, 11.39638873565663069, 7.315122679594198374 ) ) ;
#9887 = VERTEX_POINT ( 'NONE', #2977 ) ;
#9888 = ORIENTED_EDGE ( 'NONE', *, *, #5423, .F. ) ;
#9889 = CARTESIAN_POINT ( 'NONE',  ( 7.416400549788778385, 12.70564494388263377, -9.013979936967931650 ) ) ;
#9890 = ORIENTED_EDGE ( 'NONE', *, *, #1775, .T. ) ;
#9891 = CARTESIAN_POINT ( 'NONE',  ( 7.416400549788777496, 14.02068809514516445, -6.226020063032059682 ) ) ;
#9892 = FILL_AREA_STYLE ('',( #867 ) ) ;
#9893 = LINE ( 'NONE', #5918, #4030 ) ;
#9894 = CARTESIAN_POINT ( 'NONE',  ( 8.163359049252672861, 13.12485476181183230, -0.4082002748943777126 ) ) ;
#9895 = CARTESIAN_POINT ( 'NONE',  ( 7.500000000000000888, -4.750000000000004441, 7.320000000000000284 ) ) ;
#9896 = LINE ( 'NONE', #5769, #2296 ) ;
#9897 = CARTESIAN_POINT ( 'NONE',  ( 6.220252819198450744, 16.95967380949281278, -6.093161507376652963 ) ) ;
#9898 = EDGE_CURVE ( 'NONE', #2242, #2351, #7662, .T. ) ;
#9899 = CARTESIAN_POINT ( 'NONE',  ( 6.599999999999999645, 16.94999999999999929, 9.183359049252665329 ) ) ;
#9900 = LINE ( 'NONE', #4877, #5909 ) ;
#9901 = ORIENTED_EDGE ( 'NONE', *, *, #7225, .F. ) ;
#9902 = CARTESIAN_POINT ( 'NONE',  ( 5.036640950747325540, 12.33318809514516801, -8.028200274894366828 ) ) ;
#9903 = CARTESIAN_POINT ( 'NONE',  ( 10.20877607586381863, 18.75000000000000000, -1.648039516159950812 ) ) ;
#9904 = PRESENTATION_STYLE_ASSIGNMENT (( #3426 ) ) ;
#9905 = DIRECTION ( 'NONE',  ( 0.0000000000000000000, -0.0000000000000000000, 1.000000000000000000 ) ) ;
#9906 = CARTESIAN_POINT ( 'NONE',  ( 4.762131898558357612, 21.69999999999999574, -10.07052991844776457 ) ) ;
#9907 = CARTESIAN_POINT ( 'NONE',  ( 6.904877320405797825, 15.77138873565663069, -6.452355715851506801 ) ) ;
#9908 = COLOUR_RGB ( '',0.2862745098039215508, 0.6431372549019607199, 0.8666666666666666963 ) ;
#9909 = CARTESIAN_POINT ( 'NONE',  ( 5.036640950747327317, 16.37485476181183230, 0.4082002748943784898 ) ) ;
#9910 = EDGE_CURVE ( 'NONE', #4798, #7037, #8803, .T. ) ;
#9911 = CARTESIAN_POINT ( 'NONE',  ( 5.783599450211223569, 12.93735476181182875, 9.013979936967936979 ) ) ;
#9912 = EDGE_CURVE ( 'NONE', #3020, #2904, #2922, .T. ) ;
#9913 = SURFACE_SIDE_STYLE ('',( #74 ) ) ;
#9914 = DIRECTION ( 'NONE',  ( 0.0000000000000000000, 0.0000000000000000000, -1.000000000000000000 ) ) ;
#9915 = PLANE ( 'NONE',  #945 ) ;
#9916 = ORIENTED_EDGE ( 'NONE', *, *, #3747, .F. ) ;
#9917 = CARTESIAN_POINT ( 'NONE',  ( 6.999999999999795719, 18.73765341253207239, -2.164067862013208554 ) ) ;
#9918 = DIRECTION ( 'NONE',  ( 0.0000000000000000000, 0.0000000000000000000, 1.000000000000000000 ) ) ;
#9919 = CARTESIAN_POINT ( 'NONE',  ( 6.199999999999999289, 17.94999999999999929, 6.399999999999999467 ) ) ;
#9920 = COLOUR_RGB ( '',0.2862745098039215508, 0.6431372549019607199, 0.8666666666666666963 ) ;
#9921 = SURFACE_STYLE_FILL_AREA ( #7356 ) ;
#9922 = CARTESIAN_POINT ( 'NONE',  ( 6.599999999999999645, 16.94999999999424745, -7.620000000000000107 ) ) ;
#9923 = CARTESIAN_POINT ( 'NONE',  ( 6.599999999999999645, 17.02352941176470580, -7.620000000000000107 ) ) ;
#9925 = ORIENTED_EDGE ( 'NONE', *, *, #9669, .T. ) ;
#9924 = CARTESIAN_POINT ( 'NONE',  ( 8.163359049252660427, 13.58318809514516801, 0.4082002748944064119 ) ) ;
#9926 = CARTESIAN_POINT ( 'NONE',  ( 5.783599450211219128, 11.43735476181183230, -6.226020063032069451 ) ) ;
#9927 = PRESENTATION_LAYER_ASSIGNMENT (  '', '', ( #5190 ) ) ;
#9928 = EDGE_CURVE ( 'NONE', #8714, #721, #10115, .T. ) ;
#9929 = EDGE_LOOP ( 'NONE', ( #2945, #2319, #3146, #408 ) ) ;
#9930 = SURFACE_STYLE_USAGE ( .BOTH. , #6639 ) ;
#9931 = DIRECTION ( 'NONE',  ( 0.8660254037844388186, -0.0000000000000000000, 0.4999999999999996669 ) ) ;
#9932 = CARTESIAN_POINT ( 'NONE',  ( 2.100000000000000977, 4.799999999999998046, -5.920000000000007034 ) ) ;
#9933 = CARTESIAN_POINT ( 'NONE',  ( 7.641138122682934686, 13.91722206898997172, 7.010245359188439274 ) ) ;
#9934 = MECHANICAL_DESIGN_GEOMETRIC_PRESENTATION_REPRESENTATION (  '', ( #8907 ), #5355 ) ;
#9935 = CARTESIAN_POINT ( 'NONE',  ( 2.925018529003563739, 18.71222679458301741, 5.941726103799429559 ) ) ;
#9936 = ORIENTED_EDGE ( 'NONE', *, *, #7423, .F. ) ;
#9937 = CARTESIAN_POINT ( 'NONE',  ( 5.036640950747337975, 12.35147827721596414, -8.028200274894405908 ) ) ;
#9938 = CARTESIAN_POINT ( 'NONE',  ( 10.75358983848621897, 8.199999999999999289, -12.02999999999999936 ) ) ;
#9939 = VECTOR ( 'NONE', #9037, 1000.000000000000000 ) ;
#9940 = CARTESIAN_POINT ( 'NONE',  ( 5.206020063032073431, 16.89568809514516445, 0.8164005497887925067 ) ) ;
#9941 = CARTESIAN_POINT ( 'NONE',  ( 5.036640950747329981, 14.33318809514516623, -8.028200274894384592 ) ) ;
#9942 = CARTESIAN_POINT ( 'NONE',  ( 7.993979936967930300, 12.06235476181183408, 0.8164005497887779628 ) ) ;
#9943 = COLOUR_RGB ( '',0.2862745098039215508, 0.6431372549019607199, 0.8666666666666666963 ) ;
#9944 = FILL_AREA_STYLE_COLOUR ( '', #3665 ) ;
#9945 = PRESENTATION_STYLE_ASSIGNMENT (( #1022 ) ) ;
#9946 = CARTESIAN_POINT ( 'NONE',  ( 8.089981537147997059, 21.66599314068145077, 4.799887086855901153 ) ) ;
#9947 = VECTOR ( 'NONE', #5464, 1000.000000000000000 ) ;
#9948 = PLANE ( 'NONE',  #857 ) ;
#9949 =( GEOMETRIC_REPRESENTATION_CONTEXT ( 3 ) GLOBAL_UNCERTAINTY_ASSIGNED_CONTEXT ( ( #6127 ) ) GLOBAL_UNIT_ASSIGNED_CONTEXT ( ( #7708, #1060, #9840 ) ) REPRESENTATION_CONTEXT ( 'NONE', 'WORKASPACE' ) );
#9950 = CARTESIAN_POINT ( 'NONE',  ( 8.250000000000000000, 21.39999999999999858, 4.704524052577350623 ) ) ;
#9951 = CARTESIAN_POINT ( 'NONE',  ( 3.081748378971723934, 18.75000000000000355, 1.606699218061204082 ) ) ;
#9952 = VERTEX_POINT ( 'NONE', #1945 ) ;
#9953 = CARTESIAN_POINT ( 'NONE',  ( 5.783599450211219128, 14.78897827721596236, -9.013979936967933426 ) ) ;
#9954 = CARTESIAN_POINT ( 'NONE',  ( 6.199999999999999289, 17.94999999999085460, 5.353238286268688917 ) ) ;
#9955 = STYLED_ITEM ( 'NONE', ( #3086 ), #7042 ) ;
#9956 =( LENGTH_UNIT ( ) NAMED_UNIT ( * ) SI_UNIT ( .MILLI., .METRE. ) );
#9957 = EDGE_CURVE ( 'NONE', #9141, #5498, #7618, .T. ) ;
#9958 = CARTESIAN_POINT ( 'NONE',  ( 5.036640950747342416, 15.37485476181183586, 0.4082002748944065229 ) ) ;
#9959 = FACE_OUTER_BOUND ( 'NONE', #9966, .T. ) ;
#9960 = CARTESIAN_POINT ( 'NONE',  ( 5.206020063032069878, 12.31235476181183763, 6.803599450211228472 ) ) ;
#9961 = VECTOR ( 'NONE', #7495, 1000.000000000000000 ) ;
#9962 = EDGE_CURVE ( 'NONE', #1662, #4612, #334, .T. ) ;
#9963 = CARTESIAN_POINT ( 'NONE',  ( 0.0000000000000000000, 0.0000000000000000000, 3.210000000000000853 ) ) ;
#9964 = EDGE_CURVE ( 'NONE', #2384, #8679, #3040, .T. ) ;
#9965 = CARTESIAN_POINT ( 'NONE',  ( 7.000000000000000000, 17.94999999999085460, 9.886761713731310408 ) ) ;
#9966 = EDGE_LOOP ( 'NONE', ( #6309, #2214, #4766, #5951 ) ) ;
#9967 = ADVANCED_FACE ( 'NONE', ( #6329 ), #2426, .F. ) ;
#9968 = ORIENTED_EDGE ( 'NONE', *, *, #4958, .T. ) ;
#9969 = AXIS2_PLACEMENT_3D ( 'NONE', #7086, #2334, #5614 ) ;
#9970 = CARTESIAN_POINT ( 'NONE',  ( 5.558861877317069045, 11.16722206898996639, -7.010245359188424175 ) ) ;
#9971 = VECTOR ( 'NONE', #4164, 1000.000000000000000 ) ;
#9972 = AXIS2_PLACEMENT_3D ( 'NONE', #4355, #6048, #8291 ) ;
#9973 = CARTESIAN_POINT ( 'NONE',  ( 11.10000000000000497, 8.199999999999999289, -11.42999999999999972 ) ) ;
#9974 = CARTESIAN_POINT ( 'NONE',  ( 9.224999999999999645, 0.8999999999999920286, 10.83000000000000007 ) ) ;
#9975 = EDGE_CURVE ( 'NONE', #5074, #9505, #2511, .T. ) ;
#9976 = DIRECTION ( 'NONE',  ( 1.000000000000000000, -0.0000000000000000000, 0.0000000000000000000 ) ) ;
#9977 = VECTOR ( 'NONE', #2091, 1000.000000000000000 ) ;
#9978 = CARTESIAN_POINT ( 'NONE',  ( 6.999999999998820499, 18.72743090741203531, -5.440530578280755591 ) ) ;
#9980 = ORIENTED_EDGE ( 'NONE', *, *, #10368, .F. ) ;
#9979 = CARTESIAN_POINT ( 'NONE',  ( 5.206020063032084089, 12.89568809514516445, 0.8164005497888086049 ) ) ;
#9981 = CARTESIAN_POINT ( 'NONE',  ( 5.036640950747341527, 11.33318809514516445, -8.028200274894405908 ) ) ;
#9982 = ORIENTED_EDGE ( 'NONE', *, *, #8926, .T. ) ;
#9983 = EDGE_LOOP ( 'NONE', ( #10060, #6703, #9100, #4507 ) ) ;
#9984 =( NAMED_UNIT ( * ) PLANE_ANGLE_UNIT ( ) SI_UNIT ( $, .RADIAN. ) );
#9985 = CARTESIAN_POINT ( 'NONE',  ( 6.999999999998820499, 18.73465771489495779, 9.790478940044337719 ) ) ;
#9986 = PRESENTATION_LAYER_ASSIGNMENT (  '', '', ( #6927 ) ) ;
#9987 = CARTESIAN_POINT ( 'NONE',  ( 4.025000000000000355, -1.040834085586084257E-14, 10.83000000000000007 ) ) ;
#9988 = STYLED_ITEM ( 'NONE', ( #5076 ), #8067 ) ;
#9989 = CARTESIAN_POINT ( 'NONE',  ( 5.036640950747329981, 14.33318809514516623, 7.211799725105615622 ) ) ;
#9990 = B_SPLINE_CURVE_WITH_KNOTS ( 'NONE', 3,
 ( #2731, #5898, #8529, #1207, #9128, #5988, #9978, #2686, #5947, #9181, #1860, #8375, #5201, #7574, #247, #9222 ),
 .UNSPECIFIED., .F., .F.,
 ( 4, 3, 3, 3, 3, 4 ),
 ( 0.0000000000000000000, 3.459422188649495766E-05, 6.920741127229953138E-05, 0.0001035169635104217056, 0.0001372649979643180145, 0.0001506191642546960286 ),
 .UNSPECIFIED. ) ;
#9991 = FACE_OUTER_BOUND ( 'NONE', #8563, .T. ) ;
#9992 = EDGE_CURVE ( 'NONE', #3890, #7964, #8779, .T. ) ;
#9993 = SURFACE_SIDE_STYLE ('',( #3570 ) ) ;
#9994 = EDGE_LOOP ( 'NONE', ( #5111, #6900, #6800, #80, #5219, #8331 ) ) ;
#9995 =( LENGTH_UNIT ( ) NAMED_UNIT ( * ) SI_UNIT ( .MILLI., .METRE. ) );
#9996 = VECTOR ( 'NONE', #7182, 1000.000000000000000 ) ;
#9997 = CARTESIAN_POINT ( 'NONE',  ( 6.904877320405797825, 15.77138873565663069, 1.167644284148494194 ) ) ;
#9998 = AXIS2_PLACEMENT_3D ( 'NONE', #5175, #8395, #7603 ) ;
#9999 = CARTESIAN_POINT ( 'NONE',  ( 5.036640950747344192, 14.37485476181183408, -7.211799725105587200 ) ) ;
#10000 = CARTESIAN_POINT ( 'NONE',  ( 5.052245056383300792, 21.62562783374640318, -2.855236944175872704 ) ) ;
#10001 = CARTESIAN_POINT ( 'NONE',  ( 7.993979936967921418, 12.08064494388263199, 0.8164005497888030538 ) ) ;
#10002 = SURFACE_STYLE_FILL_AREA ( #9152 ) ;
#10003 = DIRECTION ( 'NONE',  ( -0.0000000000000000000, -0.0000000000000000000, -1.000000000000000000 ) ) ;
#10004 = CARTESIAN_POINT ( 'NONE',  ( 8.134511918975903200, 21.63675154163289704, 4.772755927189257896 ) ) ;
#10005 = CARTESIAN_POINT ( 'NONE',  ( 6.599999999999999645, 16.97902142847850016, 9.183359049252670658 ) ) ;
#10006 = VECTOR ( 'NONE', #6006, 1000.000000000000114 ) ;
#10007 = DIRECTION ( 'NONE',  ( -1.000000000000000000, 0.0000000000000000000, 0.0000000000000000000 ) ) ;
#10008 = CARTESIAN_POINT ( 'NONE',  ( 5.206020063032066325, 15.41397827721596236, 8.436400549788780623 ) ) ;
#10009 = ORIENTED_EDGE ( 'NONE', *, *, #1954, .T. ) ;
#10010 = CARTESIAN_POINT ( 'NONE',  ( 5.206020063032084977, 14.91397827721597125, -6.803599450211184063 ) ) ;
#10011 = CARTESIAN_POINT ( 'NONE',  ( 6.599999999999999645, 16.94999999999424745, -2.187500000039471981 ) ) ;
#10012 = SURFACE_STYLE_USAGE ( .BOTH. , #1689 ) ;
#10013 = FACE_OUTER_BOUND ( 'NONE', #8030, .T. ) ;
#10014 = AXIS2_PLACEMENT_3D ( 'NONE', #5253, #3389, #1260 ) ;
#10015 = VERTEX_POINT ( 'NONE', #1551 ) ;
#10016 = CARTESIAN_POINT ( 'NONE',  ( 5.206020063032084977, 15.39568809514516978, 0.8164005497888165985 ) ) ;
#10017 = CARTESIAN_POINT ( 'NONE',  ( 7.416400549788777496, 11.70564494388263554, 6.226020063032068563 ) ) ;
#10018 = LINE ( 'NONE', #2829, #7587 ) ;
#10019 = PLANE ( 'NONE',  #410 ) ;
#10020 = CARTESIAN_POINT ( 'NONE',  ( 6.599999999999999645, 16.94999999999424745, 5.432499999960527681 ) ) ;
#10021 = ORIENTED_EDGE ( 'NONE', *, *, #5440, .F. ) ;
#10022 = CARTESIAN_POINT ( 'NONE',  ( 6.600000000000000533, 16.94999999999999574, 2.050000000000007816 ) ) ;
#10023 = DIRECTION ( 'NONE',  ( 0.0000000000000000000, 0.0000000000000000000, 1.000000000000000000 ) ) ;
#10024 = CARTESIAN_POINT ( 'NONE',  ( 8.163359049252678190, 11.58318809514516801, -7.211799725105638714 ) ) ;
#10025 = CARTESIAN_POINT ( 'NONE',  ( 7.000000000000000000, 17.94999999999240714, -2.266761713739206652 ) ) ;
#10026 = SURFACE_SIDE_STYLE ('',( #1267 ) ) ;
#10027 = EDGE_CURVE ( 'NONE', #4029, #8488, #2775, .T. ) ;
#10028 = FILL_AREA_STYLE ('',( #6784 ) ) ;
#10030 = VERTEX_POINT ( 'NONE', #6283 ) ;
#10029 = CARTESIAN_POINT ( 'NONE',  ( 7.641138122682917810, 12.33388873565663069, 0.6097546408115804839 ) ) ;
#10031 = VERTEX_POINT ( 'NONE', #6376 ) ;
#10032 = CARTESIAN_POINT ( 'NONE',  ( 7.416400549788780161, 15.70564494388263377, -9.013979936967933426 ) ) ;
#10033 = SURFACE_STYLE_USAGE ( .BOTH. , #6792 ) ;
#10034 = EDGE_CURVE ( 'NONE', #3482, #1315, #4252, .T. ) ;
#10035 =( NAMED_UNIT ( * ) SI_UNIT ( $, .STERADIAN. ) SOLID_ANGLE_UNIT ( ) );
#10036 = CARTESIAN_POINT ( 'NONE',  ( 5.783599450211218240, 14.93735476181183408, 9.013979936967929874 ) ) ;
#10037 = CARTESIAN_POINT ( 'NONE',  ( 7.997215281266666587, 21.70000000000000284, -2.764242712240185362 ) ) ;
#10038 = CARTESIAN_POINT ( 'NONE',  ( 7.416400549788803254, 14.18735476181183408, 6.226020063032077445 ) ) ;
#10039 = EDGE_CURVE ( 'NONE', #5478, #8606, #8687, .T. ) ;
#10040 = CARTESIAN_POINT ( 'NONE',  ( 2.199999999999998845, 11.50000000000000355, -11.42999999999999972 ) ) ;
#10041 =( NAMED_UNIT ( * ) PLANE_ANGLE_UNIT ( ) SI_UNIT ( $, .RADIAN. ) );
#10042 = ORIENTED_EDGE ( 'NONE', *, *, #5778, .T. ) ;
#10043 = CARTESIAN_POINT ( 'NONE',  ( 2.225173207194300229, 21.57573593128807232, -1.624459855567454758 ) ) ;
#10044 = CARTESIAN_POINT ( 'NONE',  ( 5.206020063032084089, 12.89568809514516445, -6.803599450211190280 ) ) ;
#10045 = CARTESIAN_POINT ( 'NONE',  ( 6.599999999999999645, 16.94999999999999929, -9.669999999999992824 ) ) ;
#10046 = UNCERTAINTY_MEASURE_WITH_UNIT (LENGTH_MEASURE( 1.000000000000000082E-05 ), #6424, 'distance_accuracy_value', 'NONE');
#10047 = CARTESIAN_POINT ( 'NONE',  ( 5.558861877317064604, 16.08388873565662536, -0.6097546408115583905 ) ) ;
#10048 = CARTESIAN_POINT ( 'NONE',  ( 6.295122679594229886, 13.52138873565663246, -8.787644284148502294 ) ) ;
#10049 = CARTESIAN_POINT ( 'NONE',  ( 8.299999999999998934, -3.750000000000010214, -8.119999999999999218 ) ) ;
#10050 = DIRECTION ( 'NONE',  ( -0.8660254037844358210, 0.0000000000000000000, 0.5000000000000048850 ) ) ;
#10051 = CARTESIAN_POINT ( 'NONE',  ( 7.416400549788823682, 12.68735476181182875, -1.393979936967915778 ) ) ;
#10052 =( LENGTH_UNIT ( ) NAMED_UNIT ( * ) SI_UNIT ( .MILLI., .METRE. ) );
#10053 = CARTESIAN_POINT ( 'NONE',  ( 3.250000000000000000, 17.19999999999999929, 11.42999999999999972 ) ) ;
#10054 = CARTESIAN_POINT ( 'NONE',  ( 7.949999999999998401, 21.69999999999999929, 7.620000000000000107 ) ) ;
#10055 = CARTESIAN_POINT ( 'NONE',  ( 8.250000000000000000, 21.39999999999999858, -10.53547594742270022 ) ) ;
#10056 = CARTESIAN_POINT ( 'NONE',  ( 9.454901547951934049, 21.70000000000000639, -1.110408129069710759 ) ) ;
#10057 = CARTESIAN_POINT ( 'NONE',  ( 5.065507646220968496, 21.63676716331276140, -4.772773387676420676 ) ) ;
#10058 =( BOUNDED_SURFACE ( )  B_SPLINE_SURFACE ( 3, 3, ( 
 ( #4287, #6570, #5832, #9111 ),
 ( #2668, #9864, #9810, #4946 ),
 ( #8158, #6620, #5098, #5145 ),
 ( #946, #995, #9169, #9056 ) ),
 .UNSPECIFIED., .F., .F., .F. ) 
 B_SPLINE_SURFACE_WITH_KNOTS ( ( 4, 4 ),
 ( 4, 4 ),
 ( 0.0000000000000000000, 1.000000000000000000 ),
 ( 0.0000000000000000000, 1.000000000000000000 ),
 .UNSPECIFIED. ) 
 GEOMETRIC_REPRESENTATION_ITEM ( )  RATIONAL_B_SPLINE_SURFACE ( (
 ( 1.000000000000000000, 0.6204101701869927377, 0.6204101701869927377, 1.000000000000000000),
 ( 0.8047378541243646044, 0.4992675490332123545, 0.4992675490332123545, 0.8047378541243646044),
 ( 0.8047378541243646044, 0.4992675490332123545, 0.4992675490332123545, 0.8047378541243646044),
 ( 1.000000000000000000, 0.6204101701869927377, 0.6204101701869927377, 1.000000000000000000) ) ) 
 REPRESENTATION_ITEM ( '' )  SURFACE ( )  );
#10059 = CARTESIAN_POINT ( 'NONE',  ( 5.036640950747340639, 15.87485476181182875, 8.028200274894409461 ) ) ;
#10060 = ORIENTED_EDGE ( 'NONE', *, *, #8747, .T. ) ;
#10061 = CARTESIAN_POINT ( 'NONE',  ( 7.416400549788779273, 14.68735476181183053, -9.013979936967931650 ) ) ;
#10062 = PRESENTATION_STYLE_ASSIGNMENT (( #1890 ) ) ;
#10063 = UNCERTAINTY_MEASURE_WITH_UNIT (LENGTH_MEASURE( 1.000000000000000082E-05 ), #9382, 'distance_accuracy_value', 'NONE');
#10064 = DIRECTION ( 'NONE',  ( 8.185976218434330542E-17, -1.000000000000000000, -0.0000000000000000000 ) ) ;
#10065 = CARTESIAN_POINT ( 'NONE',  ( 10.81254805334781821, 21.69999999999999929, 6.055797455212266200 ) ) ;
#10066 = EDGE_LOOP ( 'NONE', ( #2006, #46, #2352, #10398, #9866 ) ) ;
#10067 = CARTESIAN_POINT ( 'NONE',  ( 6.191799725105591179, 15.45818809514516801, 1.563359049252657895 ) ) ;
#10068 = EDGE_CURVE ( 'NONE', #5192, #4631, #1978, .T. ) ;
#10069 = PRODUCT_DEFINITION_SHAPE ( 'NONE', 'NONE',  #10585 ) ;
#10070 = CARTESIAN_POINT ( 'NONE',  ( 7.008200274894408111, 12.49985476181183230, 9.183359049252656447 ) ) ;
#10071 = CARTESIAN_POINT ( 'NONE',  ( 8.147769539680036033, 21.62562033857685506, 2.855238615694220439 ) ) ;
#10072 = CARTESIAN_POINT ( 'NONE',  ( 5.250000000000000888, 21.69999999999999929, 2.734958866235468466 ) ) ;
#10073 = PRESENTATION_LAYER_ASSIGNMENT (  '', '', ( #6171 ) ) ;
#10074 = CARTESIAN_POINT ( 'NONE',  ( 7.000000000000000000, 18.42131751191159594, 9.853289184031185144 ) ) ;
#10075 = ORIENTED_EDGE ( 'NONE', *, *, #3583, .F. ) ;
#10076 = PRESENTATION_LAYER_ASSIGNMENT (  '', '', ( #4145 ) ) ;
#10077 = CARTESIAN_POINT ( 'NONE',  ( 7.641138122682923139, 10.91722206898997349, -8.229754640811579591 ) ) ;
#10078 = DIRECTION ( 'NONE',  ( -1.000000000000000000, 0.0000000000000000000, 0.0000000000000000000 ) ) ;
#10079 = CARTESIAN_POINT ( 'NONE',  ( 5.051659549533279225, 21.62510850264555984, 2.855581566985370134 ) ) ;
#10080 = CARTESIAN_POINT ( 'NONE',  ( 12.59999999999999964, 16.30000000000000071, 4.410000000000000142 ) ) ;
#10081 =( NAMED_UNIT ( * ) SI_UNIT ( $, .STERADIAN. ) SOLID_ANGLE_UNIT ( ) );
#10083 = ORIENTED_EDGE ( 'NONE', *, *, #4668, .T. ) ;
#10082 = CARTESIAN_POINT ( 'NONE',  ( 5.783599450211198700, 13.43735476181183230, 1.393979936967927324 ) ) ;
#10084 = ORIENTED_EDGE ( 'NONE', *, *, #479, .T. ) ;
#10085 = ADVANCED_FACE ( 'NONE', ( #2590 ), #9845, .F. ) ;
#10086 = CARTESIAN_POINT ( 'NONE',  ( 6.191799725105617824, 15.47647827721596592, -6.056640950747332219 ) ) ;
#10087 =( NAMED_UNIT ( * ) PLANE_ANGLE_UNIT ( ) SI_UNIT ( $, .RADIAN. ) );
#10088 =( NAMED_UNIT ( * ) PLANE_ANGLE_UNIT ( ) SI_UNIT ( $, .RADIAN. ) );
#10089 = CARTESIAN_POINT ( 'NONE',  ( 6.191799725105592067, 13.97647827721596236, 9.183359049252658224 ) ) ;
#10090 = CARTESIAN_POINT ( 'NONE',  ( 4.950000000000000178, 17.19999999999999929, 11.42999999999999972 ) ) ;
#10091 = CARTESIAN_POINT ( 'NONE',  ( 7.641138122682926692, 12.83388873565663069, 8.229754640811558275 ) ) ;
#10092 = CARTESIAN_POINT ( 'NONE',  ( 0.0000000000000000000, 11.00000000000000000, 11.42999999999999972 ) ) ;
#10093 = PLANE ( 'NONE',  #9219 ) ;
#10094 = ORIENTED_EDGE ( 'NONE', *, *, #9236, .F. ) ;
#10095 = EDGE_CURVE ( 'NONE', #6817, #8971, #9089, .T. ) ;
#10096 = DIRECTION ( 'NONE',  ( 0.8320502943378438321, -6.498053988515389633E-16, 0.5547001962252290364 ) ) ;
#10097 = CARTESIAN_POINT ( 'NONE',  ( 5.206020063032065437, 16.31235476181182875, -0.8164005497887777407 ) ) ;
#10098 = CARTESIAN_POINT ( 'NONE',  ( 5.206020063032084977, 13.89568809514516623, -6.803599450211183175 ) ) ;
#10099 = ORIENTED_EDGE ( 'NONE', *, *, #973, .T. ) ;
#10100 = CARTESIAN_POINT ( 'NONE',  ( 7.500000000000000000, -4.750000000000002665, 7.919999999999999929 ) ) ;
#10101 = CARTESIAN_POINT ( 'NONE',  ( 7.993979936967921418, 11.66397827721596769, -0.8164005497888113805 ) ) ;
#10102 = CARTESIAN_POINT ( 'NONE',  ( 1.500000000000000444, 11.00000000000000178, 10.22000000000002728 ) ) ;
#10103 = CARTESIAN_POINT ( 'NONE',  ( 1.800000000000004041, 11.00000000000000178, 5.470000000000025508 ) ) ;
#10104 = PRESENTATION_LAYER_ASSIGNMENT (  '', '', ( #4172 ) ) ;
#10105 = PRESENTATION_LAYER_ASSIGNMENT (  '', '', ( #1565 ) ) ;
#10106 = CARTESIAN_POINT ( 'NONE',  ( 7.008200274894410775, 15.99985476181183408, 9.183359049252660000 ) ) ;
#10107 = CARTESIAN_POINT ( 'NONE',  ( 8.163359049252662203, 16.62485476181182875, 7.211799725105601411 ) ) ;
#10108 = EDGE_LOOP ( 'NONE', ( #3787, #131, #9058, #2831, #8545, #6736 ) ) ;
#10109 =( GEOMETRIC_REPRESENTATION_CONTEXT ( 3 ) GLOBAL_UNCERTAINTY_ASSIGNED_CONTEXT ( ( #10269 ) ) GLOBAL_UNIT_ASSIGNED_CONTEXT ( ( #10052, #3627, #6119 ) ) REPRESENTATION_CONTEXT ( 'NONE', 'WORKASPACE' ) );
#10110 = ORIENTED_EDGE ( 'NONE', *, *, #5682, .T. ) ;
#10111 = DIRECTION ( 'NONE',  ( 0.0000000000000000000, 0.0000000000000000000, 1.000000000000000000 ) ) ;
#10112 = SURFACE_SIDE_STYLE ('',( #333 ) ) ;
#10113 = VECTOR ( 'NONE', #7400, 1000.000000000000000 ) ;
#10114 = VECTOR ( 'NONE', #8559, 1000.000000000000114 ) ;
#10115 = LINE ( 'NONE', #8630, #8129 ) ;
#10116 =( NAMED_UNIT ( * ) PLANE_ANGLE_UNIT ( ) SI_UNIT ( $, .RADIAN. ) );
#10117 = ORIENTED_EDGE ( 'NONE', *, *, #6514, .T. ) ;
#10118 = CARTESIAN_POINT ( 'NONE',  ( 5.206020063032066325, 15.89568809514516090, 0.8164005497887798501 ) ) ;
#10119 = AXIS2_PLACEMENT_3D ( 'NONE', #2194, #1333, #10304 ) ;
#10120 = CARTESIAN_POINT ( 'NONE',  ( 6.191799725105594732, 11.95818809514516445, 9.183359049252660000 ) ) ;
#10121 =( BOUNDED_SURFACE ( )  B_SPLINE_SURFACE ( 3, 3, ( 
 ( #6773, #3760, #340, #6982 ),
 ( #9263, #8417, #2773, #2930 ),
 ( #9325, #6928, #1956, #4611 ),
 ( #3642, #1897, #3705, #2721 ) ),
 .UNSPECIFIED., .F., .F., .F. ) 
 B_SPLINE_SURFACE_WITH_KNOTS ( ( 4, 4 ),
 ( 4, 4 ),
 ( 0.0000000000000000000, 1.000000000000000000 ),
 ( 0.0000000000000000000, 1.000000000000000000 ),
 .UNSPECIFIED. ) 
 GEOMETRIC_REPRESENTATION_ITEM ( )  RATIONAL_B_SPLINE_SURFACE ( (
 ( 1.000000000000000000, 0.3333333333333334259, 0.3333333333333334259, 1.000000000000000000),
 ( 0.9995938846793954724, 0.3331979615597985833, 0.3331979615597985833, 0.9995938846793954724),
 ( 0.9995938846793954724, 0.3331979615597985833, 0.3331979615597985833, 0.9995938846793954724),
 ( 1.000000000000000000, 0.3333333333333334259, 0.3333333333333334259, 1.000000000000000000) ) ) 
 REPRESENTATION_ITEM ( '' )  SURFACE ( )  );
#10122 = CARTESIAN_POINT ( 'NONE',  ( 8.149615405449225136, 21.62402128982982674, 2.856331116408364235 ) ) ;
#10123 = EDGE_CURVE ( 'NONE', #819, #8573, #3601, .T. ) ;
#10124 = SURFACE_SIDE_STYLE ('',( #1323 ) ) ;
#10125 = PRESENTATION_LAYER_ASSIGNMENT (  '', '', ( #8259 ) ) ;
#10126 = DIRECTION ( 'NONE',  ( -8.185976218434330542E-17, 1.000000000000000000, 0.0000000000000000000 ) ) ;
#10127 =( NAMED_UNIT ( * ) PLANE_ANGLE_UNIT ( ) SI_UNIT ( $, .RADIAN. ) );
#10128 = ORIENTED_EDGE ( 'NONE', *, *, #6073, .T. ) ;
#10129 = CARTESIAN_POINT ( 'NONE',  ( 7.008200274894387682, 11.49985476181183230, -6.056640950747323338 ) ) ;
#10130 =( GEOMETRIC_REPRESENTATION_CONTEXT ( 3 ) GLOBAL_UNCERTAINTY_ASSIGNED_CONTEXT ( ( #6544 ) ) GLOBAL_UNIT_ASSIGNED_CONTEXT ( ( #5976, #10116, #9164 ) ) REPRESENTATION_CONTEXT ( 'NONE', 'WORKASPACE' ) );
#10131 = PRESENTATION_LAYER_ASSIGNMENT (  '', '', ( #4199 ) ) ;
#10132 = DIRECTION ( 'NONE',  ( 0.9578262852211514300, -0.0000000000000000000, -0.2873478855663448850 ) ) ;
#10134 = VERTEX_POINT ( 'NONE', #8930 ) ;
#10133 = CARTESIAN_POINT ( 'NONE',  ( 5.783599450211223569, 12.93735476181182875, 1.393979936967937983 ) ) ;
#10135 = CARTESIAN_POINT ( 'NONE',  ( 5.558861877317064604, 16.08388873565662536, -8.229754640811558275 ) ) ;
#10136 = AXIS2_PLACEMENT_3D ( 'NONE', #9399, #579, #1438 ) ;
#10137 = CARTESIAN_POINT ( 'NONE',  ( 6.191799725105614272, 15.76814494388263377, -9.183359049252668882 ) ) ;
#10138 = STYLED_ITEM ( 'NONE', ( #886 ), #6503 ) ;
#10139 = CARTESIAN_POINT ( 'NONE',  ( 5.286623471394492846, 21.69999999999999929, 4.867266432415197741 ) ) ;
#10140 = PLANE ( 'NONE',  #9489 ) ;
#10141 = CARTESIAN_POINT ( 'NONE',  ( 7.416400549788803254, 13.70564494388263554, 6.226020063032077445 ) ) ;
#10142 = DIRECTION ( 'NONE',  ( -0.0000000000000000000, 0.4999999999999957256, 0.8660254037844411501 ) ) ;
#10143 = CARTESIAN_POINT ( 'NONE',  ( 5.783599450211189819, 13.77068809514516623, 6.226020063032083662 ) ) ;
#10144 = CIRCLE ( 'NONE', #9969, 0.3999999999999999667 ) ;
#10145 = AXIS2_PLACEMENT_3D ( 'NONE', #40, #4972, #6594 ) ;
#10146 =( LENGTH_UNIT ( ) NAMED_UNIT ( * ) SI_UNIT ( .MILLI., .METRE. ) );
#10147 =( GEOMETRIC_REPRESENTATION_CONTEXT ( 3 ) GLOBAL_UNCERTAINTY_ASSIGNED_CONTEXT ( ( #1369 ) ) GLOBAL_UNIT_ASSIGNED_CONTEXT ( ( #2239, #4673, #2941 ) ) REPRESENTATION_CONTEXT ( 'NONE', 'WORKASPACE' ) );
#10148 = ORIENTED_EDGE ( 'NONE', *, *, #7745, .T. ) ;
#10149 = ORIENTED_EDGE ( 'NONE', *, *, #4659, .T. ) ;
#10150 = CARTESIAN_POINT ( 'NONE',  ( 0.0000000000000000000, 11.00000000000000000, 11.42999999999999972 ) ) ;
#10152 = VERTEX_POINT ( 'NONE', #9785 ) ;
#10151 = CARTESIAN_POINT ( 'NONE',  ( 5.036640950747339751, 16.33318809514516801, -0.4082002748944045800 ) ) ;
#10153 = CARTESIAN_POINT ( 'NONE',  ( 5.036640950747334422, 12.87485476181183053, -7.211799725105614733 ) ) ;
#10154 = CARTESIAN_POINT ( 'NONE',  ( 1.900000000000000577, 17.25000000000000000, -5.269999999999997797 ) ) ;
#10155 = PRESENTATION_LAYER_ASSIGNMENT (  '', '', ( #3007 ) ) ;
#10156 = CARTESIAN_POINT ( 'NONE',  ( 8.163359049252667532, 12.10147827721596769, 0.4082002748943769355 ) ) ;
#10157 = DIRECTION ( 'NONE',  ( 0.0000000000000000000, 0.0000000000000000000, -1.000000000000000000 ) ) ;
#10158 = CARTESIAN_POINT ( 'NONE',  ( 6.200000000001852918, 18.68136878987107607, 5.407663550442103784 ) ) ;
#10159 = DIRECTION ( 'NONE',  ( 0.0000000000000000000, 0.0000000000000000000, 1.000000000000000000 ) ) ;
#10160 = CARTESIAN_POINT ( 'NONE',  ( 7.008200274894395676, 16.49985476181183230, 9.183359049252665329 ) ) ;
#10161 = LINE ( 'NONE', #5445, #6035 ) ;
#10162 = CARTESIAN_POINT ( 'NONE',  ( 5.074873148920163501, 21.64371258998183478, -4.778475768261894352 ) ) ;
#10163 = ADVANCED_FACE ( 'NONE', ( #9150 ), #3361, .T. ) ;
#10164 = VECTOR ( 'NONE', #3799, 1000.000000000000114 ) ;
#10165 = CARTESIAN_POINT ( 'NONE',  ( 8.163359049252660427, 16.12485476181182875, 7.211799725105591641 ) ) ;
#10166 = EDGE_LOOP ( 'NONE', ( #5578, #6419, #7029, #2457 ) ) ;
#10167 = VERTEX_POINT ( 'NONE', #4922 ) ;
#10168 = AXIS2_PLACEMENT_3D ( 'NONE', #7084, #6238, #5505 ) ;
#10169 = CARTESIAN_POINT ( 'NONE',  ( 5.783599450211218240, 14.93735476181183408, -6.226020063032067675 ) ) ;
#10170 = ORIENTED_EDGE ( 'NONE', *, *, #4078, .F. ) ;
#10171 = UNCERTAINTY_MEASURE_WITH_UNIT (LENGTH_MEASURE( 1.000000000000000082E-05 ), #3076, 'distance_accuracy_value', 'NONE');
#10172 = DIRECTION ( 'NONE',  ( 0.0000000000000000000, 0.0000000000000000000, 1.000000000000000000 ) ) ;
#10173 = DIRECTION ( 'NONE',  ( -1.000000000000000000, 0.0000000000000000000, 0.0000000000000000000 ) ) ;
#10174 = DIRECTION ( 'NONE',  ( 0.0000000000000000000, 1.000000000000000000, 0.0000000000000000000 ) ) ;
#10175 = ORIENTED_EDGE ( 'NONE', *, *, #3349, .F. ) ;
#10176 = CARTESIAN_POINT ( 'NONE',  ( 7.008200274894371695, 15.70818809514516445, -1.563359049252673438 ) ) ;
#10177 = STYLED_ITEM ( 'NONE', ( #5860 ), #10163 ) ;
#10178 = CARTESIAN_POINT ( 'NONE',  ( 6.191799725105607166, 11.24985476181183230, 6.056640950747335772 ) ) ;
#10179 = EDGE_CURVE ( 'NONE', #7156, #6509, #5100, .T. ) ;
#10180 = EDGE_CURVE ( 'NONE', #4580, #10454, #8347, .T. ) ;
#10181 = CARTESIAN_POINT ( 'NONE',  ( 3.167957166897569898, 11.50000000000000000, 10.81000000000000050 ) ) ;
#10182 = ORIENTED_EDGE ( 'NONE', *, *, #6608, .F. ) ;
#10183 = CARTESIAN_POINT ( 'NONE',  ( 6.999999999999668709, 18.70895134681811456, -9.818011558501584801 ) ) ;
#10184 = CARTESIAN_POINT ( 'NONE',  ( 6.042671120528350315, 16.94999999999998153, -6.161199823579489809 ) ) ;
#10185 = SURFACE_STYLE_USAGE ( .BOTH. , #1200 ) ;
#10186 = EDGE_LOOP ( 'NONE', ( #1888, #7410, #8507, #455 ) ) ;
#10187 = PLANE ( 'NONE',  #2632 ) ;
#10188 = B_SPLINE_CURVE_WITH_KNOTS ( 'NONE', 3,
 ( #3314, #5043, #9906, #9860, #2388, #881, #2604, #6617, #9803, #8046, #7288, #8152, #4073, #8841, #8258, #9048, #4018, #7339, #7233, #939 ),
 .UNSPECIFIED., .F., .F.,
 ( 4, 2, 2, 2, 2, 2, 2, 2, 2, 4 ),
 ( 0.0000000000000000000, 0.1250000000000000833, 0.2500000000000001665, 0.3750000000000004996, 0.5000000000000007772, 0.6250000000000006661, 0.7500000000000004441, 0.8125000000000005551, 0.8750000000000005551, 1.000000000000000000 ),
 .UNSPECIFIED. ) ;
#10189 = DIRECTION ( 'NONE',  ( -0.0000000000000000000, -1.000000000000000000, 0.0000000000000000000 ) ) ;
#10190 = CARTESIAN_POINT ( 'NONE',  ( 6.200000000001178790, 18.72026795797128784, -9.808380461045725696 ) ) ;
#10192 = EDGE_LOOP ( 'NONE', ( #7647, #3831 ) ) ;
#10191 = CARTESIAN_POINT ( 'NONE',  ( 5.206020063032059220, 12.81235476181183053, -0.8164005497887748541 ) ) ;
#10193 = CARTESIAN_POINT ( 'NONE',  ( 6.191799725105614272, 16.24985476181183230, -9.183359049252668882 ) ) ;
#10194 = ORIENTED_EDGE ( 'NONE', *, *, #5450, .F. ) ;
#10195 = CARTESIAN_POINT ( 'NONE',  ( 5.036640950747339751, 16.33318809514516801, -8.028200274894405908 ) ) ;
#10196 =( NAMED_UNIT ( * ) SI_UNIT ( $, .STERADIAN. ) SOLID_ANGLE_UNIT ( ) );
#10197 = SURFACE_SIDE_STYLE ('',( #7000 ) ) ;
#10198 = CARTESIAN_POINT ( 'NONE',  ( 7.416400549788777496, 13.53897827721596769, 9.013979936967938755 ) ) ;
#10199 = SURFACE_STYLE_USAGE ( .BOTH. , #8540 ) ;
#10200 = CARTESIAN_POINT ( 'NONE',  ( 7.008200274894387682, 12.99985476181182875, 9.183359049252668882 ) ) ;
#10201 = CARTESIAN_POINT ( 'NONE',  ( 6.042671120528351203, 16.94999999999997797, 9.078800176420509516 ) ) ;
#10202 = CARTESIAN_POINT ( 'NONE',  ( 5.250000000000000888, 21.69999999999999929, 2.734958866235468466 ) ) ;
#10203 = EDGE_LOOP ( 'NONE', ( #7635, #1480, #1940, #9145 ) ) ;
#10204 = PRESENTATION_STYLE_ASSIGNMENT (( #6952 ) ) ;
#10206 = ORIENTED_EDGE ( 'NONE', *, *, #2740, .T. ) ;
#10205 = CARTESIAN_POINT ( 'NONE',  ( 7.209754640811564919, 15.79222206898996106, 1.041138122682930600 ) ) ;
#10207 = CARTESIAN_POINT ( 'NONE',  ( 5.036640950747337975, 12.83318809514516268, -8.028200274894405908 ) ) ;
#10208 = CARTESIAN_POINT ( 'NONE',  ( 1.899999999999999023, 17.25000000000000000, -9.969999999999998863 ) ) ;
#10209 = CARTESIAN_POINT ( 'NONE',  ( 7.993979936967939182, 11.56235476181183586, 0.8164005497887717455 ) ) ;
#10210 = LINE ( 'NONE', #5282, #37 ) ;
#10211 = DIRECTION ( 'NONE',  ( 0.0000000000000000000, 1.000000000000000000, 0.0000000000000000000 ) ) ;
#10212 = DIRECTION ( 'NONE',  ( 1.000000000000000000, -0.0000000000000000000, 0.0000000000000000000 ) ) ;
#10213 = CARTESIAN_POINT ( 'NONE',  ( 6.904877320405797825, 15.97972206898996461, 6.452355715851507689 ) ) ;
#10214 =( NAMED_UNIT ( * ) SI_UNIT ( $, .STERADIAN. ) SOLID_ANGLE_UNIT ( ) );
#10215 = CARTESIAN_POINT ( 'NONE',  ( 5.432355715851504563, 12.60472206898996639, 7.315122679594205479 ) ) ;
#10216 = CARTESIAN_POINT ( 'NONE',  ( 6.191799725105614272, 16.24985476181183230, 6.056640950747333108 ) ) ;
#10217 = ORIENTED_EDGE ( 'NONE', *, *, #4266, .T. ) ;
#10218 = CARTESIAN_POINT ( 'NONE',  ( 5.036640950747329981, 14.33318809514516623, -8.028200274894384592 ) ) ;
#10219 = FILL_AREA_STYLE_COLOUR ( '', #4709 ) ;
#10220 = DIRECTION ( 'NONE',  ( 0.0000000000000000000, 0.0000000000000000000, -1.000000000000000000 ) ) ;
#10221 = CARTESIAN_POINT ( 'NONE',  ( 6.600000000000001421, 16.94999999999999929, -5.570000000000000284 ) ) ;
#10222 = ORIENTED_EDGE ( 'NONE', *, *, #4211, .T. ) ;
#10223 = CARTESIAN_POINT ( 'NONE',  ( 6.191799725105596508, 13.95818809514516801, 1.563359049252662336 ) ) ;
#10224 = CARTESIAN_POINT ( 'NONE',  ( 7.008200274894371695, 15.22647827721596592, -9.183359049252672435 ) ) ;
#10225 = EDGE_CURVE ( 'NONE', #6817, #9878, #8140, .T. ) ;
#10226 = CARTESIAN_POINT ( 'NONE',  ( 7.993979936967932076, 11.16397827721596414, 6.803599450211215149 ) ) ;
#10227 = CARTESIAN_POINT ( 'NONE',  ( 8.101112032216519765, 21.65958429280205166, 2.827596449220704855 ) ) ;
#10228 = ORIENTED_EDGE ( 'NONE', *, *, #2568, .T. ) ;
#10229 = FILL_AREA_STYLE ('',( #6027 ) ) ;
#10230 = ORIENTED_EDGE ( 'NONE', *, *, #9518, .T. ) ;
#10231 = DIRECTION ( 'NONE',  ( 0.0000000000000000000, 0.0000000000000000000, 1.000000000000000000 ) ) ;
#10232 = EDGE_CURVE ( 'NONE', #4686, #9173, #9838, .T. ) ;
#10233 = APPLICATION_PROTOCOL_DEFINITION ( 'draft international standard', 'automotive_design', 1998, #8032 ) ;
#10234 = VERTEX_POINT ( 'NONE', #6753 ) ;
#10235 = DIRECTION ( 'NONE',  ( -0.0000000000000000000, 0.0000000000000000000, -1.000000000000000000 ) ) ;
#10236 = EDGE_CURVE ( 'NONE', #2599, #819, #5781, .T. ) ;
#10237 = PLANE ( 'NONE',  #3842 ) ;
#10238 = UNCERTAINTY_MEASURE_WITH_UNIT (LENGTH_MEASURE( 1.000000000000000082E-05 ), #9654, 'distance_accuracy_value', 'NONE');
#10239 = MECHANICAL_DESIGN_GEOMETRIC_PRESENTATION_REPRESENTATION (  '', ( #2060 ), #510 ) ;
#10240 = DIRECTION ( 'NONE',  ( -8.185976218434330542E-17, 1.000000000000000000, 0.0000000000000000000 ) ) ;
#10241 = FILL_AREA_STYLE_COLOUR ( '', #6776 ) ;
#10243 = VERTEX_POINT ( 'NONE', #6607 ) ;
#10242 = CARTESIAN_POINT ( 'NONE',  ( 5.558861877317080591, 11.58388873565663246, -0.6097546408115921412 ) ) ;
#10244 = ORIENTED_EDGE ( 'NONE', *, *, #9910, .T. ) ;
#10245 = CARTESIAN_POINT ( 'NONE',  ( 7.416400549788795260, 16.68735476181182875, -9.013979936967922768 ) ) ;
#10246 = VECTOR ( 'NONE', #4776, 1000.000000000000000 ) ;
#10247 =( LENGTH_UNIT ( ) NAMED_UNIT ( * ) SI_UNIT ( .MILLI., .METRE. ) );
#10248 = CARTESIAN_POINT ( 'NONE',  ( 5.432355715851494793, 13.10472206898996639, 7.315122679594225019 ) ) ;
#10249 = CARTESIAN_POINT ( 'NONE',  ( 8.299999999999998934, 0.5999999999999998668, -7.120000000000000107 ) ) ;
#10250 = LINE ( 'NONE', #6156, #7403 ) ;
#10251 = ORIENTED_EDGE ( 'NONE', *, *, #8858, .F. ) ;
#10252 = SURFACE_STYLE_USAGE ( .BOTH. , #7915 ) ;
#10253 = CARTESIAN_POINT ( 'NONE',  ( 1.499999999999986899, 11.00000000000000000, 2.600000000000019629 ) ) ;
#10255 = ORIENTED_EDGE ( 'NONE', *, *, #10546, .F. ) ;
#10254 = CARTESIAN_POINT ( 'NONE',  ( 7.209754640811565807, 14.79222206898996461, 1.041138122682930378 ) ) ;
#10256 = CARTESIAN_POINT ( 'NONE',  ( 7.008200274894387682, 12.99985476181182875, -6.056640950747333108 ) ) ;
#10257 = LINE ( 'NONE', #6117, #8872 ) ;
#10258 = CARTESIAN_POINT ( 'NONE',  ( 7.008200274894387682, 11.49985476181183230, 1.563359049252677435 ) ) ;
#10259 = CARTESIAN_POINT ( 'NONE',  ( 12.59999999999999964, 0.9000000000000007994, -3.209999999999999964 ) ) ;
#10260 = CARTESIAN_POINT ( 'NONE',  ( 2.099999999999999645, 4.799999999999999822, -5.919999999999999929 ) ) ;
#10261 = CARTESIAN_POINT ( 'NONE',  ( 4.950000000000010836, 21.39999999999999858, -10.53547594742268245 ) ) ;
#10262 = CARTESIAN_POINT ( 'NONE',  ( 5.989839740012692815, 16.70888873565660049, 8.661138122682926266 ) ) ;
#10263 = CARTESIAN_POINT ( 'NONE',  ( 7.000000000000000000, 18.75000000000000000, 6.399999999999999467 ) ) ;
#10264 = CARTESIAN_POINT ( 'NONE',  ( 7.008200274894401893, 12.20818809514516445, 6.056640950747341101 ) ) ;
#10265 = CARTESIAN_POINT ( 'NONE',  ( 8.163359049252656874, 15.10147827721596414, 8.028200274894404131 ) ) ;
#10266 = ORIENTED_EDGE ( 'NONE', *, *, #4322, .T. ) ;
#10267 = CARTESIAN_POINT ( 'NONE',  ( 6.191799725105592067, 14.45818809514516623, -6.056640950747338437 ) ) ;
#10268 = CARTESIAN_POINT ( 'NONE',  ( 9.099999999999999645, 17.02352941176470580, 7.620000000000000107 ) ) ;
#10269 = UNCERTAINTY_MEASURE_WITH_UNIT (LENGTH_MEASURE( 1.000000000000000082E-05 ), #10052, 'distance_accuracy_value', 'NONE');
#10270 = CYLINDRICAL_SURFACE ( 'NONE', #2154, 3.350000000000000533 ) ;
#10271 = CARTESIAN_POINT ( 'NONE',  ( 0.0000000000000000000, 0.0000000000000000000, 11.42999999999999972 ) ) ;
#10272 = CARTESIAN_POINT ( 'NONE',  ( 7.000000000000000000, 18.42131751191191569, 2.233289184036715724 ) ) ;
#10273 = DIRECTION ( 'NONE',  ( 0.0000000000000000000, -1.000000000000000000, 0.0000000000000000000 ) ) ;
#10274 = ORIENTED_EDGE ( 'NONE', *, *, #1875, .F. ) ;
#10275 = CARTESIAN_POINT ( 'NONE',  ( 5.036640950747340639, 14.35147827721596236, -0.4082002748944119075 ) ) ;
#10276 = VECTOR ( 'NONE', #3177, 1000.000000000000000 ) ;
#10277 = FACE_OUTER_BOUND ( 'NONE', #3070, .T. ) ;
#10278 = CARTESIAN_POINT ( 'NONE',  ( 6.191799725105607166, 10.76814494388263554, 6.056640950747335772 ) ) ;
#10279 =( NAMED_UNIT ( * ) SI_UNIT ( $, .STERADIAN. ) SOLID_ANGLE_UNIT ( ) );
#10280 = VECTOR ( 'NONE', #25, 1000.000000000000000 ) ;
#10281 =( LENGTH_UNIT ( ) NAMED_UNIT ( * ) SI_UNIT ( .MILLI., .METRE. ) );
#10282 = ORIENTED_EDGE ( 'NONE', *, *, #5883, .F. ) ;
#10283 = AXIS2_PLACEMENT_3D ( 'NONE', #8955, #6568, #9863 ) ;
#10284 = CARTESIAN_POINT ( 'NONE',  ( 4.167191878871074451, 21.70000000000000639, 1.845196151916054239 ) ) ;
#10285 = EDGE_CURVE ( 'NONE', #3273, #3853, #3057, .T. ) ;
#10286 = CARTESIAN_POINT ( 'NONE',  ( 6.599999999999999645, 21.69999999999999929, 0.0000000000000000000 ) ) ;
#10287 = CARTESIAN_POINT ( 'NONE',  ( 5.036640950747339751, 11.83318809514517334, -8.028200274894400579 ) ) ;
#10288 =( NAMED_UNIT ( * ) PLANE_ANGLE_UNIT ( ) SI_UNIT ( $, .RADIAN. ) );
#10289 = VERTEX_POINT ( 'NONE', #4417 ) ;
#10290 = AXIS2_PLACEMENT_3D ( 'NONE', #2041, #8616, #7755 ) ;
#10291 = MECHANICAL_DESIGN_GEOMETRIC_PRESENTATION_REPRESENTATION (  '', ( #6039 ), #6917 ) ;
#10292 =( GEOMETRIC_REPRESENTATION_CONTEXT ( 3 ) GLOBAL_UNCERTAINTY_ASSIGNED_CONTEXT ( ( #2782 ) ) GLOBAL_UNIT_ASSIGNED_CONTEXT ( ( #8978, #3134, #9570 ) ) REPRESENTATION_CONTEXT ( 'NONE', 'WORKASPACE' ) );
#10293 = DIRECTION ( 'NONE',  ( 0.0000000000000000000, 0.0000000000000000000, -1.000000000000000000 ) ) ;
#10294 = EDGE_CURVE ( 'NONE', #469, #5478, #3928, .T. ) ;
#10295 = CARTESIAN_POINT ( 'NONE',  ( 6.599999999999999645, 18.65697564738866276, 0.0000000000000000000 ) ) ;
#10296 = COLOUR_RGB ( '',0.2862745098039215508, 0.6431372549019607199, 0.8666666666666666963 ) ;
#10297 = ADVANCED_FACE ( 'NONE', ( #9502 ), #7597, .F. ) ;
#10298 = CARTESIAN_POINT ( 'NONE',  ( 7.993979936967921418, 12.56235476181183053, -6.803599450211196498 ) ) ;
#10300 = ORIENTED_EDGE ( 'NONE', *, *, #973, .F. ) ;
#10299 = CARTESIAN_POINT ( 'NONE',  ( 7.767644284148501832, 11.89638873565663246, -0.3048773204057834696 ) ) ;
#10301 = VERTEX_POINT ( 'NONE', #2240 ) ;
#10302 = AXIS2_PLACEMENT_3D ( 'NONE', #2951, #1285, #10306 ) ;
#10303 = VECTOR ( 'NONE', #4191, 1000.000000000000000 ) ;
#10304 = DIRECTION ( 'NONE',  ( 0.0000000000000000000, -0.0000000000000000000, -1.000000000000000000 ) ) ;
#10305 = DIRECTION ( 'NONE',  ( -1.000000000000000000, 0.0000000000000000000, 0.0000000000000000000 ) ) ;
#10306 = DIRECTION ( 'NONE',  ( 0.0000000000000000000, 0.0000000000000000000, -1.000000000000000000 ) ) ;
#10307 = CIRCLE ( 'NONE', #7571, 2.500000000000000444 ) ;
#10308 = CARTESIAN_POINT ( 'NONE',  ( 8.299999999999998934, 0.9000000000000196732, -5.544999999999999929 ) ) ;
#10309 = EDGE_CURVE ( 'NONE', #2550, #10438, #4364, .T. ) ;
#10310 = SURFACE_STYLE_USAGE ( .BOTH. , #6891 ) ;
#10311 = CARTESIAN_POINT ( 'NONE',  ( 12.59999999999999964, 0.0000000000000000000, 11.42999999999999972 ) ) ;
#10312 = ORIENTED_EDGE ( 'NONE', *, *, #9452, .F. ) ;
#10313 = VECTOR ( 'NONE', #6064, 1000.000000000000000 ) ;
#10314 = PLANE ( 'NONE',  #7591 ) ;
#10316 = ORIENTED_EDGE ( 'NONE', *, *, #836, .F. ) ;
#10315 = CARTESIAN_POINT ( 'NONE',  ( 5.432355715851504563, 15.10472206898996639, -0.3048773204057959596 ) ) ;
#10317 = CARTESIAN_POINT ( 'NONE',  ( 5.783599450211176496, 12.77068809514516623, -9.013979936967910334 ) ) ;
#10318 = CARTESIAN_POINT ( 'NONE',  ( 1.901461569844109523, 17.27092694212328183, -9.969269215077943613 ) ) ;
#10319 = CARTESIAN_POINT ( 'NONE',  ( 7.702110499919415432, 10.55958943737799061, 1.108269986837310483 ) ) ;
#10320 = CARTESIAN_POINT ( 'NONE',  ( 6.599999999999999645, 17.25000000000000000, -2.049999999999999822 ) ) ;
#10321 = DIRECTION ( 'NONE',  ( 0.0000000000000000000, 1.000000000000000000, 0.0000000000000000000 ) ) ;
#10322 = AXIS2_PLACEMENT_3D ( 'NONE', #10053, #276, #6697 ) ;
#10323 = CARTESIAN_POINT ( 'NONE',  ( 5.038802091099981340, 21.61312831181459160, -10.48323742889545684 ) ) ;
#10324 = VECTOR ( 'NONE', #2636, 1000.000000000000000 ) ;
#10325 = CARTESIAN_POINT ( 'NONE',  ( 6.191799725105614272, 16.24985476181183230, 6.056640950747333108 ) ) ;
#10326 = CARTESIAN_POINT ( 'NONE',  ( 5.250000000000000000, 21.39999999999999858, 7.620000000000000107 ) ) ;
#10327 = CARTESIAN_POINT ( 'NONE',  ( 7.209754640811558701, 11.95888873565663424, 6.578861877317063289 ) ) ;
#10328 = CARTESIAN_POINT ( 'NONE',  ( 5.783599450211220017, 15.43735476181183408, 9.013979936967933426 ) ) ;
#10329 = ORIENTED_EDGE ( 'NONE', *, *, #5896, .T. ) ;
#10330 = CARTESIAN_POINT ( 'NONE',  ( 8.163359049252674637, 13.60147827721596592, -7.211799725105631609 ) ) ;
#10331 =( LENGTH_UNIT ( ) NAMED_UNIT ( * ) SI_UNIT ( .MILLI., .METRE. ) );
#10332 = AXIS2_PLACEMENT_3D ( 'NONE', #8721, #3290, #7161 ) ;
#10333 = CARTESIAN_POINT ( 'NONE',  ( 1.944626135594410110, -6.929999999999949978, 11.00500000000000078 ) ) ;
#10334 = CARTESIAN_POINT ( 'NONE',  ( 6.962291394269801259, 18.71222679458387361, 9.839104311607762554 ) ) ;
#10335 = ORIENTED_EDGE ( 'NONE', *, *, #1848, .F. ) ;
#10336 = CARTESIAN_POINT ( 'NONE',  ( 6.191799725105592067, 13.97647827721596236, 1.563359049252660560 ) ) ;
#10337 = SURFACE_SIDE_STYLE ('',( #1510 ) ) ;
#10338 = CARTESIAN_POINT ( 'NONE',  ( 5.783599450211225346, 11.77068809514516623, 6.226020063032060570 ) ) ;
#10339 =( GEOMETRIC_REPRESENTATION_CONTEXT ( 3 ) GLOBAL_UNCERTAINTY_ASSIGNED_CONTEXT ( ( #4183 ) ) GLOBAL_UNIT_ASSIGNED_CONTEXT ( ( #8299, #9730, #7325 ) ) REPRESENTATION_CONTEXT ( 'NONE', 'WORKASPACE' ) );
#10340 = PRODUCT_DEFINITION_CONTEXT ( 'detailed design', #8032, 'design' ) ;
#10341 = PLANE ( 'NONE',  #3027 ) ;
#10342 = CARTESIAN_POINT ( 'NONE',  ( 26.05000000000000071, 0.5999999999999889866, -8.119999999999999218 ) ) ;
#10343 = ORIENTED_EDGE ( 'NONE', *, *, #7459, .T. ) ;
#10344 = SURFACE_SIDE_STYLE ('',( #5509 ) ) ;
#10345 = CARTESIAN_POINT ( 'NONE',  ( 6.408477470715483904, 16.94999999999999929, 1.563359049252670108 ) ) ;
#10346 = DIRECTION ( 'NONE',  ( 0.0000000000000000000, 0.0000000000000000000, 1.000000000000000000 ) ) ;
#10347 = DIRECTION ( 'NONE',  ( -0.0000000000000000000, 0.0000000000000000000, -1.000000000000000000 ) ) ;
#10348 = PRESENTATION_LAYER_ASSIGNMENT (  '', '', ( #620 ) ) ;
#10349 = CARTESIAN_POINT ( 'NONE',  ( 4.949999999999999289, 21.69999999999999929, 10.53547594742270022 ) ) ;
#10350 = ORIENTED_EDGE ( 'NONE', *, *, #7916, .T. ) ;
#10351 = UNCERTAINTY_MEASURE_WITH_UNIT (LENGTH_MEASURE( 1.000000000000000082E-05 ), #7190, 'distance_accuracy_value', 'NONE');
#10352 = LINE ( 'NONE', #8649, #3179 ) ;
#10353 = PRESENTATION_STYLE_ASSIGNMENT (( #1329 ) ) ;
#10355 = EDGE_LOOP ( 'NONE', ( #8626, #9888, #7424, #1110, #1942, #8165, #629, #8642 ) ) ;
#10354 = CARTESIAN_POINT ( 'NONE',  ( 5.432355715851509004, 12.14638873565663602, 0.3048773204057961816 ) ) ;
#10356 = ORIENTED_EDGE ( 'NONE', *, *, #9435, .T. ) ;
#10357 = AXIS2_PLACEMENT_3D ( 'NONE', #2995, #8690, #5512 ) ;
#10358 = CARTESIAN_POINT ( 'NONE',  ( 9.099999999999999645, 21.69999999999999929, 3.061616997868382648E-16 ) ) ;
#10359 = CYLINDRICAL_SURFACE ( 'NONE', #4391, 0.2999999999999999334 ) ;
#10360 = EDGE_CURVE ( 'NONE', #405, #7407, #4732, .T. ) ;
#10361 = CARTESIAN_POINT ( 'NONE',  ( 2.099999999999998757, 4.799999999999998046, 1.699999999999995959 ) ) ;
#10362 = PLANE ( 'NONE',  #2619 ) ;
#10363 = VERTEX_POINT ( 'NONE', #6300 ) ;
#10364 = LINE ( 'NONE', #2083, #9292 ) ;
#10366 = ORIENTED_EDGE ( 'NONE', *, *, #2488, .T. ) ;
#10365 = CARTESIAN_POINT ( 'NONE',  ( 6.191799725105629371, 14.95818809514516801, 1.563359049252674327 ) ) ;
#10367 = CARTESIAN_POINT ( 'NONE',  ( 5.558861877317079703, 12.66722206898996461, -7.010245359188417957 ) ) ;
#10368 = EDGE_CURVE ( 'NONE', #3373, #3126, #5222, .T. ) ;
#10369 = CARTESIAN_POINT ( 'NONE',  ( 8.299999999999998934, -4.750000000000000000, 8.119999999999999218 ) ) ;
#10370 = CARTESIAN_POINT ( 'NONE',  ( 7.416400549788795260, 11.03897827721596769, 1.393979936967929323 ) ) ;
#10371 = PLANE ( 'NONE',  #7911 ) ;
#10372 = EDGE_CURVE ( 'NONE', #4069, #2614, #8650, .T. ) ;
#10373 = CARTESIAN_POINT ( 'NONE',  ( 5.031387113659623544, 21.60551554672726127, -10.48761572761156735 ) ) ;
#10374 = CARTESIAN_POINT ( 'NONE',  ( 8.163359049252672861, 15.62485476181182875, 7.211799725105622727 ) ) ;
#10375 = CARTESIAN_POINT ( 'NONE',  ( 6.295122679594205906, 12.72972206898996816, 8.787644284148496965 ) ) ;
#10376 = ORIENTED_EDGE ( 'NONE', *, *, #9184, .F. ) ;
#10377 = DIRECTION ( 'NONE',  ( 1.000000000000000000, 0.0000000000000000000, -0.0000000000000000000 ) ) ;
#10378 = UNCERTAINTY_MEASURE_WITH_UNIT (LENGTH_MEASURE( 1.000000000000000082E-05 ), #3857, 'distance_accuracy_value', 'NONE');
#10379 = PRESENTATION_STYLE_ASSIGNMENT (( #4057 ) ) ;
#10380 = FACE_OUTER_BOUND ( 'NONE', #4795, .T. ) ;
#10381 = CARTESIAN_POINT ( 'NONE',  ( 6.599999999999999645, 17.25000000000000000, -9.969999999999998863 ) ) ;
#10382 = CARTESIAN_POINT ( 'NONE',  ( 5.990245359188436147, 15.20888873565663246, -6.578861877317064177 ) ) ;
#10383 = ORIENTED_EDGE ( 'NONE', *, *, #1748, .T. ) ;
#10384 = CARTESIAN_POINT ( 'NONE',  ( 7.008200274894377024, 13.72647827721596592, -1.563359049252668553 ) ) ;
#10385 = CARTESIAN_POINT ( 'NONE',  ( 4.984816727171184070, 21.56353347719230129, 4.724706748529679423 ) ) ;
#10386 = SURFACE_STYLE_FILL_AREA ( #8940 ) ;
#10387 = DIRECTION ( 'NONE',  ( 0.0000000000000000000, -0.0000000000000000000, 1.000000000000000000 ) ) ;
#10388 = PRESENTATION_STYLE_ASSIGNMENT (( #4662 ) ) ;
#10389 = ORIENTED_EDGE ( 'NONE', *, *, #5245, .F. ) ;
#10390 = DIRECTION ( 'NONE',  ( 0.0000000000000000000, -0.0000000000000000000, -1.000000000000000000 ) ) ;
#10391 = CARTESIAN_POINT ( 'NONE',  ( 4.949999999999999289, 21.69999999999999929, -11.42999999999999972 ) ) ;
#10392 = CARTESIAN_POINT ( 'NONE',  ( 7.000000000000000000, 17.94999999999089724, -5.353238286267258061 ) ) ;
#10393 = CARTESIAN_POINT ( 'NONE',  ( 5.206020063032071654, 13.91397827721596236, 8.436400549788785952 ) ) ;
#10394 = SURFACE_STYLE_USAGE ( .BOTH. , #5621 ) ;
#10395 = SURFACE_STYLE_USAGE ( .BOTH. , #1522 ) ;
#10396 =( BOUNDED_SURFACE ( )  B_SPLINE_SURFACE ( 3, 3, ( 
 ( #9854, #8148, #9951, #5927 ),
 ( #8197, #9157, #3467, #5821 ),
 ( #4068, #9740, #118, #9796 ),
 ( #4987, #8942, #7333, #2498 ) ),
 .UNSPECIFIED., .F., .F., .T. ) 
 B_SPLINE_SURFACE_WITH_KNOTS ( ( 4, 4 ),
 ( 4, 4 ),
 ( 0.0000000000000000000, 1.000000000000000000 ),
 ( 0.0000000000000000000, 1.000000000000000000 ),
 .UNSPECIFIED. ) 
 GEOMETRIC_REPRESENTATION_ITEM ( )  RATIONAL_B_SPLINE_SURFACE ( (
 ( 1.000000000000000000, 0.4407513212695787774, 0.4407513212695787774, 1.000000000000000000),
 ( 0.8209024677480388776, 0.3618138472934059324, 0.3618138472934059324, 0.8209024677480388776),
 ( 0.8209024677480388776, 0.3618138472934059324, 0.3618138472934059324, 0.8209024677480388776),
 ( 1.000000000000000000, 0.4407513212695787774, 0.4407513212695787774, 1.000000000000000000) ) ) 
 REPRESENTATION_ITEM ( '' )  SURFACE ( )  );
#10398 = ORIENTED_EDGE ( 'NONE', *, *, #364, .T. ) ;
#10397 = CARTESIAN_POINT ( 'NONE',  ( 7.993979936967930300, 12.06235476181183408, 0.8164005497887779628 ) ) ;
#10399 = CARTESIAN_POINT ( 'NONE',  ( 10.69999999999999751, 16.94999999999999929, -2.049999999999999378 ) ) ;
#10400 = ORIENTED_EDGE ( 'NONE', *, *, #2405, .F. ) ;
#10401 = VERTEX_POINT ( 'NONE', #7099 ) ;
#10402 = CARTESIAN_POINT ( 'NONE',  ( 6.199999999999999289, 17.94999999999085460, 5.353238286268688917 ) ) ;
#10403 = CARTESIAN_POINT ( 'NONE',  ( 6.599999999999999645, 16.73816651951390000, 1.563359049252670108 ) ) ;
#10404 = CARTESIAN_POINT ( 'NONE',  ( 0.0000000000000000000, 0.0000000000000000000, -4.410000000000001030 ) ) ;
#10405 = FACE_OUTER_BOUND ( 'NONE', #8510, .T. ) ;
#10406 = CARTESIAN_POINT ( 'NONE',  ( 11.29853843015598436, 17.27092694212258905, -2.349269215077992357 ) ) ;
#10407 = CARTESIAN_POINT ( 'NONE',  ( 6.599999999999999645, 18.75000000000000000, -7.620000000000000107 ) ) ;
#10408 = EDGE_CURVE ( 'NONE', #2193, #850, #3733, .T. ) ;
#10410 = VERTEX_POINT ( 'NONE', #5171 ) ;
#10409 = CARTESIAN_POINT ( 'NONE',  ( 7.416400549788805030, 15.52068809514516978, 1.393979936967920663 ) ) ;
#10411 = LINE ( 'NONE', #6673, #2750 ) ;
#10412 = CARTESIAN_POINT ( 'NONE',  ( 5.206020063032087641, 11.89568809514516623, 0.8164005497888255913 ) ) ;
#10413 = DIRECTION ( 'NONE',  ( -0.0000000000000000000, -0.0000000000000000000, -1.000000000000000000 ) ) ;
#10414 =( LENGTH_UNIT ( ) NAMED_UNIT ( * ) SI_UNIT ( .MILLI., .METRE. ) );
#10415 = CARTESIAN_POINT ( 'NONE',  ( 9.650046336322056106, 21.70000000000000639, 7.335847962120412902 ) ) ;
#10416 = CARTESIAN_POINT ( 'NONE',  ( 5.432355715851504563, 15.10472206898996639, 7.315122679594206367 ) ) ;
#10417 = CARTESIAN_POINT ( 'NONE',  ( 12.59999999999999964, 0.0000000000000000000, 3.210000000000000853 ) ) ;
#10418 = ADVANCED_FACE ( 'NONE', ( #7650 ), #7902, .F. ) ;
#10419 = CARTESIAN_POINT ( 'NONE',  ( 7.416400549788803254, 12.02068809514516801, 9.013979936967922768 ) ) ;
#10420 = EDGE_LOOP ( 'NONE', ( #10510, #8520, #8323, #387, #6799, #3572, #1984, #5990, #3170, #9161, #8755, #5746, #1909, #3737, #8184, #8009 ) ) ;
#10421 =( NAMED_UNIT ( * ) PLANE_ANGLE_UNIT ( ) SI_UNIT ( $, .RADIAN. ) );
#10422 = EDGE_CURVE ( 'NONE', #3400, #8809, #7348, .T. ) ;
#10423 = EDGE_CURVE ( 'NONE', #3234, #10410, #6574, .T. ) ;
#10424 = CARTESIAN_POINT ( 'NONE',  ( 6.599999999999999645, 16.94999999999999929, -2.050000000000009148 ) ) ;
#10425 =( NAMED_UNIT ( * ) SI_UNIT ( $, .STERADIAN. ) SOLID_ANGLE_UNIT ( ) );
#10426 = FILL_AREA_STYLE ('',( #3199 ) ) ;
#10427 = PRESENTATION_STYLE_ASSIGNMENT (( #2427 ) ) ;
#10428 = CARTESIAN_POINT ( 'NONE',  ( 5.783599450211218240, 14.93735476181183408, -6.226020063032067675 ) ) ;
#10429 = ORIENTED_EDGE ( 'NONE', *, *, #495, .T. ) ;
#10430 = CARTESIAN_POINT ( 'NONE',  ( 7.008200274894377024, 14.20818809514516623, -1.563359049252668553 ) ) ;
#10431 = DIRECTION ( 'NONE',  ( -1.000000000000000000, 0.0000000000000000000, -1.224646799147353207E-16 ) ) ;
#10432 = CARTESIAN_POINT ( 'NONE',  ( 5.205997068489014445, 21.69999999999999929, 4.857749516314028071 ) ) ;
#10433 = CARTESIAN_POINT ( 'NONE',  ( 10.84462613559439959, 0.8999999999999928058, 11.00500000000000078 ) ) ;
#10434 = CARTESIAN_POINT ( 'NONE',  ( 0.0000000000000000000, 0.9000000000000019096, 3.209999999999999964 ) ) ;
#10435 = ADVANCED_FACE ( 'NONE', ( #3975 ), #4134, .F. ) ;
#10436 = CARTESIAN_POINT ( 'NONE',  ( 6.199999999999999289, 18.75000000000000000, -5.504900159113810254 ) ) ;
#10437 = FILL_AREA_STYLE_COLOUR ( '', #2131 ) ;
#10438 = VERTEX_POINT ( 'NONE', #5001 ) ;
#10439 = CARTESIAN_POINT ( 'NONE',  ( 8.299999999999998934, -3.750000000000010214, 7.120000000000000107 ) ) ;
#10440 = CARTESIAN_POINT ( 'NONE',  ( 6.600000000000000533, 16.94999999999999574, 9.669999999999992824 ) ) ;
#10441 = CARTESIAN_POINT ( 'NONE',  ( 6.599999999999999645, 17.02352941175888645, -2.500000000046293192 ) ) ;
#10442 =( NAMED_UNIT ( * ) SI_UNIT ( $, .STERADIAN. ) SOLID_ANGLE_UNIT ( ) );
#10443 = CIRCLE ( 'NONE', #3316, 3.350000000000000533 ) ;
#10444 = CARTESIAN_POINT ( 'NONE',  ( 8.163359049252660427, 13.14314494388263732, 7.211799725105585424 ) ) ;
#10445 = STYLED_ITEM ( 'NONE', ( #8373 ), #5276 ) ;
#10446 = COLOUR_RGB ( '',0.2862745098039215508, 0.6431372549019607199, 0.8666666666666666963 ) ;
#10447 = PLANE ( 'NONE',  #5873 ) ;
#10448 = ADVANCED_FACE ( 'NONE', ( #8213 ), #7246, .T. ) ;
#10449 = AXIS2_PLACEMENT_3D ( 'NONE', #5560, #8795, #1470 ) ;
#10450 = UNCERTAINTY_MEASURE_WITH_UNIT (LENGTH_MEASURE( 1.000000000000000082E-05 ), #779, 'distance_accuracy_value', 'NONE');
#10451 = PLANE ( 'NONE',  #599 ) ;
#10453 = VERTEX_POINT ( 'NONE', #5788 ) ;
#10452 = CARTESIAN_POINT ( 'NONE',  ( 6.295122679594205906, 11.72972206898996461, 1.167644284148495748 ) ) ;
#10454 = VERTEX_POINT ( 'NONE', #6461 ) ;
#10455 = VERTEX_POINT ( 'NONE', #5624 ) ;
#10456 = CARTESIAN_POINT ( 'NONE',  ( 26.05000000000000071, 0.5999999999999889866, 0.5000000000000009992 ) ) ;
#10457 = FACE_OUTER_BOUND ( 'NONE', #524, .T. ) ;
#10458 = PLANE ( 'NONE',  #914 ) ;
#10459 = CARTESIAN_POINT ( 'NONE',  ( 0.0000000000000000000, 0.9000000000000109024, -4.410000000000000142 ) ) ;
#10460 = DIRECTION ( 'NONE',  ( 1.326525867060349907E-16, 1.000000000000000000, 0.0000000000000000000 ) ) ;
#10461 = CARTESIAN_POINT ( 'NONE',  ( 6.600000000000000533, 17.25698273513599901, -2.349999999999999645 ) ) ;
#10462 = PRESENTATION_LAYER_ASSIGNMENT (  '', '', ( #2991 ) ) ;
#10463 = AXIS2_PLACEMENT_3D ( 'NONE', #7412, #5944, #9177 ) ;
#10465 = ORIENTED_EDGE ( 'NONE', *, *, #8387, .T. ) ;
#10464 = CARTESIAN_POINT ( 'NONE',  ( 5.036640950747340639, 14.83318809514516268, -0.4082002748944119075 ) ) ;
#10466 = CARTESIAN_POINT ( 'NONE',  ( 7.767644284148501832, 11.89638873565663246, -7.924877320405787628 ) ) ;
#10467 =( LENGTH_UNIT ( ) NAMED_UNIT ( * ) SI_UNIT ( .MILLI., .METRE. ) );
#10468 = DIRECTION ( 'NONE',  ( -0.0000000000000000000, 1.000000000000000000, -0.0000000000000000000 ) ) ;
#10469 = CARTESIAN_POINT ( 'NONE',  ( 5.990245359188434371, 15.04222206898996106, 6.578861877317069506 ) ) ;
#10470 = VECTOR ( 'NONE', #2054, 1000.000000000000000 ) ;
#10471 = CARTESIAN_POINT ( 'NONE',  ( 10.27498147099516856, 18.71222679458386295, -5.941726103800114345 ) ) ;
#10472 = COLOUR_RGB ( '',0.2862745098039215508, 0.6431372549019607199, 0.8666666666666666963 ) ;
#10473 = CARTESIAN_POINT ( 'NONE',  ( 5.432355715851502787, 11.10472206898996461, 7.315122679594204591 ) ) ;
#10474 = ORIENTED_EDGE ( 'NONE', *, *, #4130, .T. ) ;
#10475 = CARTESIAN_POINT ( 'NONE',  ( 5.036640950747339751, 13.35147827721596592, -8.028200274894407684 ) ) ;
#10476 = SURFACE_STYLE_USAGE ( .BOTH. , #4809 ) ;
#10477 = EDGE_LOOP ( 'NONE', ( #3499, #7848, #7651, #10329, #1527, #8911 ) ) ;
#10478 = DIRECTION ( 'NONE',  ( -1.000000000000000000, 9.637352644315610034E-17, 0.0000000000000000000 ) ) ;
#10479 = CARTESIAN_POINT ( 'NONE',  ( 6.999999999999835687, 18.74954171588530016, 5.493666738356750123 ) ) ;
#10480 = CARTESIAN_POINT ( 'NONE',  ( 9.454901547951937602, 21.70000000000000284, -8.730408129069695988 ) ) ;
#10481 = CARTESIAN_POINT ( 'NONE',  ( 5.558861877317074374, 15.58388873565663069, -8.229754640811577815 ) ) ;
#10482 = AXIS2_PLACEMENT_3D ( 'NONE', #9038, #1728, #5033 ) ;
#10483 = AXIS2_PLACEMENT_3D ( 'NONE', #4302, #9231, #1979 ) ;
#10484 = CARTESIAN_POINT ( 'NONE',  ( 7.008200274894408111, 13.01814494388263199, 1.563359049252661226 ) ) ;
#10485 = DIRECTION ( 'NONE',  ( 0.0000000000000000000, 0.0000000000000000000, -1.000000000000000000 ) ) ;
#10486 = CARTESIAN_POINT ( 'NONE',  ( 0.3999999999999999667, 11.89999999999999858, -11.42999999999999972 ) ) ;
#10487 = ADVANCED_FACE ( 'NONE', ( #9008 ), #888, .F. ) ;
#10488 = COLOUR_RGB ( '',0.2862745098039215508, 0.6431372549019607199, 0.8666666666666666963 ) ;
#10489 = CARTESIAN_POINT ( 'NONE',  ( 6.199999999999999289, 18.65697564738263381, -5.403455814736732421 ) ) ;
#10490 = AXIS2_PLACEMENT_3D ( 'NONE', #1135, #6063, #9305 ) ;
#10491 = DIRECTION ( 'NONE',  ( 1.000000000000000000, 0.0000000000000000000, 0.0000000000000000000 ) ) ;
#10492 = ORIENTED_EDGE ( 'NONE', *, *, #300, .F. ) ;
#10493 =( GEOMETRIC_REPRESENTATION_CONTEXT ( 3 ) GLOBAL_UNCERTAINTY_ASSIGNED_CONTEXT ( ( #10063 ) ) GLOBAL_UNIT_ASSIGNED_CONTEXT ( ( #9382, #6145, #511 ) ) REPRESENTATION_CONTEXT ( 'NONE', 'WORKASPACE' ) );
#10494 = CARTESIAN_POINT ( 'NONE',  ( 5.206020063032072542, 12.39568809514516445, -6.803599450211211597 ) ) ;
#10495 = CARTESIAN_POINT ( 'NONE',  ( 26.05000000000000071, 1.349999999999990097, 6.370000000000000107 ) ) ;
#10496 = SURFACE_STYLE_FILL_AREA ( #8101 ) ;
#10497 = CARTESIAN_POINT ( 'NONE',  ( 6.199999999999999289, 18.66802573438563329, 2.215759006795321451 ) ) ;
#10498 = EDGE_CURVE ( 'NONE', #8460, #2842, #1162, .T. ) ;
#10499 = AXIS2_PLACEMENT_3D ( 'NONE', #3812, #6871, #2119 ) ;
#10500 = AXIS2_PLACEMENT_3D ( 'NONE', #5813, #2588, #51 ) ;
#10501 = CARTESIAN_POINT ( 'NONE',  ( 8.163359049252656874, 12.60147827721596059, 8.028200274894404131 ) ) ;
#10502 = EDGE_CURVE ( 'NONE', #5970, #10167, #8482, .T. ) ;
#10503 = CARTESIAN_POINT ( 'NONE',  ( 7.500000000000000000, -3.749999999999999112, 0.5000000000000011102 ) ) ;
#10504 = SURFACE_STYLE_FILL_AREA ( #7240 ) ;
#10505 = VECTOR ( 'NONE', #7023, 1000.000000000000114 ) ;
#10506 = VECTOR ( 'NONE', #2652, 1000.000000000000000 ) ;
#10507 = SURFACE_SIDE_STYLE ('',( #4781 ) ) ;
#10509 = ORIENTED_EDGE ( 'NONE', *, *, #5184, .F. ) ;
#10508 = CARTESIAN_POINT ( 'NONE',  ( 6.295122679594215676, 11.02138873565663246, -1.167644284148500855 ) ) ;
#10510 = ORIENTED_EDGE ( 'NONE', *, *, #865, .T. ) ;
#10511 = DIRECTION ( 'NONE',  ( 0.0000000000000000000, -1.215927670077199944E-16, -1.000000000000000000 ) ) ;
#10512 = VECTOR ( 'NONE', #9547, 1000.000000000000227 ) ;
#10513 = CARTESIAN_POINT ( 'NONE',  ( 6.199999999999999289, 17.94999999999240714, 9.886761713731202050 ) ) ;
#10514 = PRESENTATION_STYLE_ASSIGNMENT (( #7254 ) ) ;
#10515 = CARTESIAN_POINT ( 'NONE',  ( 8.038026772523119590, 21.70000000000000284, -10.40955549851433481 ) ) ;
#10516 = CARTESIAN_POINT ( 'NONE',  ( 8.163359049252656874, 14.64314494388262844, 7.211799725105581871 ) ) ;
#10518 = ORIENTED_EDGE ( 'NONE', *, *, #8676, .F. ) ;
#10517 = CARTESIAN_POINT ( 'NONE',  ( 6.191799725105592067, 14.45818809514516623, 1.563359049252660560 ) ) ;
#10519 = CARTESIAN_POINT ( 'NONE',  ( 7.767644284148499167, 12.35472206898996461, -7.315122679594230348 ) ) ;
#10520 = EDGE_CURVE ( 'NONE', #10301, #4160, #5146, .T. ) ;
#10521 = SURFACE_STYLE_FILL_AREA ( #8021 ) ;
#10522 = CARTESIAN_POINT ( 'NONE',  ( 6.244235344735627358, 18.75000000000000000, -5.440873217243830773 ) ) ;
#10523 =( LENGTH_UNIT ( ) NAMED_UNIT ( * ) SI_UNIT ( .MILLI., .METRE. ) );
#10524 = CARTESIAN_POINT ( 'NONE',  ( 7.641138122682932909, 14.91722206898996284, 7.010245359188441938 ) ) ;
#10525 = CARTESIAN_POINT ( 'NONE',  ( 6.955764655264411900, 18.75000000000000000, -5.440873217244603488 ) ) ;
#10526 = CARTESIAN_POINT ( 'NONE',  ( 7.767644284148503608, 10.85472206898992198, 7.924877320405818715 ) ) ;
#10527 = ORIENTED_EDGE ( 'NONE', *, *, #3334, .T. ) ;
#10528 = VERTEX_POINT ( 'NONE', #10020 ) ;
#10529 = CARTESIAN_POINT ( 'NONE',  ( 8.163359049252660427, 13.58318809514516801, -7.211799725105594305 ) ) ;
#10530 = VERTEX_POINT ( 'NONE', #5887 ) ;
#10531 = CARTESIAN_POINT ( 'NONE',  ( 5.990245359188441476, 11.54222206898996284, -8.661138122682938700 ) ) ;
#10532 = CARTESIAN_POINT ( 'NONE',  ( 7.500000000000000000, -3.750000000000000888, 8.120000000000000995 ) ) ;
#10533 = FACE_OUTER_BOUND ( 'NONE', #3377, .T. ) ;
#10534 = CARTESIAN_POINT ( 'NONE',  ( 5.558861877317077038, 15.08388873565662713, -8.229754640811583144 ) ) ;
#10535 = CARTESIAN_POINT ( 'NONE',  ( 7.416400549788778385, 12.70564494388263377, -1.393979936967932431 ) ) ;
#10536 = CARTESIAN_POINT ( 'NONE',  ( 6.200000000001854694, 18.68136878987106897, -2.212336449557896767 ) ) ;
#10537 = FACE_OUTER_BOUND ( 'NONE', #8652, .T. ) ;
#10538 = CARTESIAN_POINT ( 'NONE',  ( 7.500000000000000000, -3.750000000000000888, 0.5000000000000008882 ) ) ;
#10539 = LINE ( 'NONE', #8882, #428 ) ;
#10540 = CARTESIAN_POINT ( 'NONE',  ( 9.099999999999999645, 21.69999999999999929, -7.620000000000000107 ) ) ;
#10541 = VERTEX_POINT ( 'NONE', #1749 ) ;
#10542 = CARTESIAN_POINT ( 'NONE',  ( 7.416400549788805918, 11.68735476181182698, -9.013979936967920992 ) ) ;
#10543 = FACE_OUTER_BOUND ( 'NONE', #4644, .T. ) ;
#10544 = CARTESIAN_POINT ( 'NONE',  ( 2.500000000000003109, 16.94999999999999929, 9.669999999999999929 ) ) ;
#10545 = CARTESIAN_POINT ( 'NONE',  ( 6.200000000000708056, 18.69941473230001705, 2.204227918229499483 ) ) ;
#10546 = EDGE_CURVE ( 'NONE', #8286, #538, #7280, .T. ) ;
#10547 = CARTESIAN_POINT ( 'NONE',  ( 6.191799725105617824, 15.47647827721596592, 1.563359049252668775 ) ) ;
#10548 = CARTESIAN_POINT ( 'NONE',  ( 6.191799725105619601, 13.26814494388262666, 6.056640950747333996 ) ) ;
#10549 = CARTESIAN_POINT ( 'NONE',  ( 9.115422988913641333, 21.69999999999999574, -1.730761827356092963 ) ) ;
#10550 = EDGE_CURVE ( 'NONE', #677, #1247, #233, .T. ) ;
#10551 = CARTESIAN_POINT ( 'NONE',  ( 10.81254805334779689, 21.69999999999999574, -1.564202544787741234 ) ) ;
#10552 = DIRECTION ( 'NONE',  ( -0.9578262852211516520, 0.0000000000000000000, -0.2873478855663442744 ) ) ;
#10553 = EDGE_CURVE ( 'NONE', #503, #3400, #3487, .T. ) ;
#10554 = DIRECTION ( 'NONE',  ( 0.0000000000000000000, 0.0000000000000000000, -1.000000000000000000 ) ) ;
#10555 = ORIENTED_EDGE ( 'NONE', *, *, #3672, .F. ) ;
#10556 = EDGE_LOOP ( 'NONE', ( #9171, #8478, #3331, #3124, #833 ) ) ;
#10557 = DIRECTION ( 'NONE',  ( 1.000000000000000000, 0.0000000000000000000, -0.0000000000000000000 ) ) ;
#10558 = CARTESIAN_POINT ( 'NONE',  ( 0.3999999999999999667, 11.50000000000000000, 11.42999999999999972 ) ) ;
#10559 = DIRECTION ( 'NONE',  ( 0.0000000000000000000, 0.0000000000000000000, -1.000000000000000000 ) ) ;
#10560 = CARTESIAN_POINT ( 'NONE',  ( 5.206020063032084977, 14.91397827721597125, 8.436400549788817926 ) ) ;
#10561 = CARTESIAN_POINT ( 'NONE',  ( 7.008200274894411663, 12.70818809514516801, -9.183359049252661777 ) ) ;
#10562 = DIRECTION ( 'NONE',  ( 0.0000000000000000000, 0.0000000000000000000, 1.000000000000000000 ) ) ;
#10564 = VERTEX_POINT ( 'NONE', #7467 ) ;
#10563 = CARTESIAN_POINT ( 'NONE',  ( 5.432355715851497457, 13.64638873565663424, 0.3048773204057750319 ) ) ;
#10565 = CARTESIAN_POINT ( 'NONE',  ( 6.191799725105607166, 10.76814494388263554, -9.183359049252665329 ) ) ;
#10566 = CARTESIAN_POINT ( 'NONE',  ( 6.295122679594223669, 12.22972206898996461, -6.452355715851492590 ) ) ;
#10567 = CARTESIAN_POINT ( 'NONE',  ( 6.190713557995390026, 16.47647827721599967, -6.056640950747330443 ) ) ;
#10568 = VECTOR ( 'NONE', #1444, 1000.000000000000000 ) ;
#10569 =( NAMED_UNIT ( * ) SI_UNIT ( $, .STERADIAN. ) SOLID_ANGLE_UNIT ( ) );
#10570 = LINE ( 'NONE', #3897, #4010 ) ;
#10571 = DIRECTION ( 'NONE',  ( 0.0000000000000000000, 1.000000000000000000, -1.215927670077199944E-16 ) ) ;
#10572 = VECTOR ( 'NONE', #8397, 1000.000000000000000 ) ;
#10573 = CARTESIAN_POINT ( 'NONE',  ( 7.416400549788805030, 15.52068809514516978, 9.013979936967920992 ) ) ;
#10574 = CARTESIAN_POINT ( 'NONE',  ( 6.962913914258449743, 18.65697564737697789, -9.842917365997998047 ) ) ;
#10575 = EDGE_CURVE ( 'NONE', #1163, #10134, #1853, .T. ) ;
#10576 = CARTESIAN_POINT ( 'NONE',  ( 5.206020063032066325, 11.31235476181183053, 6.803599450211226696 ) ) ;
#10577 = ORIENTED_EDGE ( 'NONE', *, *, #7491, .F. ) ;
#10578 = CARTESIAN_POINT ( 'NONE',  ( 7.416400549788808583, 12.53897827721596769, -6.226020063032078333 ) ) ;
#10579 = DIRECTION ( 'NONE',  ( -8.185976218434330542E-17, 1.000000000000000000, 0.0000000000000000000 ) ) ;
#10580 = UNCERTAINTY_MEASURE_WITH_UNIT (LENGTH_MEASURE( 1.000000000000000082E-05 ), #7815, 'distance_accuracy_value', 'NONE');
#10581 = CARTESIAN_POINT ( 'NONE',  ( 5.783599450211228898, 13.93735476181183230, 1.393979936967939981 ) ) ;
#10582 = NEXT_ASSEMBLY_USAGE_OCCURRENCE ( 'NAUO1', ' ', ' ', #9335, #6536, $ ) ;
#10583 = NEXT_ASSEMBLY_USAGE_OCCURRENCE ( 'NAUO2', ' ', ' ', #9335, #6536, $ ) ;
#10584 = NEXT_ASSEMBLY_USAGE_OCCURRENCE ( 'NAUO3', ' ', ' ', #9335, #6536, $ ) ;
#10585 = NEXT_ASSEMBLY_USAGE_OCCURRENCE ( 'NAUO4', ' ', ' ', #9335, #6536, $ ) ;
ENDSEC;
END-ISO-10303-21;
